date,actual_tickets,fitted_tickets_raw,level_after_observation,trend_after_observation,seasonal_after_observation,prediction_previous_level,prediction_previous_trend,prediction_seasonal_lag7,residual_actual_minus_fitted
2016-01-03 00:00:00+00:00,26.0,24.735329616196527,18.270344068670596,0.000713006120130807,6.582542729824241,18.20737606464806,0.000713006120130807,6.527240545428338,1.2646703838034732
2016-01-04 00:00:00+00:00,24.0,22.344031479278613,18.35257421799599,0.000713006120130807,4.145387483547529,18.270344068670596,0.000713006120130807,4.072974404487889,1.6559685207213874
2016-01-05 00:00:00+00:00,35.0,23.05539213624351,18.941275641514526,0.000713006120130807,5.224425127005504,18.35257421799599,0.000713006120130807,4.702104912127388,11.944607863756492
2016-01-06 00:00:00+00:00,21.0,20.897389627090117,18.947039772917638,0.000713006120130807,1.9598879808403837,18.941275641514526,0.000713006120130807,1.9554009794554628,0.10261037290988284
2016-01-07 00:00:00+00:00,22.0,20.501929439990235,19.021497195579396,0.000713006120130807,1.6196850933541003,18.947039772917638,0.000713006120130807,1.5541766609524694,1.498070560009765
2016-01-08 00:00:00+00:00,2.0,8.86363885320828,18.684338905050453,0.000713006120130807,-10.458708227118425,19.021497195579396,0.000713006120130807,-10.158571348491245,-6.863638853208281
2016-01-09 00:00:00+00:00,2.0,9.087612789590635,18.336155214450272,0.000713006120130807,-9.907370052545447,18.684338905050453,0.000713006120130807,-9.597439121579947,-7.087612789590635
2016-01-10 00:00:00+00:00,28.0,24.919410950394642,18.488514109710763,0.000713006120130807,6.71725237895583,18.336155214450272,0.000713006120130807,6.582542729824241,3.080589049605358
2016-01-11 00:00:00+00:00,27.0,22.634614599378423,18.704118729044417,0.000713006120130807,4.336279396156652,18.488514109710763,0.000713006120130807,4.145387483547529,4.365385400621577
2016-01-12 00:00:00+00:00,28.0,23.92925686217005,18.905219210630424,0.000713006120130807,5.402432764821441,18.704118729044417,0.000713006120130807,5.224425127005504,4.07074313782995
2016-01-13 00:00:00+00:00,14.0,20.86582019759094,18.567953540667514,0.000713006120130807,1.6596557152168572,18.905219210630424,0.000713006120130807,1.9598879808403837,-6.8658201975909385
2016-01-14 00:00:00+00:00,18.0,20.188351640141743,18.460942171716074,0.000713006120130807,1.5239916798954654,18.567953540667514,0.000713006120130807,1.6196850933541003,-2.188351640141743
2016-01-15 00:00:00+00:00,1.0,8.002946950717778,18.11692626403304,0.000713006120130807,-10.764936844901497,18.460942171716074,0.000713006120130807,-10.458708227118425,-7.002946950717778
2016-01-16 00:00:00+00:00,3.0,8.210269217607722,17.86115718330488,0.000713006120130807,-10.135207497554532,18.11692626403304,0.000713006120130807,-9.907370052545447,-5.210269217607722
2016-01-17 00:00:00+00:00,39.0,24.57912256838084,18.571756105750723,0.000713006120130807,7.347856236757607,17.86115718330488,0.000713006120130807,6.71725237895583,14.42087743161916
2016-01-18 00:00:00+00:00,22.0,22.908748508027504,18.527734818108932,0.000713006120130807,4.296541154315884,18.571756105750723,0.000713006120130807,4.336279396156652,-0.9087485080275037
2016-01-19 00:00:00+00:00,30.0,23.930880589050503,18.827207897238594,0.000713006120130807,5.667826471421629,18.527734818108932,0.000713006120130807,5.402432764821441,6.069119410949497
2016-01-20 00:00:00+00:00,22.0,20.48757661857558,18.902371855673238,0.000713006120130807,1.7257917754863024,18.827207897238594,0.000713006120130807,1.6596557152168572,1.5124233814244192
2016-01-21 00:00:00+00:00,16.0,20.427076541688834,18.685156424197043,0.000713006120130807,1.3304021040038079,18.902371855673238,0.000713006120130807,1.5239916798954654,-4.427076541688834
2016-01-22 00:00:00+00:00,6.0,7.920932585415676,18.591309096172193,0.000713006120130807,-10.848936414600653,18.685156424197043,0.000713006120130807,-10.764936844901497,-1.9209325854156756
2016-01-23 00:00:00+00:00,2.0,8.45681460473779,18.2741772434088,0.000713006120130807,-10.417554547390136,18.591309096172193,0.000713006120130807,-10.135207497554532,-6.45681460473779
2016-01-24 00:00:00+00:00,33.0,25.622746486286538,18.638044876935094,0.000713006120130807,7.670452732552599,18.2741772434088,0.000713006120130807,7.347856236757607,7.3772535137134625
2016-01-25 00:00:00+00:00,20.0,22.93529903737111,18.494264078381075,0.000713006120130807,4.16818482471353,18.638044876935094,0.000713006120130807,4.296541154315884,-2.9352990373711094
2016-01-26 00:00:00+00:00,28.0,24.162803555922835,18.68386792881647,0.000713006120130807,5.835621454234033,18.494264078381075,0.000713006120130807,5.667826471421629,3.837196444077165
2016-01-27 00:00:00+00:00,25.0,20.4103727104229,18.910511138525404,0.000713006120130807,1.926489457607485,18.68386792881647,0.000713006120130807,1.7257917754863024,4.589627289577098
2016-01-28 00:00:00+00:00,8.0,20.241626248649343,18.308614621886168,0.000713006120130807,0.7950937099916813,18.910511138525404,0.000713006120130807,1.3304021040038079,-12.241626248649343
2016-01-29 00:00:00+00:00,1.0,7.460391213405645,17.991306706041073,0.000713006120130807,-11.131439864297118,18.308614621886168,0.000713006120130807,-10.848936414600653,-6.460391213405645
2016-01-30 00:00:00+00:00,5.0,7.574465164771066,17.86528841087887,0.000713006120130807,-10.530132140007442,17.991306706041073,0.000713006120130807,-10.417554547390136,-2.574465164771066
2016-01-31 00:00:00+00:00,28.0,25.536454149551595,17.987272574856668,0.000713006120130807,7.778179985941362,17.86528841087887,0.000713006120130807,7.670452732552599,2.463545850448405
2016-02-01 00:00:00+00:00,28.0,22.156170405690325,18.275655478046446,0.000713006120130807,4.4237269374581984,17.987272574856668,0.000713006120130807,4.16818482471353,5.843829594309675
2016-02-02 00:00:00+00:00,19.0,24.11198993840061,18.024724319040217,0.000713006120130807,5.612081618223005,18.275655478046446,0.000713006120130807,5.835621454234033,-5.111989938400608
2016-02-03 00:00:00+00:00,21.0,19.95192678276783,18.07703005380805,0.000713006120130807,1.972320165009255,18.024724319040217,0.000713006120130807,1.926489457607485,1.0480732172321687
2016-02-04 00:00:00+00:00,23.0,18.87283676991986,18.280907885737413,0.000713006120130807,0.9755685158422407,18.07703005380805,0.000713006120130807,0.7950937099916813,4.127163230080139
2016-02-05 00:00:00+00:00,1.0,7.150181027560425,17.97887045832664,0.000713006120130807,-11.400378276716829,18.280907885737413,0.000713006120130807,-11.131439864297118,-6.150181027560425
2016-02-06 00:00:00+00:00,8.0,7.449451324439327,18.006684918771274,0.000713006120130807,-10.506057452432954,17.97887045832664,0.000713006120130807,-10.530132140007442,0.5505486755606732
2016-02-07 00:00:00+00:00,26.0,25.785577910832764,18.01795312321208,0.000713006120130807,7.787556349984946,18.006684918771274,0.000713006120130807,7.778179985941362,0.21442208916723615
2016-02-08 00:00:00+00:00,21.0,22.44239306679041,17.947662507758167,0.000713006120130807,4.3606532003227425,18.01795312321208,0.000713006120130807,4.4237269374581984,-1.4423930667904088
2016-02-09 00:00:00+00:00,21.0,23.560457132101302,17.822333775707143,0.000713006120130807,5.500116576366473,17.947662507758167,0.000713006120130807,5.612081618223005,-2.560457132101302
2016-02-10 00:00:00+00:00,19.0,19.795366946836527,17.783893838703836,0.000713006120130807,1.9375399328478322,17.822333775707143,0.000713006120130807,1.972320165009255,-0.795366946836527
2016-02-11 00:00:00+00:00,17.0,18.760175360666207,17.697959988228348,0.000713006120130807,0.8985986242314833,17.783893838703836,0.000713006120130807,0.9755685158422407,-1.7601753606662065
2016-02-12 00:00:00+00:00,2.0,6.298294717631649,17.487084004792706,0.000713006120130807,-11.588336411980114,17.697959988228348,0.000713006120130807,-11.400378276716829,-4.298294717631649
2016-02-13 00:00:00+00:00,5.0,6.981739558479882,17.390243376672395,0.000713006120130807,-10.592716022042298,17.487084004792706,0.000713006120130807,-10.506057452432954,-1.981739558479882
2016-02-14 00:00:00+00:00,22.0,25.17851273277747,17.234490076594447,0.000713006120130807,7.648564641549318,17.390243376672395,0.000713006120130807,7.787556349984946,-3.1785127327774703
2016-02-15 00:00:00+00:00,10.0,21.59585628303732,16.66438240262084,0.000713006120130807,3.8535833814943,17.234490076594447,0.000713006120130807,4.3606532003227425,-11.595856283037321
2016-02-16 00:00:00+00:00,27.0,22.165211985107444,16.903093958861593,0.000713006120130807,5.711534778088387,16.66438240262084,0.000713006120130807,5.500116576366473,4.834788014892556
2016-02-17 00:00:00+00:00,19.0,18.841346897829556,16.911616864437995,0.000713006120130807,1.944477600736302,16.903093958861593,0.000713006120130807,1.9375399328478322,0.15865310217044382
2016-02-18 00:00:00+00:00,10.0,17.810928494789607,16.527827044140597,0.000713006120130807,0.5570381564177633,16.911616864437995,0.000713006120130807,0.8985986242314833,-7.810928494789607
2016-02-19 00:00:00+00:00,0.0,4.940203638280613,16.285352282857126,0.000713006120130807,-11.804364284583448,16.527827044140597,0.000713006120130807,-11.588336411980114,-4.940203638280613
2016-02-20 00:00:00+00:00,1.0,5.693349266934957,16.055029239971695,0.000713006120130807,-10.797949314383514,16.285352282857126,0.000713006120130807,-10.592716022042298,-4.693349266934957
2016-02-21 00:00:00+00:00,17.0,23.704306887641142,15.725714266807657,0.000713006120130807,7.355395116513084,16.055029239971695,0.000713006120130807,7.648564641549318,-6.704306887641142
2016-02-22 00:00:00+00:00,15.0,19.58001065442209,15.500970460357758,0.000713006120130807,3.653306220749614,15.725714266807657,0.000713006120130807,3.8535833814943,-4.5800106544220895
2016-02-23 00:00:00+00:00,14.0,21.213218244566278,15.146603682499283,0.000713006120130807,5.396111304464221,15.500970460357758,0.000713006120130807,5.711534778088387,-7.213218244566278
2016-02-24 00:00:00+00:00,17.0,17.091794289355715,15.142797998718489,0.000713006120130807,1.9404635708503697,15.146603682499283,0.000713006120130807,1.944477600736302,-0.09179428935571465
2016-02-25 00:00:00+00:00,16.0,15.700549161256383,15.158251850814462,0.000713006120130807,0.5701327031975358,15.142797998718489,0.000713006120130807,0.5570381564177633,0.299450838743617
2016-02-26 00:00:00+00:00,1.0,3.3546005723511456,15.043056668073657,0.000713006120130807,-11.907327520457798,15.158251850814462,0.000713006120130807,-11.804364284583448,-2.3546005723511456
2016-02-27 00:00:00+00:00,1.0,4.245820359810274,14.883990064993277,0.000713006120130807,-10.939884286810369,15.043056668073657,0.000713006120130807,-10.797949314383514,-3.245820359810274
2016-02-28 00:00:00+00:00,21.0,22.240098187626494,14.823657670621557,0.000713006120130807,7.3011674382821035,14.883990064993277,0.000713006120130807,7.355395116513084,-1.2400981876264936
2016-02-29 00:00:00+00:00,25.0,18.477676897491303,15.145440274216028,0.000713006120130807,3.938517861287761,14.823657670621557,0.000713006120130807,3.653306220749614,6.522323102508697
2016-03-01 00:00:00+00:00,24.0,20.54226458480038,15.316364675951306,0.000713006120130807,5.547313012017871,15.145440274216028,0.000713006120130807,5.396111304464221,3.4577354151996182
2016-03-02 00:00:00+00:00,24.0,17.257541252921808,15.648983734851786,0.000713006120130807,2.2353014208451505,15.316364675951306,0.000713006120130807,1.9404635708503697,6.742458747078192
2016-03-03 00:00:00+00:00,18.0,16.219829444169452,15.73732788631894,0.000713006120130807,0.6479769554197,15.648983734851786,0.000713006120130807,0.5701327031975358,1.7801705558305478
2016-03-04 00:00:00+00:00,0.0,3.8307133719812736,15.549469185540877,0.000713006120130807,-12.074839008018719,15.73732788631894,0.000713006120130807,-11.907327520457798,-3.8307133719812736
2016-03-05 00:00:00+00:00,1.0,4.61029790485064,15.372460714688026,0.000713006120130807,-11.09775732868372,15.549469185540877,0.000713006120130807,-10.939884286810369,-3.61029790485064
2016-03-06 00:00:00+00:00,23.0,22.67434115909026,15.389204688811665,0.000713006120130807,7.315408022627871,15.372460714688026,0.000713006120130807,7.3011674382821035,0.32565884090973896
2016-03-07 00:00:00+00:00,28.0,19.328435556219556,15.816786413589188,0.000713006120130807,4.317712679172757,15.389204688811665,0.000713006120130807,3.938517861287761,8.671564443780444
2016-03-08 00:00:00+00:00,21.0,21.36481243172719,15.799541066716468,0.000713006120130807,5.5313602984668355,15.816786413589188,0.000713006120130807,5.547313012017871,-0.36481243172719147
2016-03-09 00:00:00+00:00,9.0,18.03555549368175,15.35546743474478,0.000713006120130807,1.8401898072338554,15.799541066716468,0.000713006120130807,2.2353014208451505,-9.035555493681748
2016-03-10 00:00:00+00:00,13.0,16.00415739628461,15.208296996451729,0.000713006120130807,0.5166095505912607,15.35546743474478,0.000713006120130807,0.6479769554197,-3.0041573962846115
2016-03-11 00:00:00+00:00,3.0,3.1341709945531413,15.202405265802941,0.000713006120130807,-12.08070610918309,15.208296996451729,0.000713006120130807,-12.074839008018719,-0.1341709945531413
2016-03-12 00:00:00+00:00,1.0,4.1053609432393525,15.050252955012462,0.000713006120130807,-11.233550216457665,15.202405265802941,0.000713006120130807,-11.09775732868372,-3.1053609432393525
2016-03-13 00:00:00+00:00,26.0,22.366373983760464,15.229835793870194,0.000713006120130807,7.4743011686597125,15.050252955012462,0.000713006120130807,7.315408022627871,3.6336260162395355
2016-03-14 00:00:00+00:00,19.0,19.54826147916308,15.203559935798996,0.000713006120130807,4.293738007348262,15.229835793870194,0.000713006120130807,4.317712679172757,-0.5482614791630809
2016-03-15 00:00:00+00:00,24.0,20.735633240385962,15.364965521088466,0.000713006120130807,5.674106277805027,15.203559935798996,0.000713006120130807,5.5313602984668355,3.264366759614038
2016-03-16 00:00:00+00:00,22.0,17.205868334442453,15.601675717152698,0.000713006120130807,2.049830166320578,15.364965521088466,0.000713006120130807,1.8401898072338554,4.794131665557547
2016-03-17 00:00:00+00:00,23.0,16.11899827386409,15.941114729284543,0.000713006120130807,0.8175056822321767,15.601675717152698,0.000713006120130807,0.5166095505912607,6.88100172613591
2016-03-18 00:00:00+00:00,0.0,3.8611216262215837,15.751759143762287,0.000713006120130807,-12.249547305184006,15.941114729284543,0.000713006120130807,-12.08070610918309,-3.8611216262215837
2016-03-19 00:00:00+00:00,4.0,4.518921933424753,15.726927561908663,0.000713006120130807,-11.256241912900359,15.751759143762287,0.000713006120130807,-11.233550216457665,-0.5189219334247532
2016-03-20 00:00:00+00:00,14.0,23.201941736688507,15.274663356850077,0.000713006120130807,7.071913728232558,15.726927561908663,0.000713006120130807,7.4743011686597125,-9.201941736688507
2016-03-21 00:00:00+00:00,10.0,19.56911437031847,14.80432461487721,0.000713006120130807,3.8752946451962176,15.274663356850077,0.000713006120130807,4.293738007348262,-9.56911437031847
2016-03-22 00:00:00+00:00,20.0,20.47914389880237,14.781451157048386,0.000713006120130807,5.653154016581,14.80432461487721,0.000713006120130807,5.674106277805027,-0.47914389880236996
2016-03-23 00:00:00+00:00,16.0,16.831994329489095,14.741208190845212,0.000713006120130807,2.013448272338547,14.781451157048386,0.000713006120130807,2.049830166320578,-0.8319943294890955
2016-03-24 00:00:00+00:00,13.0,15.55942687919752,14.615930174295388,0.000713006120130807,0.7055856918268284,14.741208190845212,0.000713006120130807,0.8175056822321767,-2.5594268791975203
2016-03-25 00:00:00+00:00,0.0,2.367095875231513,14.500119894479036,0.000713006120130807,-12.353056942360089,14.615930174295388,0.000713006120130807,-12.249547305184006,-2.367095875231513
2016-03-26 00:00:00+00:00,1.0,3.2445909876988086,14.390340072570181,0.000713006120130807,-11.354394590692797,14.500119894479036,0.000713006120130807,-11.256241912900359,-2.2445909876988086
2016-03-27 00:00:00+00:00,5.0,21.46296680692287,13.580642732122374,0.000713006120130807,6.352012291684357,14.390340072570181,0.000713006120130807,7.071913728232558,-16.46296680692287
2016-03-28 00:00:00+00:00,15.0,17.456650383438724,13.460424018462714,0.000713006120130807,3.7678689204847684,13.580642732122374,0.000713006120130807,3.8752946451962176,-2.456650383438724
2016-03-29 00:00:00+00:00,8.0,19.114291041163845,12.914022002110777,0.000713006120130807,5.167142340764217,13.460424018462714,0.000713006120130807,5.653154016581,-11.114291041163845
2016-03-30 00:00:00+00:00,11.0,14.928183280569455,12.721365221902358,0.000713006120130807,1.8416745683718108,12.914022002110777,0.000713006120130807,2.013448272338547,-3.9281832805694545
2016-03-31 00:00:00+00:00,14.0,13.427663919849318,12.75025219487233,0.000713006120130807,0.7306131107070987,12.721365221902358,0.000713006120130807,0.7055856918268284,0.5723360801506825
2016-04-01 00:00:00+00:00,0.0,0.39790825863237167,12.7313776640945,0.000713006120130807,-12.370456887969127,12.75025219487233,0.000713006120130807,-12.353056942360089,-0.39790825863237167
2016-04-02 00:00:00+00:00,0.0,1.3776960795218347,12.664271839601362,0.000713006120130807,-11.414639223291918,12.7313776640945,0.000713006120130807,-11.354394590692797,-1.3776960795218347
2016-04-03 00:00:00+00:00,33.0,19.016997137405852,13.353315833011719,0.000713006120130807,6.963468535634634,12.664271839601362,0.000713006120130807,6.352012291684357,13.983002862594148
2016-04-04 00:00:00+00:00,27.0,17.12189775961662,13.840290905620153,0.000713006120130807,4.199823869833973,13.353315833011719,0.000713006120130807,3.7678689204847684,9.878102240383381
2016-04-05 00:00:00+00:00,15.0,19.008146252504503,13.643697847062972,0.000713006120130807,4.991871973101208,13.840290905620153,0.000713006120130807,5.167142340764217,-4.008146252504503
2016-04-06 00:00:00+00:00,6.0,15.486085421554915,13.177446310022958,0.000713006120130807,1.4268619405941347,13.643697847062972,0.000713006120130807,1.8416745683718108,-9.486085421554915
2016-04-07 00:00:00+00:00,26.0,13.908772426850188,13.773365274030802,0.000713006120130807,1.2593447908245263,13.177446310022958,0.000713006120130807,0.7306131107070987,12.091227573149812
2016-04-08 00:00:00+00:00,0.0,1.4036213921818064,13.704983243258196,0.000713006120130807,-12.431835196535998,13.773365274030802,0.000713006120130807,-12.370456887969127,-1.4036213921818064
2016-04-09 00:00:00+00:00,1.0,2.29105702608641,13.642142335662747,0.000713006120130807,-11.471095256924594,13.704983243258196,0.000713006120130807,-11.414639223291918,-1.2910570260864098
2016-04-10 00:00:00+00:00,11.0,20.606323877417513,13.169971908678459,0.000713006120130807,6.5433980562121725,13.642142335662747,0.000713006120130807,6.963468535634634,-9.606323877417513
2016-04-11 00:00:00+00:00,15.0,17.370508784632563,13.053993624083688,0.000713006120130807,4.096164991126309,13.169971908678459,0.000713006120130807,4.199823869833973,-2.3705087846325625
2016-04-12 00:00:00+00:00,14.0,18.04657860330503,12.85550868448848,0.000713006120130807,4.8149210150029695,13.053993624083688,0.000713006120130807,4.991871973101208,-4.046578603305029
2016-04-13 00:00:00+00:00,10.0,14.283083631202746,12.645381486005705,0.000713006120130807,1.239568963871231,12.85550868448848,0.000713006120130807,1.4268619405941347,-4.2830836312027465
2016-04-14 00:00:00+00:00,7.0,13.905439282950363,12.306165516496343,0.000713006120130807,0.9573800406008981,12.645381486005705,0.000713006120130807,1.2593447908245263,-6.905439282950363
2016-04-15 00:00:00+00:00,4.0,-0.12495667391952381,12.50993472791011,0.000713006120130807,-12.251456880155926,12.306165516496343,0.000713006120130807,-12.431835196535998,4.124956673919524
2016-04-16 00:00:00+00:00,0.0,1.039552477105648,12.459474449583572,0.000713006120130807,-11.516553364835065,12.50993472791011,0.000713006120130807,-11.471095256924594,-1.039552477105648
2016-04-17 00:00:00+00:00,9.0,19.003585511915876,11.967748316591509,0.000713006120130807,6.105955907107392,12.459474449583572,0.000713006120130807,6.5433980562121725,-10.003585511915876
2016-04-18 00:00:00+00:00,7.0,16.064626313837948,11.522243636758635,0.000713006120130807,3.6997821531095028,11.967748316591509,0.000713006120130807,4.096164991126309,-9.064626313837948
2016-04-19 00:00:00+00:00,8.0,16.337877657881734,11.112514077962485,0.000713006120130807,4.4503178317451315,11.522243636758635,0.000713006120130807,4.8149210150029695,-8.337877657881734
2016-04-20 00:00:00+00:00,4.0,12.352796047953849,10.702050142561538,0.000713006120130807,0.8743134212561844,11.112514077962485,0.000713006120130807,1.239568963871231,-8.352796047953849
2016-04-21 00:00:00+00:00,7.0,11.660143189282566,10.473361710813581,0.000713006120130807,0.7535988014214517,10.702050142561538,0.000713006120130807,0.9573800406008981,-4.660143189282566
2016-04-22 00:00:00+00:00,0.0,-1.7773821632222138,10.561568600130688,0.000713006120130807,-12.173734560260295,10.473361710813581,0.000713006120130807,-12.251456880155926,1.7773821632222138
2016-04-23 00:00:00+00:00,0.0,-0.9542717585842464,10.609256839552575,0.000713006120130807,-11.474824457893865,10.561568600130688,0.000713006120130807,-11.516553364835065,0.9542717585842464
2016-04-24 00:00:00+00:00,7.0,16.715925752780098,10.131691121741378,0.000713006120130807,5.68109269813337,10.609256839552575,0.000713006120130807,6.105955907107392,-9.715925752780098
2016-04-25 00:00:00+00:00,6.0,13.832186280971012,9.746854860054125,0.000713006120130807,3.3572921134276434,10.131691121741378,0.000713006120130807,3.6997821531095028,-7.832186280971012
2016-04-26 00:00:00+00:00,13.0,14.197885697919387,9.688600428835354,0.000713006120130807,4.397936043889612,9.746854860054125,0.000713006120130807,4.4503178317451315,-1.1978856979193875
2016-04-27 00:00:00+00:00,6.0,10.56362685621167,9.464663135557808,0.000713006120130807,0.6747527000212246,9.688600428835354,0.000713006120130807,0.8743134212561844,-4.56362685621167
2016-04-28 00:00:00+00:00,25.0,10.218974943099392,10.192990780003944,0.000713006120130807,1.3999513876177074,9.464663135557808,0.000713006120130807,0.7535988014214517,14.781025056900608
2016-04-29 00:00:00+00:00,0.0,-1.9800307741362193,10.29117330329568,0.000713006120130807,-12.087150713288624,10.192990780003944,0.000713006120130807,-12.173734560260295,1.9800307741362193
2016-04-30 00:00:00+00:00,4.0,-1.182938148478053,10.547022989845855,0.000713006120130807,-11.248182160524912,10.29117330329568,0.000713006120130807,-11.474824457893865,5.182938148478053
2016-05-01 00:00:00+00:00,5.0,16.228828694099356,9.994982712778267,0.000713006120130807,5.190072458437781,10.547022989845855,0.000713006120130807,5.68109269813337,-11.228828694099356
2016-05-02 00:00:00+00:00,6.0,13.352987832326042,9.633735600324911,0.000713006120130807,3.0357567203545663,9.994982712778267,0.000713006120130807,3.3572921134276434,-7.352987832326042
2016-05-03 00:00:00+00:00,3.0,14.032384650334654,9.091365529572846,0.000713006120130807,3.9155060146321605,9.633735600324911,0.000713006120130807,4.397936043889612,-11.032384650334654
2016-05-04 00:00:00+00:00,6.0,9.766831235714202,8.906651507685218,0.000713006120130807,0.5100346847552903,9.091365529572846,0.000713006120130807,0.6747527000212246,-3.7668312357142018
2016-05-05 00:00:00+00:00,2.0,10.307315901423056,8.498426389973952,0.000713006120130807,1.0366846252271447,8.906651507685218,0.000713006120130807,1.3999513876177074,-8.307315901423056
2016-05-06 00:00:00+00:00,0.0,-3.5880113171945407,8.675763787624447,0.000713006120130807,-11.930252231265726,8.498426389973952,0.000713006120130807,-12.087150713288624,3.5880113171945407
2016-05-07 00:00:00+00:00,2.0,-2.571705366780334,8.901524768034424,0.000713006120130807,-11.04826817784979,8.675763787624447,0.000713006120130807,-11.248182160524912,4.571705366780334
2016-05-08 00:00:00+00:00,13.0,14.092310232592336,8.848467422520084,0.000713006120130807,5.142307331117665,8.901524768034424,0.000713006120130807,5.190072458437781,-1.092310232592336
2016-05-09 00:00:00+00:00,12.0,11.884937148994782,8.85484454289458,0.000713006120130807,3.040788250376066,8.848467422520084,0.000713006120130807,3.0357567203545663,0.11506285100521829
2016-05-10 00:00:00+00:00,10.0,12.771063563646873,8.719148443091441,0.000713006120130807,3.7943314618536856,8.85484454289458,0.000713006120130807,3.9155060146321605,-2.771063563646873
2016-05-11 00:00:00+00:00,16.0,9.229896133966863,9.053128367909707,0.000713006120130807,0.8060814153292896,8.719148443091441,0.000713006120130807,0.5100346847552903,6.770103866033137
2016-05-12 00:00:00+00:00,6.0,10.090525999256982,8.852480062209114,0.000713006120130807,0.8578119118432754,9.053128367909707,0.000713006120130807,1.0366846252271447,-4.0905259992569825
2016-05-13 00:00:00+00:00,1.0,-3.0770591629364805,9.053891458113032,0.000713006120130807,-11.751968402918594,8.852480062209114,0.000713006120130807,-11.930252231265726,4.0770591629364805
2016-05-14 00:00:00+00:00,1.0,-1.9936637136166269,9.201971343855353,0.000713006120130807,-10.917359646401586,9.053891458113032,0.000713006120130807,-11.04826817784979,2.993663713616627
2016-05-15 00:00:00+00:00,5.0,14.344991681093148,8.742665324500408,0.000713006120130807,4.7336645260479875,9.201971343855353,0.000713006120130807,5.142307331117665,-9.344991681093148
2016-05-16 00:00:00+00:00,16.0,11.784166580996605,8.950908058538749,0.000713006120130807,3.225140473774355,8.742665324500408,0.000713006120130807,3.040788250376066,4.2158334190033955
2016-05-17 00:00:00+00:00,7.0,12.745952526512566,8.668769289946207,0.000713006120130807,3.543069369990954,8.950908058538749,0.000713006120130807,3.7943314618536856,-5.745952526512566
2016-05-18 00:00:00+00:00,13.0,9.475563711395628,8.842977126469775,0.000713006120130807,0.9601998544263032,8.668769289946207,0.000713006120130807,0.8060814153292896,3.524436288604372
2016-05-19 00:00:00+00:00,8.0,9.70150204443318,8.759931544135771,0.000713006120130807,0.7834077184531717,8.842977126469775,0.000713006120130807,0.8578119118432754,-1.7015020444331803
2016-05-20 00:00:00+00:00,0.0,-2.991323852662692,8.907896247265576,0.000713006120130807,-11.621162190164329,8.759931544135771,0.000713006120130807,-11.751968402918594,2.991323852662692
2016-05-21 00:00:00+00:00,0.0,-2.0087503930158785,9.007492530091818,0.000713006120130807,-10.829519932542064,8.907896247265576,0.000713006120130807,-10.917359646401586,2.0087503930158785
2016-05-22 00:00:00+00:00,48.0,13.741870062259938,10.694605276988849,0.000713006120130807,6.231722394041936,9.007492530091818,0.000713006120130807,4.7336645260479875,34.258129937740065
2016-05-23 00:00:00+00:00,10.0,13.920458756883335,10.502328746220947,0.000713006120130807,3.0537045519196466,10.694605276988849,0.000713006120130807,3.225140473774355,-3.9204587568833347
2016-05-24 00:00:00+00:00,9.0,14.046111122332032,10.254640555191742,0.000713006120130807,3.322410318159476,10.502328746220947,0.000713006120130807,3.543069369990954,-5.046111122332032
2016-05-25 00:00:00+00:00,7.0,11.215553415738176,10.047837616908254,0.000713006120130807,0.7758598751608753,10.254640555191742,0.000713006120130807,0.9601998544263032,-4.215553415738176
2016-05-26 00:00:00+00:00,8.0,10.831958341481556,9.90914389470886,0.000713006120130807,0.6595703261904403,10.047837616908254,0.000713006120130807,0.7834077184531717,-2.831958341481556
2016-05-27 00:00:00+00:00,0.0,-1.7113052893353373,9.994098066402538,0.000713006120130807,-11.546329315226686,9.90914389470886,0.000713006120130807,-11.621162190164329,1.7113052893353373
2016-05-28 00:00:00+00:00,1.0,-0.8347088600193953,10.08512693481757,0.000713006120130807,-10.749290800122248,9.994098066402538,0.000713006120130807,-10.829519932542064,1.8347088600193953
2016-05-29 00:00:00+00:00,5.0,16.317562334979637,9.528718632138231,0.000713006120130807,5.736821962137432,10.08512693481757,0.000713006120130807,6.231722394041936,-11.317562334979637
2016-05-30 00:00:00+00:00,8.0,12.58313619017801,9.30382096724077,0.000713006120130807,2.8532907160721637,9.528718632138231,0.000713006120130807,3.0537045519196466,-4.58313619017801
2016-05-31 00:00:00+00:00,2.0,12.626944291520378,8.781409210537005,0.000713006120130807,2.8577096022249604,9.30382096724077,0.000713006120130807,3.322410318159476,-10.626944291520378
2016-06-01 00:00:00+00:00,9.0,9.557982091818012,8.754654843023193,0.000713006120130807,0.7514601351760362,8.781409210537005,0.000713006120130807,0.7758598751608753,-0.5579820918180118
2016-06-02 00:00:00+00:00,5.0,9.414938175333765,8.538036937971,0.000713006120130807,0.46651154328882194,8.754654843023193,0.000713006120130807,0.6595703261904403,-4.414938175333765
2016-06-03 00:00:00+00:00,0.0,-3.007579371135554,8.686801839540962,0.000713006120130807,-11.414812272447813,8.538036937971,0.000713006120130807,-11.546329315226686,3.007579371135554
2016-06-04 00:00:00+00:00,1.0,-2.0617759544611545,8.838234636417448,0.000713006120130807,-10.615403820098791,8.686801839540962,0.000713006120130807,-10.749290800122248,3.0617759544611545
2016-06-05 00:00:00+00:00,25.0,14.575769604675012,9.352093557636366,0.000713006120130807,6.192658296166131,8.838234636417448,0.000713006120130807,5.736821962137432,10.424230395324988
2016-06-06 00:00:00+00:00,12.0,12.206097279828661,9.342661164696201,0.000713006120130807,2.844278383753366,9.352093557636366,0.000713006120130807,2.8532907160721637,-0.20609727982866133
2016-06-07 00:00:00+00:00,6.0,12.201083773041294,9.03811798530948,0.000713006120130807,2.5865452872674077,9.342661164696201,0.000713006120130807,2.8577096022249604,-6.201083773041294
2016-06-08 00:00:00+00:00,9.0,9.790291126605647,8.999927911971739,0.000713006120130807,0.7169018612022673,9.03811798530948,0.000713006120130807,0.7514601351760362,-0.7902911266056467
2016-06-09 00:00:00+00:00,7.0,9.467152461380692,8.879192220253112,0.000713006120130807,0.35862657808409854,8.999927911971739,0.000713006120130807,0.46651154328882194,-2.4671524613806923
2016-06-10 00:00:00+00:00,1.0,-2.5349070460745704,9.053915493045839,0.000713006120130807,-11.260235962455903,8.879192220253112,0.000713006120130807,-11.414812272447813,3.5349070460745704
2016-06-11 00:00:00+00:00,2.0,-1.5607753209328212,9.22991216436016,0.000713006120130807,-10.459696328318696,9.053915493045839,0.000713006120130807,-10.615403820098791,3.5607753209328212
2016-06-12 00:00:00+00:00,4.0,15.423283466646422,8.668299605366728,0.000713006120130807,5.693134833950443,9.22991216436016,0.000713006120130807,6.192658296166131,-11.423283466646422
2016-06-13 00:00:00+00:00,9.0,11.513290995240226,8.545292686010109,0.000713006120130807,2.7343758480101577,8.668299605366728,0.000713006120130807,2.844278383753366,-2.513290995240226
2016-06-14 00:00:00+00:00,5.0,11.132550979397648,8.244123120000575,0.000713006120130807,2.3183778110433195,8.545292686010109,0.000713006120130807,2.5865452872674077,-6.132550979397648
2016-06-15 00:00:00+00:00,4.0,8.961737987322973,8.000588303170908,0.000713006120130807,0.4999323230417738,8.244123120000575,0.000713006120130807,0.7169018612022673,-4.961737987322973
2016-06-16 00:00:00+00:00,4.0,8.359927887375138,7.786678349064143,0.000713006120130807,0.16797331453939784,8.000588303170908,0.000713006120130807,0.35862657808409854,-4.359927887375138
2016-06-17 00:00:00+00:00,0.0,-3.4728446072716297,7.9583465198737935,0.000713006120130807,-11.108373552052925,7.786678349064143,0.000713006120130807,-11.260235962455903,3.4728446072716297
2016-06-18 00:00:00+00:00,0.0,-2.500636802324772,8.08215653283235,0.000713006120130807,-10.350347141905837,7.9583465198737935,0.000713006120130807,-10.459696328318696,2.500636802324772
2016-06-19 00:00:00+00:00,7.0,13.776004372902925,7.749312160346764,0.000713006120130807,5.396830082849418,8.08215653283235,0.000713006120130807,5.693134833950443,-6.776004372902925
2016-06-20 00:00:00+00:00,9.0,10.484401014477053,7.676953650579352,0.000713006120130807,2.6694651648223457,7.749312160346764,0.000713006120130807,2.7343758480101577,-1.4844010144770525
2016-06-21 00:00:00+00:00,11.0,9.996044467742802,7.7270876365494345,0.000713006120130807,2.3622793166697873,7.676953650579352,0.000713006120130807,2.3183778110433195,1.0039555322571978
2016-06-22 00:00:00+00:00,7.0,8.227732965711338,7.667363935853354,0.000713006120130807,0.44624535786235625,7.7270876365494345,0.000713006120130807,0.4999323230417738,-1.227732965711338
2016-06-23 00:00:00+00:00,7.0,7.836050256512882,7.626921311516652,0.000713006120130807,0.1314140608065275,7.667363935853354,0.000713006120130807,0.16797331453939784,-0.8360502565128822
2016-06-24 00:00:00+00:00,0.0,-3.4807392344161423,7.798978105324529,0.000713006120130807,-10.956165921162718,7.626921311516652,0.000713006120130807,-11.108373552052925,3.4807392344161423
2016-06-25 00:00:00+00:00,0.0,-2.5506560304611785,7.925250378001183,0.000713006120130807,-10.238810687875135,7.798978105324529,0.000713006120130807,-10.350347141905837,2.5506560304611785
2016-06-26 00:00:00+00:00,12.0,13.322793466970731,7.860847203995459,0.000713006120130807,5.338986261119281,7.925250378001183,0.000713006120130807,5.396830082849418,-1.3227934669707313
2016-06-27 00:00:00+00:00,9.0,10.531025374937936,7.786193551161627,0.000713006120130807,2.6025156666100253,7.860847203995459,0.000713006120130807,2.6694651648223457,-1.5310253749379363
2016-06-28 00:00:00+00:00,6.0,10.149185873951545,7.582657638996271,0.000713006120130807,2.180841492844063,7.786193551161627,0.000713006120130807,2.3622793166697873,-4.149185873951545
2016-06-29 00:00:00+00:00,4.0,8.029616002978758,7.385007704839046,0.000713006120130807,0.27003614944299925,7.582657638996271,0.000713006120130807,0.44624535786235625,-4.0296160029787575
2016-06-30 00:00:00+00:00,7.0,7.517134771765703,7.360264098276659,0.000713006120130807,0.10880051432676391,7.385007704839046,0.000713006120130807,0.1314140608065275,-0.5171347717657033
2016-07-01 00:00:00+00:00,0.0,-3.595188816765929,7.537954817414303,0.000713006120130807,-10.798953577591481,7.360264098276659,0.000713006120130807,-10.956165921162718,3.595188816765929
2016-07-02 00:00:00+00:00,0.0,-2.7001428643407017,7.671585768406504,0.000713006120130807,-10.120737393448834,7.537954817414303,0.000713006120130807,-10.238810687875135,2.7001428643407017
2016-07-03 00:00:00+00:00,6.0,13.011285035645916,7.327159407955413,0.000713006120130807,5.0323930310893275,7.671585768406504,0.000713006120130807,5.338986261119281,-7.0112850356459155
2016-07-04 00:00:00+00:00,2.0,9.930388080685569,6.937489038572164,0.000713006120130807,2.2557314059948896,7.327159407955413,0.000713006120130807,2.6025156666100253,-7.930388080685569
2016-07-05 00:00:00+00:00,4.0,9.119043537536358,6.686210657234312,0.000713006120130807,1.9569932132693548,6.937489038572164,0.000713006120130807,2.180841492844063,-5.119043537536358
2016-07-06 00:00:00+00:00,0.0,6.956959812797442,6.3444585245328335,0.000713006120130807,-0.03418151812436321,6.686210657234312,0.000713006120130807,0.27003614944299925,-6.956959812797442
2016-07-07 00:00:00+00:00,0.0,6.453972044979728,6.0274666003658925,0.000713006120130807,-0.1734222345321506,6.3444585245328335,0.000713006120130807,0.10880051432676391,-6.453972044979728
2016-07-08 00:00:00+00:00,0.0,-4.770773971105458,6.263026984401835,0.000713006120130807,-10.590334616287294,6.0274666003658925,0.000713006120130807,-10.798953577591481,4.770773971105458
2016-07-09 00:00:00+00:00,0.0,-3.8569974029268694,6.453605562060577,0.000713006120130807,-9.9520765436947,6.263026984401835,0.000713006120130807,-10.120737393448834,3.8569974029268694
2016-07-10 00:00:00+00:00,9.0,11.486711599270034,6.331907047060985,0.000713006120130807,4.923652773419441,6.453605562060577,0.000713006120130807,5.0323930310893275,-2.486711599270034
2016-07-11 00:00:00+00:00,9.0,8.588351459176005,6.352883972834593,0.000713006120130807,2.2737321940282804,6.331907047060985,0.000713006120130807,2.2557314059948896,0.41164854082399494
2016-07-12 00:00:00+00:00,8.0,8.310590192224078,6.33830778422616,0.000713006120130807,1.9434115588699867,6.352883972834593,0.000713006120130807,1.9569932132693548,-0.3105901922240779
2016-07-13 00:00:00+00:00,5.0,6.304839272221927,6.27478842814702,0.000713006120130807,-0.09124022920322322,6.33830778422616,0.000713006120130807,-0.03418151812436321,-1.304839272221927
2016-07-14 00:00:00+00:00,5.0,6.102079199735,6.221250192879299,0.000713006120130807,-0.22161454448356774,6.27478842814702,0.000713006120130807,-0.1734222345321506,-1.102079199735
2016-07-15 00:00:00+00:00,0.0,-4.3683714172878645,6.437001802657006,0.000713006120130807,-10.399312129540908,6.221250192879299,0.000713006120130807,-10.590334616287294,4.3683714172878645
2016-07-16 00:00:00+00:00,0.0,-3.5143617349175633,6.610713706543364,0.000713006120130807,-9.798398650081182,6.437001802657006,0.000713006120130807,-9.9520765436947,3.5143617349175633
2016-07-17 00:00:00+00:00,12.0,11.535079486082935,6.634313012516303,0.000713006120130807,4.943983066845586,6.610713706543364,0.000713006120130807,4.923652773419441,0.4649205139170647
2016-07-18 00:00:00+00:00,13.0,8.908758212664715,6.836422566029907,0.000713006120130807,2.4526362077768944,6.634313012516303,0.000713006120130807,2.2737321940282804,4.091241787335285
2016-07-19 00:00:00+00:00,3.0,8.780547131020024,6.552580834310665,0.000713006120130807,1.6906366955989285,6.836422566029907,0.000713006120130807,1.9434115588699867,-5.780547131020024
2016-07-20 00:00:00+00:00,7.0,6.462053611227572,6.579774931261684,0.000713006120130807,-0.06771662118013362,6.552580834310665,0.000713006120130807,-0.09124022920322322,0.5379463887724283
2016-07-21 00:00:00+00:00,10.0,6.358873392898247,6.759726996183672,0.000713006120130807,-0.06239340859424777,6.579774931261684,0.000713006120130807,-0.22161454448356774,3.6411266071017527
2016-07-22 00:00:00+00:00,0.0,-3.6388721272371054,6.939568081485166,0.000713006120130807,-10.240189578755492,6.759726996183672,0.000713006120130807,-10.399312129540908,3.6388721272371054
2016-07-23 00:00:00+00:00,0.0,-2.8581175624758863,7.080975536637653,0.000713006120130807,-9.673417353381684,6.939568081485166,0.000713006120130807,-9.798398650081182,2.8581175624758863
2016-07-24 00:00:00+00:00,4.0,12.02567160960337,6.686614715126418,0.000713006120130807,4.593032197006743,7.080975536637653,0.000713006120130807,4.943983066845586,-8.02567160960337
2016-07-25 00:00:00+00:00,7.0,9.139963929023443,6.581985292405988,0.000713006120130807,2.3590587180854565,6.686614715126418,0.000713006120130807,2.4526362077768944,-2.139963929023443
2016-07-26 00:00:00+00:00,4.0,8.273334994125047,6.372337982903452,0.000713006120130807,1.503770012503348,6.581985292405988,0.000713006120130807,1.6906366955989285,-4.273334994125047
2016-07-27 00:00:00+00:00,8.0,6.305334367843448,6.456473046443709,0.000713006120130807,0.006388625909676829,6.372337982903452,0.000713006120130807,-0.06771662118013362,1.6946656321565516
2016-07-28 00:00:00+00:00,28.0,6.394792643969592,7.520729688800172,0.000713006120130807,0.8823706788840543,6.456473046443709,0.000713006120130807,-0.06239340859424777,21.60520735603041
2016-07-29 00:00:00+00:00,1.0,-2.7187468838351903,7.704502709938981,0.000713006120130807,-10.077574221801342,7.520729688800172,0.000713006120130807,-10.240189578755492,3.7187468838351903
2016-07-30 00:00:00+00:00,0.0,-1.9682016373225721,7.802102929021688,0.000713006120130807,-9.58735077724492,7.704502709938981,0.000713006120130807,-9.673417353381684,1.9682016373225721
2016-07-31 00:00:00+00:00,10.0,12.395848132148561,7.68487728302219,0.000713006120130807,4.488265265729218,7.802102929021688,0.000713006120130807,4.593032197006743,-2.3958481321485614
2016-08-01 00:00:00+00:00,6.0,10.044649007227777,7.486487330232461,0.000713006120130807,2.1821921383987317,7.68487728302219,0.000713006120130807,2.3590587180854565,-4.044649007227777
2016-08-02 00:00:00+00:00,4.0,8.990970348855939,7.241513513463185,0.000713006120130807,1.2855221859694352,7.486487330232461,0.000713006120130807,1.503770012503348,-4.990970348855939
2016-08-03 00:00:00+00:00,7.0,7.248615145492993,7.229988124852647,0.000713006120130807,-0.004482950428118002,7.241513513463185,0.000713006120130807,0.006388625909676829,-0.2486151454929928
2016-08-04 00:00:00+00:00,7.0,8.113071809856832,7.175908764459486,0.000713006120130807,0.833697678185281,7.229988124852647,0.000713006120130807,0.8823706788840543,-1.113071809856832
2016-08-05 00:00:00+00:00,0.0,-2.900952451221726,7.319424821144178,0.000713006120130807,-9.950719818127617,7.175908764459486,0.000713006120130807,-10.077574221801342,2.900952451221726
2016-08-06 00:00:00+00:00,1.0,-2.2672129499806113,7.480970513751389,0.000713006120130807,-9.444480338168844,7.319424821144178,0.000713006120130807,-9.58735077724492,3.2672129499806113
2016-08-07 00:00:00+00:00,8.0,11.969948785600739,7.286257773775575,0.000713006120130807,4.314665217372506,7.480970513751389,0.000713006120130807,4.488265265729218,-3.9699487856007387
2016-08-08 00:00:00+00:00,11.0,9.469162918294437,7.362328169877344,0.000713006120130807,2.2491334028236634,7.286257773775575,0.000713006120130807,2.1821921383987317,1.5308370817055632
2016-08-09 00:00:00+00:00,5.0,8.64856336196691,7.18343603353899,0.000713006120130807,1.1259758516773322,7.362328169877344,0.000713006120130807,1.2855221859694352,-3.648563361966909
2016-08-10 00:00:00+00:00,5.0,7.179666089231002,7.076852221807719,0.000713006120130807,-0.09979655746114408,7.18343603353899,0.000713006120130807,-0.004482950428118002,-2.1796660892310022
2016-08-11 00:00:00+00:00,6.0,7.91126290611313,6.98348089596684,0.000713006120130807,0.7501209494055363,7.076852221807719,0.000713006120130807,0.833697678185281,-1.91126290611313
2016-08-12 00:00:00+00:00,1.0,-2.966525916040646,7.17945115310308,0.000713006120130807,-9.777269446845658,6.98348089596684,0.000713006120130807,-9.950719818127617,3.966525916040646
2016-08-13 00:00:00+00:00,1.0,-2.2643161789456343,7.3408542484952255,0.000713006120130807,-9.301736570649233,7.17945115310308,0.000713006120130807,-9.444480338168844,3.2643161789456343
2016-08-14 00:00:00+00:00,7.0,11.656232471987863,7.112358326748369,0.000713006120130807,4.111054988135035,7.3408542484952255,0.000713006120130807,4.314665217372506,-4.656232471987863
2016-08-15 00:00:00+00:00,2.0,9.362204735692163,6.7506575005787175,0.000713006120130807,1.9271949680600082,7.112358326748369,0.000713006120130807,2.2491334028236634,-7.362204735692163
2016-08-16 00:00:00+00:00,7.0,7.87734635837618,6.708182023438785,0.000713006120130807,1.0876107798678118,6.7506575005787175,0.000713006120130807,1.1259758516773322,-0.8773463583761796
2016-08-17 00:00:00+00:00,9.0,6.609098472097771,6.82659017883312,0.000713006120130807,0.004754066054558637,6.708182023438785,0.000713006120130807,-0.09979655746114408,2.390901527902229
2016-08-18 00:00:00+00:00,6.0,7.577424134358787,6.749652488429173,0.000713006120130807,0.681142501371907,6.82659017883312,0.000713006120130807,0.7501209494055363,-1.577424134358787
2016-08-19 00:00:00+00:00,0.0,-3.0269039522963546,6.899368666928708,0.000713006120130807,-9.64490736842397,6.749652488429173,0.000713006120130807,-9.777269446845658,3.0269039522963546
2016-08-20 00:00:00+00:00,1.0,-2.4016548976003946,7.067532434311967,0.000713006120130807,-9.152987182027859,6.899368666928708,0.000713006120130807,-9.301736570649233,3.4016548976003946
2016-08-21 00:00:00+00:00,9.0,11.179300428567132,6.9609666226889875,0.000713006120130807,4.01575737090751,7.067532434311967,0.000713006120130807,4.111054988135035,-2.1793004285671316
2016-08-22 00:00:00+00:00,8.0,8.888874596869126,6.917923653440132,0.000713006120130807,1.888325783258627,6.9609666226889875,0.000713006120130807,1.9271949680600082,-0.8888745968691261
2016-08-23 00:00:00+00:00,9.0,8.006247439428074,6.967555385234739,0.000713006120130807,1.1310661244797164,6.917923653440132,0.000713006120130807,1.0876107798678118,0.9937525605719255
2016-08-24 00:00:00+00:00,5.0,6.973022457409428,6.8711438674310825,0.000713006120130807,-0.08152331748688317,6.967555385234739,0.000713006120130807,0.004754066054558637,-1.973022457409428
2016-08-25 00:00:00+00:00,6.0,7.55299937492312,6.795408516677774,0.000713006120130807,0.613232112310351,6.8711438674310825,0.000713006120130807,0.681142501371907,-1.55299937492312
2016-08-26 00:00:00+00:00,1.0,-2.8487858456260664,6.985582870050817,0.000713006120130807,-9.476605598048812,6.795408516677774,0.000713006120130807,-9.64490736842397,3.8487858456260664
2016-08-27 00:00:00+00:00,0.0,-2.1666913058569115,7.092953993913544,0.000713006120130807,-9.058240943276592,6.985582870050817,0.000713006120130807,-9.152987182027859,2.1666913058569115
2016-08-28 00:00:00+00:00,12.0,11.109424370941184,7.137506710861921,0.000713006120130807,4.054700939356222,7.092953993913544,0.000713006120130807,4.01575737090751,0.8905756290588158
2016-08-29 00:00:00+00:00,14.0,9.026545500240678,7.383044300063573,0.000713006120130807,2.1058076673548918,7.137506710861921,0.000713006120130807,1.888325783258627,4.973454499759322
2016-08-30 00:00:00+00:00,11.0,8.51482343066342,7.5060932635150195,0.000713006120130807,1.239739257537909,7.383044300063573,0.000713006120130807,1.1310661244797164,2.4851765693365806
2016-08-31 00:00:00+00:00,16.0,7.425282952148267,7.928907552834566,0.000713006120130807,0.29343650555953255,7.5060932635150195,0.000713006120130807,-0.08152331748688317,8.574717047851733
2016-09-01 00:00:00+00:00,11.0,8.542852671265047,8.050576741494725,0.000713006120130807,0.7206795677120726,7.928907552834566,0.000713006120130807,0.613232112310351,2.457147328734953
2016-09-02 00:00:00+00:00,0.0,-1.4253158504339556,8.121452721631984,0.000713006120130807,-9.41427862258344,8.050576741494725,0.000713006120130807,-9.476605598048812,1.4253158504339556
2016-09-03 00:00:00+00:00,0.0,-0.9360752155244771,8.168245213225404,0.000713006120130807,-9.017307744523507,8.121452721631984,0.000713006120130807,-9.058240943276592,0.9360752155244771
2016-09-04 00:00:00+00:00,16.0,12.223659158701757,8.354853369706177,0.000713006120130807,4.219834795752205,8.168245213225404,0.000713006120130807,4.054700939356222,3.776340841298243
2016-09-05 00:00:00+00:00,15.0,10.4613740431812,8.578985974355843,0.000713006120130807,2.3042751358609235,8.354853369706177,0.000713006120130807,2.1058076673548918,4.5386259568188
2016-09-06 00:00:00+00:00,18.0,9.819438238013884,8.98239747160479,0.000713006120130807,1.597463246979995,8.578985974355843,0.000713006120130807,1.239739257537909,8.180561761986116
2016-09-07 00:00:00+00:00,8.0,9.276546983284453,8.920270839203706,0.000713006120130807,0.237614974855765,8.98239747160479,0.000713006120130807,0.29343650555953255,-1.2765469832844527
2016-09-08 00:00:00+00:00,17.0,9.64166341303591,9.283207263104009,0.000713006120130807,1.0424488539948507,8.920270839203706,0.000713006120130807,0.7206795677120726,7.358336586964089
2016-09-09 00:00:00+00:00,0.0,-0.13035835335930024,9.290337323911968,0.000713006120130807,-9.408578242636738,9.283207263104009,0.000713006120130807,-9.41427862258344,0.13035835335930024
2016-09-10 00:00:00+00:00,0.0,0.2737425855085931,9.277575005311217,0.000713006120130807,-9.029278107026405,9.290337323911968,0.000713006120130807,-9.017307744523507,-0.2737425855085931
2016-09-11 00:00:00+00:00,0.0,13.498122807183552,8.613825857648335,0.000713006120130807,3.629581646756653,9.277575005311217,0.000713006120130807,4.219834795752205,-13.498122807183552
2016-09-12 00:00:00+00:00,0.0,10.91881399962939,8.077046445705063,0.000713006120130807,1.8268113848904488,8.613825857648335,0.000713006120130807,2.3042751358609235,-10.91881399962939
2016-09-13 00:00:00+00:00,1.0,9.67522269880519,7.650710650940997,0.000713006120130807,1.2181084589584827,8.077046445705063,0.000713006120130807,1.597463246979995,-8.67522269880519
2016-09-14 00:00:00+00:00,0.0,7.889038631916892,7.263075760429814,0.000713006120130807,-0.10736113490064922,7.650710650940997,0.000713006120130807,0.237614974855765,-7.889038631916892
2016-09-15 00:00:00+00:00,1.0,8.306237620544795,6.90412998623317,0.000713006120130807,0.7229577792402739,7.263075760429814,0.000713006120130807,1.0424488539948507,-7.306237620544795
2016-09-16 00:00:00+00:00,0.0,-2.5037352502834374,7.028092524208235,0.000713006120130807,-9.299093565630802,6.90412998623317,0.000713006120130807,-9.408578242636738,2.5037352502834374
2016-09-17 00:00:00+00:00,0.0,-2.00047257669804,7.127281321064928,0.000713006120130807,-8.941800369955674,7.028092524208235,0.000713006120130807,-9.029278107026405,2.00047257669804
2016-09-18 00:00:00+00:00,14.0,10.757575973941712,7.287606747564425,0.000713006120130807,3.771368102480794,7.127281321064928,0.000713006120130807,3.629581646756653,3.2424240260582877
2016-09-19 00:00:00+00:00,13.0,9.115131138575004,7.479557332991009,0.000713006120130807,1.9966910127206632,7.287606747564425,0.000713006120130807,1.8268113848904488,3.884868861424996
2016-09-20 00:00:00+00:00,6.0,8.698378798069623,7.347439232630647,0.000713006120130807,1.1001123045676073,7.479557332991009,0.000713006120130807,1.2181084589584827,-2.6983787980696228
2016-09-21 00:00:00+00:00,14.0,7.240791103850128,7.6808828387876105,0.000713006120130807,0.1882091745906802,7.347439232630647,0.000713006120130807,-0.10736113490064922,6.759208896149872
2016-09-22 00:00:00+00:00,10.0,8.404553624148015,7.760133709045392,0.000713006120130807,0.7927243135096913,7.6808828387876105,0.000713006120130807,0.7229577792402739,1.595446375851985
2016-09-23 00:00:00+00:00,0.0,-1.5382468504652795,7.836568860378644,0.000713006120130807,-9.231828282865969,7.760133709045392,0.000713006120130807,-9.299093565630802,1.5382468504652795
2016-09-24 00:00:00+00:00,0.0,-1.1045185034568998,7.891653185695068,0.000713006120130807,-8.893501392823659,7.836568860378644,0.000713006120130807,-8.941800369955674,1.1045185034568998
2016-09-25 00:00:00+00:00,10.0,11.663734294295992,7.81046676859153,0.000713006120130807,3.6986154375118936,7.891653185695068,0.000713006120130807,3.771368102480794,-1.6637342942959918
2016-09-26 00:00:00+00:00,4.0,9.807870787432323,7.525279995354419,0.000713006120130807,1.7427213259567524,7.81046676859153,0.000713006120130807,1.9966910127206632,-5.807870787432323
2016-09-27 00:00:00+00:00,5.0,8.626105306042156,7.347493385200905,0.000713006120130807,0.9415480281823154,7.525279995354419,0.000713006120130807,1.1001123045676073,-3.626105306042156
2016-09-28 00:00:00+00:00,15.0,7.536415565911716,7.715610767385566,0.000713006120130807,0.5145807951444872,7.347493385200905,0.000713006120130807,0.1882091745906802,7.463584434088284
2016-09-29 00:00:00+00:00,7.0,8.509048087015387,7.642038974324083,0.000713006120130807,0.7267358499232943,7.715610767385566,0.000713006120130807,0.7927243135096913,-1.5090480870153868
2016-09-30 00:00:00+00:00,2.0,-1.5890763024217556,7.819428797218288,0.000713006120130807,-9.074883230598232,7.642038974324083,0.000713006120130807,-9.231828282865969,3.5890763024217556
2016-10-01 00:00:00+00:00,3.0,-1.0733595894852401,8.020658076943636,0.000713006120130807,-8.715379341407344,7.819428797218288,0.000713006120130807,-8.893501392823659,4.07335958948524
2016-10-02 00:00:00+00:00,11.0,11.719986520575661,7.9859288366869725,0.000713006120130807,3.667131481033296,8.020658076943636,0.000713006120130807,3.6986154375118936,-0.7199865205756613
2016-10-03 00:00:00+00:00,13.0,9.729363168763856,8.147643074176004,0.000713006120130807,1.8857414863475424,7.9859288366869725,0.000713006120130807,1.7427213259567524,3.2706368312361445
2016-10-04 00:00:00+00:00,12.0,9.089904108478452,8.291609228264713,0.000713006120130807,1.0688022611142811,8.147643074176004,0.000713006120130807,0.9415480281823154,2.9100958915215482
2016-10-05 00:00:00+00:00,8.0,8.806903029529332,8.252601413011835,0.000713006120130807,0.4792961069758279,8.291609228264713,0.000713006120130807,0.5145807951444872,-0.806903029529332
2016-10-06 00:00:00+00:00,16.0,8.98005026905526,8.598880316279503,0.000713006120130807,1.033707974393481,8.252601413011835,0.000713006120130807,0.7267358499232943,7.01994973094474
2016-10-07 00:00:00+00:00,3.0,-0.4752899081985973,8.770668860117596,0.000713006120130807,-8.922913890765658,8.598880316279503,0.000713006120130807,-9.074883230598232,3.4752899081985973
2016-10-08 00:00:00+00:00,1.0,0.05600252483038304,8.817851334954007,0.000713006120130807,-8.674099713838228,8.770668860117596,0.000713006120130807,-8.715379341407344,0.943997475169617
2016-10-09 00:00:00+00:00,22.0,12.485695822107434,9.286917988177184,0.000713006120130807,4.0831780737131265,8.817851334954007,0.000713006120130807,3.667131481033296,9.514304177892566
2016-10-10 00:00:00+00:00,27.0,11.173372480644858,10.066716735244613,0.000713006120130807,2.577816737456347,9.286917988177184,0.000713006120130807,1.8857414863475424,15.826627519355142
2016-10-11 00:00:00+00:00,23.0,11.136232002479026,10.651438714184247,0.000713006120130807,1.5875874669921455,10.066716735244613,0.000713006120130807,1.0688022611142811,11.863767997520974
2016-10-12 00:00:00+00:00,12.0,11.131447827280205,10.694907298661628,0.000713006120130807,0.5172766219213545,10.651438714184247,0.000713006120130807,0.4792961069758279,0.8685521727197951
2016-10-13 00:00:00+00:00,17.0,11.72932827917524,10.955075781186125,0.000713006120130807,1.264186732438486,10.694907298661628,0.000713006120130807,1.033707974393481,5.27067172082476
2016-10-14 00:00:00+00:00,2.0,2.032874896540598,10.95417047897755,0.000713006120130807,-8.92435146186226,10.955075781186125,0.000713006120130807,-8.922913890765658,-0.03287489654059783
2016-10-15 00:00:00+00:00,0.0,2.280783771259454,10.84260902155836,0.000713006120130807,-8.773835049069243,10.95417047897755,0.000713006120130807,-8.674099713838228,-2.280783771259454
2016-10-16 00:00:00+00:00,10.0,14.926500101391618,10.600808834196446,0.000713006120130807,3.8677494367158567,10.84260902155836,0.000713006120130807,4.0831780737131265,-4.926500101391618
2016-10-17 00:00:00+00:00,8.0,13.179338577772924,10.346562353303543,0.000713006120130807,2.3513318440445277,10.600808834196446,0.000713006120130807,2.577816737456347,-5.179338577772924
2016-10-18 00:00:00+00:00,12.0,11.93486282641582,10.350481819112133,0.000713006120130807,1.590435820231625,10.346562353303543,0.000713006120130807,1.5875874669921455,0.06513717358417992
2016-10-19 00:00:00+00:00,7.0,10.868471447153619,10.160764429365972,0.000713006120130807,0.3481140290112784,10.350481819112133,0.000713006120130807,0.5172766219213545,-3.8684714471536186
2016-10-20 00:00:00+00:00,6.0,11.42566416792459,9.894392259997563,0.000713006120130807,1.02693038159202,10.160764429365972,0.000713006120130807,1.264186732438486,-5.425664167924589
2016-10-21 00:00:00+00:00,4.0,0.970753804255434,10.044223738390908,0.000713006120130807,-8.791886960563644,9.894392259997563,0.000713006120130807,-8.92435146186226,3.029246195744566
2016-10-22 00:00:00+00:00,2.0,1.2711016954417964,10.080817684716871,0.000713006120130807,-8.741961393324015,10.044223738390908,0.000713006120130807,-8.773835049069243,0.7288983045582036
2016-10-23 00:00:00+00:00,18.0,13.949280127552859,10.280932495759497,0.000713006120130807,4.044881486450828,10.080817684716871,0.000713006120130807,3.8677494367158567,4.050719872447141
2016-10-24 00:00:00+00:00,17.0,12.632977345924157,10.49661771096356,0.000713006120130807,2.5422953513502535,10.280932495759497,0.000713006120130807,2.3513318440445277,4.367022654075843
2016-10-25 00:00:00+00:00,23.0,12.087766537315318,11.034499199899669,0.000713006120130807,2.067611813955468,10.49661771096356,0.000713006120130807,1.590435820231625,10.912233462684682
2016-10-26 00:00:00+00:00,14.0,11.383326235031078,11.164021278989075,0.000713006120130807,0.4625373419214995,11.034499199899669,0.000713006120130807,0.3481140290112784,2.6166737649689225
2016-10-27 00:00:00+00:00,18.0,12.191664666701227,11.450656932323806,0.000713006120130807,1.2809203822665718,11.164021278989075,0.000713006120130807,1.02693038159202,5.808335333298773
2016-10-28 00:00:00+00:00,1.0,2.659482977880293,11.369679791643543,0.000713006120130807,-8.86445372168965,11.450656932323806,0.000713006120130807,-8.791886960563644,-1.6594829778802929
2016-10-29 00:00:00+00:00,0.0,2.6284314044396595,11.241004940132433,0.000713006120130807,-8.85689885059501,11.369679791643543,0.000713006120130807,-8.741961393324015,-2.6284314044396595
2016-10-30 00:00:00+00:00,18.0,15.286599432703392,11.3752885183074,0.000713006120130807,4.163534520818007,11.241004940132433,0.000713006120130807,4.044881486450828,2.713400567296608
2016-10-31 00:00:00+00:00,15.0,13.918296875777784,11.429249727747477,0.000713006120130807,2.5895966453502384,11.3752885183074,0.000713006120130807,2.5422953513502535,1.0817031242222157
2016-11-01 00:00:00+00:00,11.0,13.497574547823076,11.30701647037703,0.000713006120130807,1.958396535448803,11.429249727747477,0.000713006120130807,2.067611813955468,-2.497574547823076
2016-11-02 00:00:00+00:00,8.0,11.770266818418662,11.12213332758897,0.000713006120130807,0.2976690936536205,11.30701647037703,0.000713006120130807,0.4625373419214995,-3.770266818418662
2016-11-03 00:00:00+00:00,3.0,12.403766715975674,10.659934032863474,0.000713006120130807,0.8697074309686152,11.12213332758897,0.000713006120130807,1.2809203822665718,-9.403766715975674
2016-11-04 00:00:00+00:00,3.0,1.7961933172939553,10.719905944281425,0.000713006120130807,-8.81181301783778,10.659934032863474,0.000713006120130807,-8.86445372168965,1.2038066827060447
2016-11-05 00:00:00+00:00,0.0,1.863720099806546,10.628874973164434,0.000713006120130807,-8.938396602058027,10.719905944281425,0.000713006120130807,-8.85689885059501,-1.863720099806546
2016-11-06 00:00:00+00:00,24.0,14.793122500102573,11.082808159644939,0.000713006120130807,4.56613779494429,10.628874973164434,0.000713006120130807,4.163534520818007,9.206877499897427
2016-11-07 00:00:00+00:00,13.0,13.673117811115308,11.050386090842997,0.000713006120130807,2.5601621889201667,11.082808159644939,0.000713006120130807,2.5895966453502384,-0.6731178111153078
2016-11-08 00:00:00+00:00,12.0,13.00949563241193,11.001405398681616,0.000713006120130807,1.9142527693533213,11.050386090842997,0.000713006120130807,1.958396535448803,-1.0094956324119302
2016-11-09 00:00:00+00:00,29.0,11.299787498455368,11.873433734288467,0.000713006120130807,1.0716734730897792,11.001405398681616,0.000713006120130807,0.2976690936536205,17.700212501544634
2016-11-10 00:00:00+00:00,15.0,12.743854171377214,11.985208370084797,0.000713006120130807,0.9683653850382778,11.873433734288467,0.000713006120130807,0.8697074309686152,2.2561458286227865
2016-11-11 00:00:00+00:00,0.0,3.174108358367148,11.829671880903339,0.000713006120130807,-8.950612129428485,11.985208370084797,0.000713006120130807,-8.81181301783778,-3.174108358367148
2016-11-12 00:00:00+00:00,2.0,2.891988284965443,11.786475636422939,0.000713006120130807,-8.977401943881395,11.829671880903339,0.000713006120130807,-8.938396602058027,-0.8919882849654428
2016-11-13 00:00:00+00:00,18.0,16.35332643748736,11.868248229683765,0.000713006120130807,4.638144419089357,11.786475636422939,0.000713006120130807,4.56613779494429,1.646673562512639
2016-11-14 00:00:00+00:00,13.0,14.429123424724063,11.798610829130418,0.000713006120130807,2.4976687138054077,11.868248229683765,0.000713006120130807,2.5601621889201667,-1.4291234247240627
2016-11-15 00:00:00+00:00,24.0,13.71357660460387,12.3056860266207,0.000713006120130807,2.364063005025711,11.798610829130418,0.000713006120130807,1.9142527693533213,10.28642339539613
2016-11-16 00:00:00+00:00,12.0,13.37807250583061,12.238561672066794,0.000713006120130807,1.0114123799192667,12.3056860266207,0.000713006120130807,1.0716734730897792,-1.3780725058306107
2016-11-17 00:00:00+00:00,5.0,13.207640063225202,11.835243223458718,0.000713006120130807,0.6094573011258617,12.238561672066794,0.000713006120130807,0.9683653850382778,-8.207640063225202
2016-11-18 00:00:00+00:00,0.0,2.8853441001503644,11.69392151982123,0.000713006120130807,-9.076784002760615,11.835243223458718,0.000713006120130807,-8.950612129428485,-2.8853441001503644
2016-11-19 00:00:00+00:00,0.0,2.7172325820599657,11.56087531811699,0.000713006120130807,-9.096222546644073,11.69392151982123,0.000713006120130807,-8.977401943881395,-2.7172325820599657
2016-11-20 00:00:00+00:00,15.0,16.19973274332648,11.502529963753807,0.000713006120130807,4.585681862642274,11.56087531811699,0.000713006120130807,4.638144419089357,-1.1997327433264786
2016-11-21 00:00:00+00:00,13.0,14.000911683679345,11.453971827316973,0.000713006120130807,2.4539003112210303,11.502529963753807,0.000713006120130807,2.4976687138054077,-1.0009116836793446
2016-11-22 00:00:00+00:00,6.0,13.818747838462816,11.069797089945364,0.000713006120130807,2.0221606087607453,11.453971827316973,0.000713006120130807,2.364063005025711,-7.818747838462816
2016-11-23 00:00:00+00:00,5.0,12.081922475984761,10.721893512223714,0.000713006120130807,0.7017302780370874,11.069797089945364,0.000713006120130807,1.0114123799192667,-7.081922475984761
2016-11-24 00:00:00+00:00,5.0,11.332063819469706,10.410902674522156,0.000713006120130807,0.3325654204938576,10.721893512223714,0.000713006120130807,0.6094573011258617,-6.332063819469706
2016-11-25 00:00:00+00:00,1.0,1.334831677881672,10.395133168146428,0.000713006120130807,-9.091425701838055,10.410902674522156,0.000713006120130807,-9.076784002760615,-0.334831677881672
2016-11-26 00:00:00+00:00,0.0,1.299623627622486,10.331870558764102,0.000713006120130807,-9.153053185220346,10.395133168146428,0.000713006120130807,-9.096222546644073,-1.299623627622486
2016-11-27 00:00:00+00:00,10.0,14.918265427526507,10.09047573362998,0.000713006120130807,4.370613315877495,10.331870558764102,0.000713006120130807,4.585681862642274,-4.9182654275265065
2016-11-28 00:00:00+00:00,8.0,12.545089050971141,9.867450987243027,0.000713006120130807,2.25515022106974,10.09047573362998,0.000713006120130807,2.4539003112210303,-4.545089050971141
2016-11-29 00:00:00+00:00,8.0,11.890324602123904,9.676657848325968,0.000713006120130807,1.8520424093770171,9.867450987243027,0.000713006120130807,2.0221606087607453,-3.890324602123904
2016-11-30 00:00:00+00:00,15.0,10.379101132483187,9.904840440979248,0.000713006120130807,0.9037954204797266,9.676657848325968,0.000713006120130807,0.7017302780370874,4.620898867516813
2016-12-01 00:00:00+00:00,10.0,10.238118867593236,9.893831744913266,0.000713006120130807,0.3221528310219821,9.904840440979248,0.000713006120130807,0.3325654204938576,-0.23811886759323642
2016-12-02 00:00:00+00:00,0.0,0.8031190491953417,9.855010200874428,0.000713006120130807,-9.126544922086486,9.893831744913266,0.000713006120130807,-9.091425701838055,-0.8031190491953417
2016-12-03 00:00:00+00:00,0.0,0.7026700217742139,9.821133387155434,0.000713006120130807,-9.183779916557853,9.855010200874428,0.000713006120130807,-9.153053185220346,-0.7026700217742139
2016-12-04 00:00:00+00:00,11.0,14.192459709153061,9.66469352953955,0.000713006120130807,4.231011726583451,9.821133387155434,0.000713006120130807,4.370613315877495,-3.192459709153061
2016-12-05 00:00:00+00:00,19.0,11.920556756729422,10.013901076137913,0.000713006120130807,2.564723909734945,9.66469352953955,0.000713006120130807,2.25515022106974,7.079443243270578
2016-12-06 00:00:00+00:00,16.0,11.86665649163506,10.218083140076333,0.000713006120130807,2.0327874697489925,10.013901076137913,0.000713006120130807,1.8520424093770171,4.1333435083649395
2016-12-07 00:00:00+00:00,8.0,11.12259156667619,10.065082630071531,0.000713006120130807,0.7672490627686612,10.218083140076333,0.000713006120130807,0.9037954204797266,-3.1225915666761903
2016-12-08 00:00:00+00:00,10.0,10.387948467213645,10.046698382613231,0.000713006120130807,0.3051884125104698,10.065082630071531,0.000713006120130807,0.3221528310219821,-0.3879484672136453
2016-12-09 00:00:00+00:00,0.0,0.920866466646876,10.00208057314402,0.000713006120130807,-9.166813064516889,10.046698382613231,0.000713006120130807,-9.126544922086486,-0.920866466646876
2016-12-10 00:00:00+00:00,0.0,0.8190136627062987,9.962476596667882,0.000713006120130807,-9.219594184985276,10.00208057314402,0.000713006120130807,-9.183779916557853,-0.8190136627062987
2016-12-11 00:00:00+00:00,8.0,14.194201329371463,9.658272214268672,0.000713006120130807,3.960148370811626,9.962476596667882,0.000713006120130807,4.231011726583451,-6.194201329371463
2016-12-12 00:00:00+00:00,7.0,12.223709130123748,9.401841536861877,0.000713006120130807,2.3362987570276768,9.658272214268672,0.000713006120130807,2.564723909734945,-5.223709130123748
2016-12-13 00:00:00+00:00,6.0,11.435342012731,9.134992963352246,0.000713006120130807,1.7951079209175866,9.401841536861877,0.000713006120130807,2.0327874697489925,-5.435342012731001
2016-12-14 00:00:00+00:00,13.0,9.902955032241039,9.28816192198044,0.000713006120130807,0.9026783051095069,9.134992963352246,0.000713006120130807,0.7672490627686612,3.0970449677589613
2016-12-15 00:00:00+00:00,17.0,9.59406334061104,9.653441519601671,0.000713006120130807,0.6290391802734907,9.28816192198044,0.000713006120130807,0.3051884125104698,7.40593665938896
2016-12-16 00:00:00+00:00,0.0,0.4873414612049132,9.6301645264037,0.000713006120130807,-9.18812379314348,9.653441519601671,0.000713006120130807,-9.166813064516889,-0.4873414612049132
2016-12-17 00:00:00+00:00,0.0,0.41128334753855533,9.610631589971351,0.000713006120130807,-9.23757900365094,9.6301645264037,0.000713006120130807,-9.219594184985276,-0.41128334753855533
2016-12-18 00:00:00+00:00,5.0,13.571492966903108,9.189402022351278,0.000713006120130807,3.5853295321050127,9.610631589971351,0.000713006120130807,3.960148370811626,-8.571492966903108
2016-12-19 00:00:00+00:00,31.0,11.526413785499086,10.148726920124982,0.000713006120130807,3.187850172697742,9.189402022351278,0.000713006120130807,2.3362987570276768,19.473586214500912
2016-12-20 00:00:00+00:00,11.0,11.944547847162701,10.102943364771926,0.000713006120130807,1.753804226386963,10.148726920124982,0.000713006120130807,1.7951079209175866,-0.9445478471627009
2016-12-21 00:00:00+00:00,6.0,11.006334676001565,9.857213219581844,0.000713006120130807,0.6837586190430168,10.102943364771926,0.000713006120130807,0.9026783051095069,-5.006334676001565
2016-12-22 00:00:00+00:00,4.0,10.486965405975466,9.538597155523682,0.000713006120130807,0.34537368004078395,9.857213219581844,0.000713006120130807,0.6290391802734907,-6.486965405975466
2016-12-23 00:00:00+00:00,1.0,0.3511863685003327,9.571248832609276,0.000713006120130807,-9.159752122906482,9.538597155523682,0.000713006120130807,-9.18812379314348,0.6488136314996673
2016-12-24 00:00:00+00:00,0.0,0.33438283507846833,9.555501421087774,0.000713006120130807,-9.252201075489706,9.571248832609276,0.000713006120130807,-9.23757900365094,-0.33438283507846833
2016-12-25 00:00:00+00:00,6.0,13.141543959312918,9.204662900501114,0.000713006120130807,3.273040270043234,9.555501421087774,0.000713006120130807,3.5853295321050127,-7.1415439593129175
2016-12-26 00:00:00+00:00,9.0,12.393226079318987,9.038340064590153,0.000713006120130807,3.039469363959955,9.204662900501114,0.000713006120130807,3.187850172697742,-3.3932260793189872
2016-12-27 00:00:00+00:00,65.0,10.792857297097248,11.707468175929597,0.000713006120130807,4.124203217083044,9.038340064590153,0.000713006120130807,1.753804226386963,54.20714270290275
2016-12-28 00:00:00+00:00,8.0,12.391939801092745,11.491982394914206,0.000713006120130807,0.4917055213771496,11.707468175929597,0.000713006120130807,0.6837586190430168,-4.391939801092745
2016-12-29 00:00:00+00:00,6.0,11.83806908107512,11.20530907250866,0.000713006120130807,0.09008346610642326,11.491982394914206,0.000713006120130807,0.34537368004078395,-5.838069081075121
2016-12-30 00:00:00+00:00,1.0,2.046269955722309,11.15451811780783,0.000713006120130807,-9.205503976322415,11.20530907250866,0.000713006120130807,-9.159752122906482,-1.046269955722309
2016-12-31 00:00:00+00:00,1.0,1.9030300484382554,11.11077832856617,0.000713006120130807,-9.291689257464508,11.15451811780783,0.000713006120130807,-9.252201075489706,-0.9030300484382554
2017-01-01 00:00:00+00:00,2.0,14.384531604729535,10.501847115173572,0.000713006120130807,2.7314828340243347,11.11077832856617,0.000713006120130807,3.273040270043234,-12.384531604729535
2017-01-02 00:00:00+00:00,25.0,13.542029485253657,11.066593200186631,0.000713006120130807,3.5405096400069307,10.501847115173572,0.000713006120130807,3.039469363959955,11.457970514746343
2017-01-03 00:00:00+00:00,15.0,15.191509423389807,11.057878912915447,0.000713006120130807,4.115828790369576,11.066593200186631,0.000713006120130807,4.124203217083044,-0.1915094233898067
2017-01-04 00:00:00+00:00,14.0,11.550297440412727,11.179181623405793,0.000713006120130807,0.5988274279232464,11.057878912915447,0.000713006120130807,0.4917055213771496,2.449702559587273
2017-01-05 00:00:00+00:00,7.0,11.269978095632347,10.969699561473927,0.000713006120130807,-0.09663642473259863,11.179181623405793,0.000713006120130807,0.09008346610642326,-4.2699780956323465
2017-01-06 00:00:00+00:00,0.0,1.7649085912716433,10.883532711740148,0.000713006120130807,-9.28268084517806,10.969699561473927,0.000713006120130807,-9.205503976322415,-1.7649085912716433
2017-01-07 00:00:00+00:00,0.0,1.5925564603957714,10.805850113463165,0.000713006120130807,-9.361329419961887,10.883532711740148,0.000713006120130807,-9.291689257464508,-1.5925564603957714
2017-01-08 00:00:00+00:00,18.0,13.538045953607632,11.026208446425995,0.000713006120130807,2.9265975521357244,10.805850113463165,0.000713006120130807,2.7314828340243347,4.461954046392368
2017-01-09 00:00:00+00:00,7.0,14.567431092553058,10.654405093479786,0.000713006120130807,3.2095969571108194,11.026208446425995,0.000713006120130807,3.5405096400069307,-7.567431092553058
2017-01-10 00:00:00+00:00,7.0,14.770946889969494,10.272583418207438,0.000713006120130807,3.7760166596012414,10.654405093479786,0.000713006120130807,4.115828790369576,-7.770946889969494
2017-01-11 00:00:00+00:00,5.0,10.872123852250816,9.984233706653175,0.000713006120130807,0.34204804870183714,10.272583418207438,0.000713006120130807,0.5988274279232464,-5.872123852250816
2017-01-12 00:00:00+00:00,17.0,9.888310288040707,10.335028626425043,0.000713006120130807,0.2143473547992691,9.984233706653175,0.000713006120130807,-0.09663642473259863,7.1116897119592934
2017-01-13 00:00:00+00:00,0.0,1.053060787367114,10.28390338445441,0.000713006120130807,-9.328729651719987,10.335028626425043,0.000713006120130807,-9.28268084517806,-1.053060787367114
2017-01-14 00:00:00+00:00,0.0,0.9232869706126543,10.23916642261851,0.000713006120130807,-9.401703407487075,10.28390338445441,0.000713006120130807,-9.361329419961887,-0.9232869706126543
2017-01-15 00:00:00+00:00,26.0,13.166476980874366,10.87162581804945,0.000713006120130807,3.4877887253790494,10.23916642261851,0.000713006120130807,2.9265975521357244,12.833523019125634
2017-01-16 00:00:00+00:00,8.0,14.0819357812804,10.572947849133493,0.000713006120130807,2.9436428093993325,10.87162581804945,0.000713006120130807,3.2095969571108194,-6.0819357812804
2017-01-17 00:00:00+00:00,8.0,14.349677514854866,10.26108995501684,0.000713006120130807,3.498354557856639,10.572947849133493,0.000713006120130807,3.7760166596012414,-6.349677514854866
2017-01-18 00:00:00+00:00,7.0,10.60385100983881,10.084398840718377,0.000713006120130807,0.18445692010904535,10.26108995501684,0.000713006120130807,0.34204804870183714,-3.6038510098388095
2017-01-19 00:00:00+00:00,15.0,10.299459201637777,10.316501908067057,0.000713006120130807,0.41989512228133763,10.084398840718377,0.000713006120130807,0.2143473547992691,4.700540798362223
2017-01-20 00:00:00+00:00,2.0,0.9884852624672007,10.367008005469971,0.000713006120130807,-9.284497593113556,10.316501908067057,0.000713006120130807,-9.328729651719987,1.0115147375327993
2017-01-21 00:00:00+00:00,0.0,0.966017604103028,10.320167574198571,0.000713006120130807,-9.4439459430568,10.367008005469971,0.000713006120130807,-9.401703407487075,-0.966017604103028
2017-01-22 00:00:00+00:00,10.0,13.808669305697752,10.133394020442068,0.000713006120130807,3.3212411925640124,10.320167574198571,0.000713006120130807,3.4877887253790494,-3.8086693056977516
2017-01-23 00:00:00+00:00,11.0,13.077749835961532,10.03182716507727,0.000713006120130807,2.852785850915549,10.133394020442068,0.000713006120130807,2.9436428093993325,-2.077749835961532
2017-01-24 00:00:00+00:00,12.0,13.53089472905404,9.957179943452182,0.000713006120130807,3.431410772597555,10.03182716507727,0.000713006120130807,3.498354557856639,-1.5308947290540402
2017-01-25 00:00:00+00:00,7.0,10.14234986968136,9.80320680601189,0.000713006120130807,0.047046560733881665,9.957179943452182,0.000713006120130807,0.18445692010904535,-3.142349869681359
2017-01-26 00:00:00+00:00,11.0,10.223814934413358,9.842128502909336,0.000713006120130807,0.45383655885813445,9.80320680601189,0.000713006120130807,0.41989512228133763,0.7761850655866418
2017-01-27 00:00:00+00:00,0.0,0.5583439159159109,9.815356324147041,0.000713006120130807,-9.308913155136484,9.842128502909336,0.000713006120130807,-9.284497593113556,-0.5583439159159109
2017-01-28 00:00:00+00:00,0.0,0.3721233872103724,9.797751086251253,0.000713006120130807,-9.460218353987816,9.815356324147041,0.000713006120130807,-9.4439459430568,-0.3721233872103724
2017-01-29 00:00:00+00:00,7.0,13.119705284935396,9.497213865785698,0.000713006120130807,3.053635439752556,9.797751086251253,0.000713006120130807,3.3212411925640124,-6.119705284935396
2017-01-30 00:00:00+00:00,15.0,12.350712722821378,9.62834138622979,0.000713006120130807,2.9686353049682506,9.497213865785698,0.000713006120130807,2.852785850915549,2.6492872771786224
2017-01-31 00:00:00+00:00,35.0,13.060465164947477,10.709055721256055,0.000713006120130807,4.39079451127532,9.62834138622979,0.000713006120130807,3.431410772597555,21.939534835052523
2017-02-01 00:00:00+00:00,11.0,10.756815288110069,10.721739802149894,0.000713006120130807,0.057680672160414094,10.709055721256055,0.000713006120130807,0.047046560733881665,0.2431847118899313
2017-02-02 00:00:00+00:00,14.0,11.17628936712816,10.861453532709984,0.000713006120130807,0.5773132908980761,10.721739802149894,0.000713006120130807,0.45383655885813445,2.8237106328718404
2017-02-03 00:00:00+00:00,1.0,1.5532533836936313,10.834931941829621,0.000713006120130807,-9.33310611563791,10.861453532709984,0.000713006120130807,-9.308913155136484,-0.5532533836936313
2017-02-04 00:00:00+00:00,2.0,1.3754265939619366,10.86639036318266,0.000713006120130807,-9.432906673322364,10.834931941829621,0.000713006120130807,-9.460218353987816,0.6245734060380634
2017-02-05 00:00:00+00:00,8.0,13.920738809055347,10.575647518941295,0.000713006120130807,2.7947301996427805,10.86639036318266,0.000713006120130807,3.053635439752556,-5.920738809055347
2017-02-06 00:00:00+00:00,21.0,13.544995830029677,10.94334252678122,0.000713006120130807,3.2946317231337563,10.575647518941295,0.000713006120130807,2.9686353049682506,7.455004169970323
2017-02-07 00:00:00+00:00,10.0,15.334850044176672,10.681440797422985,0.000713006120130807,4.157509329107729,10.94334252678122,0.000713006120130807,4.39079451127532,-5.334850044176672
2017-02-08 00:00:00+00:00,6.0,10.73983447570353,10.448829461389048,0.000713006120130807,-0.1495853503055236,10.681440797422985,0.000713006120130807,0.057680672160414094,-4.73983447570353
2017-02-09 00:00:00+00:00,12.0,11.026855758407255,10.497446722637612,0.000713006120130807,0.6198674638917694,10.448829461389048,0.000713006120130807,0.5773132908980761,0.9731442415927454
2017-02-10 00:00:00+00:00,0.0,1.1650536131198326,10.440808492285491,0.000713006120130807,-9.384052204491589,10.497446722637612,0.000713006120130807,-9.33310611563791,-1.1650536131198326
2017-02-11 00:00:00+00:00,0.0,1.0086148250832583,10.391871158978006,0.000713006120130807,-9.477011923002873,10.440808492285491,0.000713006120130807,-9.432906673322364,-1.0086148250832583
2017-02-12 00:00:00+00:00,14.0,13.187314364740917,10.432589642546112,0.000713006120130807,2.8302677526942195,10.391871158978006,0.000713006120130807,2.7947301996427805,0.8126856352590828
2017-02-13 00:00:00+00:00,10.0,13.7279343718,10.249790367941573,0.000713006120130807,3.1316146107814617,10.432589642546112,0.000713006120130807,3.2946317231337563,-3.7279343718
2017-02-14 00:00:00+00:00,6.0,14.408012703169433,9.836608322906171,0.000713006120130807,3.789839242997741,10.249790367941573,0.000713006120130807,4.157509329107729,-8.408012703169433
2017-02-15 00:00:00+00:00,8.0,9.687735978720779,9.75424039255408,0.000713006120130807,-0.22338757379565724,9.836608322906171,0.000713006120130807,-0.1495853503055236,-1.687735978720779
2017-02-16 00:00:00+00:00,6.0,10.37482086256598,9.539597312922167,0.000713006120130807,0.4285629523454111,9.75424039255408,0.000713006120130807,0.6198674638917694,-4.374820862565979
2017-02-17 00:00:00+00:00,1.0,0.1562581145507096,9.58184457965402,0.000713006120130807,-9.347156607085937,9.539597312922167,0.000713006120130807,-9.384052204491589,0.8437418854492904
2017-02-18 00:00:00+00:00,2.0,0.1055456627712772,9.675814494689563,0.000713006120130807,-9.394170208332561,9.58184457965402,0.000713006120130807,-9.477011923002873,1.8944543372287228
2017-02-19 00:00:00+00:00,11.0,12.506795253503913,9.60235360020476,0.000713006120130807,2.7643778022191126,9.675814494689563,0.000713006120130807,2.8302677526942195,-1.5067952535039133
2017-02-20 00:00:00+00:00,15.0,12.734681217106353,9.714579786267628,0.000713006120130807,3.2306736847121087,9.60235360020476,0.000713006120130807,3.1316146107814617,2.2653187828936474
2017-02-21 00:00:00+00:00,3.0,13.5051320353855,9.19816439181547,0.000713006120130807,3.330465198689861,9.714579786267628,0.000713006120130807,3.789839242997741,-10.5051320353855
2017-02-22 00:00:00+00:00,11.0,8.975489824139943,9.298536469869047,0.000713006120130807,-0.13485870770481187,9.19816439181547,0.000713006120130807,-0.22338757379565724,2.0245101758600565
2017-02-23 00:00:00+00:00,12.0,9.72781242833459,9.411100780739813,0.000713006120130807,0.5279223883530841,9.298536469869047,0.000713006120130807,0.4285629523454111,2.2721875716654107
2017-02-24 00:00:00+00:00,3.0,0.06465717977400764,9.556309746800455,0.000713006120130807,-9.218798362923437,9.411100780739813,0.000713006120130807,-9.347156607085937,2.9353428202259924
2017-02-25 00:00:00+00:00,0.0,0.16285254458802534,9.549006130604155,0.000713006120130807,-9.401291511689934,9.556309746800455,0.000713006120130807,-9.394170208332561,-0.16285254458802534
2017-02-26 00:00:00+00:00,12.0,12.314096938943399,9.534257317956724,0.000713006120130807,2.7506428029196144,9.549006130604155,0.000713006120130807,2.7643778022191126,-0.31409693894339874
2017-02-27 00:00:00+00:00,10.0,12.765644008788964,9.398828002590566,0.000713006120130807,3.109736121133297,9.534257317956724,0.000713006120130807,3.2306736847121087,-2.765644008788964
2017-02-28 00:00:00+00:00,18.0,12.730006207400558,9.658963113241422,0.000713006120130807,3.5609143119260653,9.398828002590566,0.000713006120130807,3.330465198689861,5.269993792599442
2017-03-01 00:00:00+00:00,10.0,9.524817411656741,9.68306758279695,0.000713006120130807,-0.11407966878777082,9.658963113241422,0.000713006120130807,-0.13485870770481187,0.47518258834325877
2017-03-02 00:00:00+00:00,11.0,10.211702977270164,9.722585506091567,0.000713006120130807,0.5623934630837482,9.68306758279695,0.000713006120130807,0.5279223883530841,0.7882970227298358
2017-03-03 00:00:00+00:00,2.0,0.5045001492882619,9.796916382339333,0.000713006120130807,-9.153402343875868,9.722585506091567,0.000713006120130807,-9.218798362923437,1.495499850711738
2017-03-04 00:00:00+00:00,2.0,0.3963378767695307,9.876571683144684,0.000713006120130807,-9.331165714815578,9.796916382339333,0.000713006120130807,-9.401291511689934,1.6036621232304693
2017-03-05 00:00:00+00:00,5.0,12.62792749218443,9.501790318472741,0.000713006120130807,2.417084701034849,9.876571683144684,0.000713006120130807,2.7506428029196144,-7.62792749218443
2017-03-06 00:00:00+00:00,5.0,12.61223944572617,9.12778121771388,0.000713006120130807,2.7768640345527227,9.501790318472741,0.000713006120130807,3.109736121133297,-7.6122394457261695
2017-03-07 00:00:00+00:00,11.0,12.689408535760077,9.045330953627792,0.000713006120130807,3.4870389499652408,9.12778121771388,0.000713006120130807,3.5609143119260653,-1.6894085357600765
2017-03-08 00:00:00+00:00,11.0,8.931964290960153,9.147845631058654,0.000713006120130807,-0.02364749485271099,9.045330953627792,0.000713006120130807,-0.11407966878777082,2.0680357090398473
2017-03-09 00:00:00+00:00,30.0,9.710952100262533,10.147312660848778,0.000713006120130807,1.4496038244066072,9.147845631058654,0.000713006120130807,0.5623934630837482,20.28904789973747
2017-03-10 00:00:00+00:00,2.0,0.994623323093041,10.197516604460255,0.000713006120130807,-9.109438693674434,10.147312660848778,0.000713006120130807,-9.153402343875868,1.005376676906959
2017-03-11 00:00:00+00:00,2.0,0.867063895764808,10.253999822088465,0.000713006120130807,-9.281624077605128,10.197516604460255,0.000713006120130807,-9.331165714815578,1.132936104235192
2017-03-12 00:00:00+00:00,15.0,12.671797529243445,10.36932153715726,0.000713006120130807,2.5188935865735056,10.253999822088465,0.000713006120130807,2.417084701034849,2.3282024707565547
2017-03-13 00:00:00+00:00,7.0,13.146898577830115,10.06744569248274,0.000713006120130807,2.5080691588541844,10.36932153715726,0.000713006120130807,2.7768640345527227,-6.146898577830115
2017-03-14 00:00:00+00:00,15.0,13.555197648568113,10.139280920258189,0.000713006120130807,3.5502180415908557,10.06744569248274,0.000713006120130807,3.4870389499652408,1.4448023514318873
2017-03-15 00:00:00+00:00,55.0,10.11634643152561,12.349448496156525,0.000713006120130807,1.9390489656594383,10.139280920258189,0.000713006120130807,-0.02364749485271099,44.88365356847439
2017-03-16 00:00:00+00:00,15.0,13.799765326683263,12.40924457089807,0.000713006120130807,1.5020883295173346,12.349448496156525,0.000713006120130807,1.4496038244066072,1.2002346733167375
2017-03-17 00:00:00+00:00,5.0,3.3005188833437664,12.493616682748517,0.000713006120130807,-9.035122872497363,12.40924457089807,0.000713006120130807,-9.109438693674434,1.6994811166562336
2017-03-18 00:00:00+00:00,7.0,3.2127056112635195,12.680764041444764,0.000713006120130807,-9.116011238615755,12.493616682748517,0.000713006120130807,-9.281624077605128,3.7872943887364805
2017-03-19 00:00:00+00:00,10.0,15.200370634138402,12.425482230997469,0.000713006120130807,2.291488992127927,12.680764041444764,0.000713006120130807,2.5188935865735056,-5.200370634138402
2017-03-20 00:00:00+00:00,10.0,14.934264395971784,12.18329983642252,0.000713006120130807,2.292301000621915,12.425482230997469,0.000713006120130807,2.5080691588541844,-4.934264395971784
2017-03-21 00:00:00+00:00,7.0,15.734230884133508,11.754059289162559,0.000713006120130807,3.1682829120134035,12.18329983642252,0.000713006120130807,3.5502180415908557,-8.734230884133508
2017-03-22 00:00:00+00:00,13.0,13.693821260942128,11.720618066878375,0.000713006120130807,1.9087091776784602,11.754059289162559,0.000713006120130807,1.9390489656594383,-0.6938212609421281
2017-03-23 00:00:00+00:00,10.0,13.223419402515841,11.5626541792306,0.000713006120130807,1.3611329181577805,11.720618066878375,0.000713006120130807,1.5020883295173346,-3.223419402515841
2017-03-24 00:00:00+00:00,3.0,2.528244312853369,11.586589955243891,0.000713006120130807,-9.01449368695264,11.5626541792306,0.000713006120130807,-9.035122872497363,0.4717556871466311
2017-03-25 00:00:00+00:00,3.0,2.4712917227482674,11.613329294480405,0.000713006120130807,-9.092891599684794,11.586589955243891,0.000713006120130807,-9.116011238615755,0.5287082772517326
2017-03-26 00:00:00+00:00,9.0,13.905531292728464,11.372561323224806,0.000713006120130807,2.0769772904349892,11.613329294480405,0.000713006120130807,2.291488992127927,-4.9055312927284636
2017-03-27 00:00:00+00:00,12.0,13.665575329966853,11.291284278813716,0.000713006120130807,2.219467829858419,11.372561323224806,0.000713006120130807,2.292301000621915,-1.6655753299668525
2017-03-28 00:00:00+00:00,13.0,14.46028019694725,11.220113146772512,0.000713006120130807,3.104426996863095,11.291284278813716,0.000713006120130807,3.1682829120134035,-1.4602801969472505
2017-03-29 00:00:00+00:00,12.0,13.129535330571104,11.165223348765993,0.000713006120130807,1.859316251321581,11.220113146772512,0.000713006120130807,1.9087091776784602,-1.1295353305711036
2017-03-30 00:00:00+00:00,8.0,12.527069273043905,10.943085648720464,0.000713006120130807,1.1631708065141453,11.165223348765993,0.000713006120130807,1.3611329181577805,-4.527069273043905
2017-03-31 00:00:00+00:00,2.0,1.9293049678879548,10.947278707138972,0.000713006120130807,-9.011402296696488,10.943085648720464,0.000713006120130807,-9.01449368695264,0.0706950321120452
2017-04-01 00:00:00+00:00,3.0,1.8551001135743093,11.004350857065047,0.000713006120130807,-9.042826803794231,10.947278707138972,0.000713006120130807,-9.092891599684794,1.1448998864256907
2017-04-02 00:00:00+00:00,15.0,13.082041153620168,11.099477811267981,0.000713006120130807,2.1608468228796855,11.004350857065047,0.000713006120130807,2.0769772904349892,1.9179588463798325
2017-04-03 00:00:00+00:00,12.0,13.31965864724653,11.035228952724891,0.000713006120130807,2.16176108920542,11.099477811267981,0.000713006120130807,2.219467829858419,-1.3196586472465306
2017-04-04 00:00:00+00:00,10.0,14.140368955708118,10.832127064502675,0.000713006120130807,2.923374723964115,11.035228952724891,0.000713006120130807,3.104426996863095,-4.140368955708118
2017-04-05 00:00:00+00:00,9.0,12.692156321944388,10.651089009617708,0.000713006120130807,1.697863660710114,10.832127064502675,0.000713006120130807,1.859316251321581,-3.6921563219443883
2017-04-06 00:00:00+00:00,5.0,11.814972822251985,10.316326365965535,0.000713006120130807,0.865162022173216,10.651089009617708,0.000713006120130807,1.1631708065141453,-6.814972822251985
2017-04-07 00:00:00+00:00,2.0,1.3056370753891784,10.351220264568616,0.000713006120130807,-8.981038822556279,10.316326365965535,0.000713006120130807,-9.011402296696488,0.6943629246108216
2017-04-08 00:00:00+00:00,3.0,1.3091064668945158,10.435169641765999,0.000713006120130807,-8.96888650507354,10.351220264568616,0.000713006120130807,-9.042826803794231,1.6908935331054842
2017-04-09 00:00:00+00:00,8.0,12.596729470765816,10.209602830452745,0.000713006120130807,1.9598385727727723,10.435169641765999,0.000713006120130807,2.1608468228796855,-4.5967294707658155
2017-04-10 00:00:00+00:00,9.0,12.372076925778297,10.044321088352612,0.000713006120130807,2.014305101989433,10.209602830452745,0.000713006120130807,2.16176108920542,-3.3720769257782965
2017-04-11 00:00:00+00:00,15.0,12.968408818436858,10.145041737860728,0.000713006120130807,3.0122132320677055,10.044321088352612,0.000713006120130807,2.923374723964115,2.031591181563142
2017-04-12 00:00:00+00:00,13.0,11.843618404690973,10.20267908941689,0.000713006120130807,1.7484305349208307,10.145041737860728,0.000713006120130807,1.697863660710114,1.1563815953090266
2017-04-13 00:00:00+00:00,12.0,11.068554117710237,10.249243696231392,0.000713006120130807,0.9058927869613302,10.20267908941689,0.000713006120130807,0.865162022173216,0.9314458822897631
2017-04-14 00:00:00+00:00,1.0,1.2689178797952447,10.236718879866725,0.000713006120130807,-8.99279820774174,10.249243696231392,0.000713006120130807,-8.981038822556279,-0.26891787979524473
2017-04-15 00:00:00+00:00,0.0,1.2685453809133165,10.17498613645459,0.000713006120130807,-9.02435813742003,10.236718879866725,0.000713006120130807,-8.96888650507354,-1.2685453809133165
2017-04-16 00:00:00+00:00,5.0,12.135537715347494,9.824443280817675,0.000713006120130807,1.6478119549664112,10.17498613645459,0.000713006120130807,1.9598385727727723,-7.135537715347494
2017-04-17 00:00:00+00:00,8.0,11.83946138892724,9.636153947849914,0.000713006120130807,1.8464110764546333,9.824443280817675,0.000713006120130807,2.014305101989433,-3.8394613889272406
2017-04-18 00:00:00+00:00,5.0,12.64908018603775,9.260331315090783,0.000713006120130807,2.677730153848452,9.636153947849914,0.000713006120130807,3.0122132320677055,-7.64908018603775
2017-04-19 00:00:00+00:00,7.0,11.009474856131744,9.063672854340995,0.000713006120130807,1.5731020693662892,9.260331315090783,0.000713006120130807,1.7484305349208307,-4.009474856131744
2017-04-20 00:00:00+00:00,12.0,9.970278647422456,9.164301459154249,0.000713006120130807,0.9946495301808258,9.063672854340995,0.000713006120130807,0.9058927869613302,2.0297213525775444
2017-04-21 00:00:00+00:00,0.0,0.17221625753263936,9.156536902354617,0.000713006120130807,-9.000328972557629,9.164301459154249,0.000713006120130807,-8.99279820774174,-0.17221625753263936
2017-04-22 00:00:00+00:00,1.0,0.13289177105471772,9.199934406874878,0.000713006120130807,-8.986440764021818,9.156536902354617,0.000713006120130807,-9.02435813742003,0.8671082289452823
2017-04-23 00:00:00+00:00,9.0,10.84845936796142,9.109654664569105,0.000713006120130807,1.5669815329651455,9.199934406874878,0.000713006120130807,1.6478119549664112,-1.8484593679614196
2017-04-24 00:00:00+00:00,7.0,10.956778747143868,8.915590236380307,0.000713006120130807,1.6733869345985957,9.109654664569105,0.000713006120130807,1.8464110764546333,-3.9567787471438685
2017-04-25 00:00:00+00:00,11.0,11.594033396348891,8.887061197840202,0.000713006120130807,2.6517539430958834,8.915590236380307,0.000713006120130807,2.677730153848452,-0.5940333963488911
2017-04-26 00:00:00+00:00,17.0,10.460876273326623,9.209670833391401,0.000713006120130807,1.859048376602906,8.887061197840202,0.000713006120130807,1.5731020693662892,6.5391237266733775
2017-04-27 00:00:00+00:00,4.0,10.205033369692359,8.904933230118127,0.000713006120130807,0.7233125051439641,9.209670833391401,0.000713006120130807,0.9946495301808258,-6.205033369692359
2017-04-28 00:00:00+00:00,2.0,-0.09468273631937052,9.00875964114269,0.000713006120130807,-8.908731563131102,8.904933230118127,0.000713006120130807,-9.000328972557629,2.0946827363193705
2017-04-29 00:00:00+00:00,0.0,0.02303188324100347,9.008338873703151,0.000713006120130807,-8.987447914557082,9.00875964114269,0.000713006120130807,-8.986440764021818,-0.02303188324100347
2017-04-30 00:00:00+00:00,12.0,10.576033412788428,9.079148434653122,0.000713006120130807,1.6292495071251358,9.008338873703151,0.000713006120130807,1.5669815329651455,1.4239665872115719
2017-05-01 00:00:00+00:00,24.0,10.75324837537185,9.73194953041819,0.000713006120130807,2.252647989790475,9.079148434653122,0.000713006120130807,1.6733869345985957,13.24675162462815
2017-05-02 00:00:00+00:00,9.0,12.384416479634204,9.566060358185071,0.000713006120130807,2.5037583652549857,9.73194953041819,0.000713006120130807,2.6517539430958834,-3.3844164796342042
2017-05-03 00:00:00+00:00,11.0,11.425821740908109,9.545811750965838,0.000713006120130807,1.8404278152795184,9.566060358185071,0.000713006120130807,1.859048376602906,-0.4258217409081091
2017-05-04 00:00:00+00:00,14.0,10.269837262229933,9.730146731941671,0.000713006120130807,0.8864270606777833,9.545811750965838,0.000713006120130807,0.7233125051439641,3.7301627377700672
2017-05-05 00:00:00+00:00,2.0,0.8221281749307003,9.788841967216612,0.000713006120130807,-8.857224952634843,9.730146731941671,0.000713006120130807,-8.908731563131102,1.1778718250692997
2017-05-06 00:00:00+00:00,0.0,0.8021070587796615,9.750070239684916,0.000713006120130807,-9.0225228819462,9.788841967216612,0.000713006120130807,-8.987447914557082,-0.8021070587796615
2017-05-07 00:00:00+00:00,13.0,11.380032752930184,9.830528180817279,0.000713006120130807,1.7000883031941523,9.750070239684916,0.000713006120130807,1.6292495071251358,1.619967247069816
2017-05-08 00:00:00+00:00,18.0,12.083889176727885,10.122469218849991,0.000713006120130807,2.511350854857359,9.830528180817279,0.000713006120130807,2.252647989790475,5.916110823272115
2017-05-09 00:00:00+00:00,10.0,12.626940590225107,9.993867754552646,0.000713006120130807,2.388886099107028,10.122469218849991,0.000713006120130807,2.5037583652549857,-2.6269405902251073
2017-05-10 00:00:00+00:00,6.0,11.835008575952296,9.707345089379563,0.000713006120130807,1.5852714327535742,9.993867754552646,0.000713006120130807,1.8404278152795184,-5.835008575952296
2017-05-11 00:00:00+00:00,13.0,10.594485156177479,9.82647260371803,0.000713006120130807,0.9916167031046661,9.707345089379563,0.000713006120130807,0.8864270606777833,2.4055148438225213
2017-05-12 00:00:00+00:00,0.0,0.9699606572033179,9.779438070674633,0.000713006120130807,-8.89963991214398,9.82647260371803,0.000713006120130807,-8.857224952634843,-0.9699606572033179
2017-05-13 00:00:00+00:00,2.0,0.7576281948485644,9.841308398982623,0.000713006120130807,-8.968195781749449,9.779438070674633,0.000713006120130807,-9.0225228819462,1.2423718051514356
2017-05-14 00:00:00+00:00,8.0,11.542109708296906,9.667656578279715,0.000713006120130807,1.5451970313280157,9.841308398982623,0.000713006120130807,1.7000883031941523,-3.5421097082969055
2017-05-15 00:00:00+00:00,15.0,12.179720439257204,9.807201409978145,0.000713006120130807,2.6346775511362153,9.667656578279715,0.000713006120130807,2.511350854857359,2.8202795607427955
2017-05-16 00:00:00+00:00,12.0,12.196800515205304,9.798226662025588,0.000713006120130807,2.38028030069467,9.807201409978145,0.000713006120130807,2.388886099107028,-0.19680051520530384
2017-05-17 00:00:00+00:00,8.0,11.384211100899293,9.632347599820248,0.000713006120130807,1.437284835824078,9.798226662025588,0.000713006120130807,1.5852714327535742,-3.384211100899293
2017-05-18 00:00:00+00:00,11.0,10.624677309045046,9.651536339726327,0.000713006120130807,1.008029014904626,9.632347599820248,0.000713006120130807,0.9916167031046661,0.3753226909549543
2017-05-19 00:00:00+00:00,1.0,0.752609433702478,9.664427459118636,0.000713006120130807,-8.88882188486161,9.651536339726327,0.000713006120130807,-8.89963991214398,0.24739056629752199
2017-05-20 00:00:00+00:00,0.0,0.6969446834893187,9.630832482412261,0.000713006120130807,-8.9986721524257,9.664427459118636,0.000713006120130807,-8.968195781749449,-0.6969446834893187
2017-05-21 00:00:00+00:00,9.0,11.176742519860408,9.524392587077994,0.000713006120130807,1.4500112677034362,9.630832482412261,0.000713006120130807,1.5451970313280157,-2.176742519860408
2017-05-22 00:00:00+00:00,7.0,12.159783144334341,9.271108747109789,0.000713006120130807,2.4090477881993504,9.524392587077994,0.000713006120130807,2.6346775511362153,-5.159783144334341
2017-05-23 00:00:00+00:00,7.0,11.65210205392459,9.04281615041202,0.000713006120130807,2.17685068859214,9.271108747109789,0.000713006120130807,2.38028030069467,-4.65210205392459
2017-05-24 00:00:00+00:00,12.0,10.48081399235623,9.118313007668753,0.000713006120130807,1.503716615837555,9.04281615041202,0.000713006120130807,1.437284835824078,1.5191860076437695
2017-05-25 00:00:00+00:00,13.0,10.12705502869351,9.260450360759448,0.000713006120130807,1.1336586924848393,9.118313007668753,0.000713006120130807,1.008029014904626,2.87294497130649
2017-05-26 00:00:00+00:00,0.0,0.3723414820179691,9.242834386871133,0.000713006120130807,-8.90510383275927,9.260450360759448,0.000713006120130807,-8.88882188486161,-0.3723414820179691
2017-05-27 00:00:00+00:00,0.0,0.2448752405655643,9.231493099807048,0.000713006120130807,-9.009380188196271,9.242834386871133,0.000713006120130807,-8.9986721524257,-0.2448752405655643
2017-05-28 00:00:00+00:00,12.0,10.682217373630616,9.297075621091853,0.000713006120130807,1.5076359727099877,9.231493099807048,0.000713006120130807,1.4500112677034362,1.3177826263693841
2017-05-29 00:00:00+00:00,15.0,11.706836415411335,9.459898766483429,0.000713006120130807,2.553053010534894,9.297075621091853,0.000713006120130807,2.4090477881993504,3.2931635845886653
2017-05-30 00:00:00+00:00,8.0,11.6374624611957,9.281553086014588,0.000713006120130807,2.017789780438952,9.459898766483429,0.000713006120130807,2.17685068859214,-3.6374624611956996
2017-05-31 00:00:00+00:00,6.0,10.785982707972273,9.046670044926207,0.000713006120130807,1.294432598735896,9.281553086014588,0.000713006120130807,1.503716615837555,-4.785982707972273
2017-06-01 00:00:00+00:00,6.0,10.181041743531178,8.841565987322122,0.000713006120130807,0.950827858119652,9.046670044926207,0.000713006120130807,1.1336586924848393,-4.181041743531178
2017-06-02 00:00:00+00:00,1.0,-0.06282483931701677,8.894597889329823,0.000713006120130807,-8.858628058520226,8.841565987322122,0.000713006120130807,-8.90510383275927,1.0628248393170168
2017-06-03 00:00:00+00:00,0.0,-0.11406929274631672,8.90092610054339,0.000713006120130807,-9.004392105022857,8.894597889329823,0.000713006120130807,-9.009380188196271,0.11406929274631672
2017-06-04 00:00:00+00:00,7.0,10.40927507937351,8.73381323232241,0.000713006120130807,1.3585533646956844,8.90092610054339,0.000713006120130807,1.5076359727099877,-3.4092750793735096
2017-06-05 00:00:00+00:00,7.0,11.287579248977435,8.523464731373224,0.000713006120130807,2.3655634470283244,8.73381323232241,0.000713006120130807,2.553053010534894,-4.287579248977435
2017-06-06 00:00:00+00:00,9.0,10.541967517932306,8.448272437722082,0.000713006120130807,1.9503617983328754,8.523464731373224,0.000713006120130807,2.017789780438952,-1.5419675179323065
2017-06-07 00:00:00+00:00,2.0,9.74341804257811,8.067805904752861,0.000713006120130807,0.9558242641615289,8.448272437722082,0.000713006120130807,1.294432598735896,-7.74341804257811
2017-06-08 00:00:00+00:00,6.0,9.019346768992644,7.919887750392297,0.000713006120130807,0.8187962442600567,8.067805904752861,0.000713006120130807,0.950827858119652,-3.0193467689926443
2017-06-09 00:00:00+00:00,1.0,-0.9380273020077992,8.016002599685544,0.000713006120130807,-8.773880961891303,7.919887750392297,0.000713006120130807,-8.858628058520226,1.9380273020077992
2017-06-10 00:00:00+00:00,1.0,-0.9876764992171818,8.114561493456872,0.000713006120130807,-8.9174739216868,8.016002599685544,0.000713006120130807,-9.004392105022857,1.9876764992171818
2017-06-11 00:00:00+00:00,12.0,9.473827864272687,8.239628515473102,0.000713006120130807,1.469019173854298,8.114561493456872,0.000713006120130807,1.3585533646956844,2.526172135727313
2017-06-12 00:00:00+00:00,13.0,10.605904968621559,8.358193875111926,0.000713006120130807,2.470253717775727,8.239628515473102,0.000713006120130807,2.3655634470283244,2.3940950313784413
2017-06-13 00:00:00+00:00,5.0,10.309268679564934,8.097551420755808,0.000713006120130807,1.7181952517884271,8.358193875111926,0.000713006120130807,1.9503617983328754,-5.3092686795649335
2017-06-14 00:00:00+00:00,6.0,9.054088691037467,7.947923051376591,0.000713006120130807,0.8222734369133724,8.097551420755808,0.000713006120130807,0.9558242641615289,-3.0540886910374674
2017-06-15 00:00:00+00:00,6.0,8.767432301756779,7.81240570502909,0.000713006120130807,0.6977804812478381,7.947923051376591,0.000713006120130807,0.8187962442600567,-2.767432301756779
2017-06-16 00:00:00+00:00,2.0,-0.9607622507420821,7.958865974681343,0.000713006120130807,-8.64441116324659,7.81240570502909,0.000713006120130807,-8.773880961891303,2.960762250742082
2017-06-17 00:00:00+00:00,4.0,-0.9578949408853275,8.20363762493363,0.000713006120130807,-8.700672434320774,7.958865974681343,0.000713006120130807,-8.9174739216868,4.9578949408853275
2017-06-18 00:00:00+00:00,12.0,9.67336980490806,8.318881942745833,0.000713006120130807,1.5707593060799656,8.20363762493363,0.000713006120130807,1.469019173854298,2.3266301950919406
2017-06-19 00:00:00+00:00,11.0,10.78984866664169,8.329939913834671,0.000713006120130807,2.4794433279202086,8.318881942745833,0.000713006120130807,2.470253717775727,0.2101513333583096
2017-06-20 00:00:00+00:00,7.0,10.04884817174323,8.180569515640554,0.000713006120130807,1.5848735847768447,8.329939913834671,0.000713006120130807,1.7181952517884271,-3.0488481717432308
2017-06-21 00:00:00+00:00,8.0,9.003555958674058,8.131881211425336,0.000713006120130807,0.7783894040547167,8.180569515640554,0.000713006120130807,0.8222734369133724,-1.003555958674058
2017-06-22 00:00:00+00:00,7.0,8.830374698793305,8.042491709814326,0.000713006120130807,0.6177408753531899,8.131881211425336,0.000713006120130807,0.6977804812478381,-1.830374698793305
2017-06-23 00:00:00+00:00,0.0,-0.6012064473121317,8.072799863093488,0.000713006120130807,-8.618121285476803,8.042491709814326,0.000713006120130807,-8.64441116324659,0.6012064473121317
2017-06-24 00:00:00+00:00,2.0,-0.6271595651071546,8.2028381189464,0.000713006120130807,-8.585790592721805,8.072799863093488,0.000713006120130807,-8.700672434320774,2.6271595651071546
2017-06-25 00:00:00+00:00,0.0,9.774310431146496,7.72239834155748,0.000713006120130807,1.1433430205966295,8.2028381189464,0.000713006120130807,1.5707593060799656,-9.774310431146496
2017-06-26 00:00:00+00:00,1.0,10.202554675597819,7.2701039638064655,0.000713006120130807,2.077029084571897,7.72239834155748,0.000713006120130807,2.4794433279202086,-9.202554675597819
2017-06-27 00:00:00+00:00,0.0,8.85569055470344,6.834884410764919,0.000713006120130807,1.1976272016233243,7.2701039638064655,0.000713006120130807,1.5848735847768447,-8.85569055470344
2017-06-28 00:00:00+00:00,2.0,7.613986820939766,6.559241820804247,0.000713006120130807,0.532897979297807,6.834884410764919,0.000713006120130807,0.7783894040547167,-5.613986820939766
2017-06-29 00:00:00+00:00,7.0,7.177695702277568,6.551207531412256,0.000713006120130807,0.6099705024405586,6.559241820804247,0.000713006120130807,0.6177408753531899,-0.1776957022775676
2017-06-30 00:00:00+00:00,1.0,-2.066200747944417,6.702858144339903,0.000713006120130807,-8.484040815712257,6.551207531412256,0.000713006120130807,-8.618121285476803,3.066200747944417
2017-07-01 00:00:00+00:00,0.0,-1.8822194422617722,6.796225781208534,0.000713006120130807,-8.503483892096412,6.702858144339903,0.000713006120130807,-8.585790592721805,1.8822194422617722
2017-07-02 00:00:00+00:00,56.0,7.9402818079252935,9.16273915203684,0.000713006120130807,3.2449241373141424,6.796225781208534,0.000713006120130807,1.1433430205966295,48.059718192074705
2017-07-03 00:00:00+00:00,23.0,11.240481242728869,9.742329330377522,0.000713006120130807,2.591255623795379,9.16273915203684,0.000713006120130807,2.077029084571897,11.759518757271131
2017-07-04 00:00:00+00:00,14.0,10.940669538120979,9.8936417447911,0.000713006120130807,1.3314072438363862,9.742329330377522,0.000713006120130807,1.1976272016233243,3.0593304618790214
2017-07-05 00:00:00+00:00,11.0,10.42725273020904,9.922548959090765,0.000713006120130807,0.5579433788990616,9.8936417447911,0.000713006120130807,0.532897979297807,0.5727472697909608
2017-07-06 00:00:00+00:00,9.0,10.533232467651455,9.84778665932884,0.000713006120130807,0.5429244912950781,9.922548959090765,0.000713006120130807,0.6099705024405586,-1.5332324676514553
2017-07-07 00:00:00+00:00,0.0,1.3644588497367138,9.781332454200763,0.000713006120130807,-8.543706603632288,9.84778665932884,0.000713006120130807,-8.484040815712257,-1.3644588497367138
2017-07-08 00:00:00+00:00,0.0,1.2785615682244824,9.719106651310023,0.000713006120130807,-8.559393517650237,9.781332454200763,0.000713006120130807,-8.503483892096412,-1.2785615682244824
2017-07-09 00:00:00+00:00,12.0,12.964743794744297,9.672328924914117,0.000713006120130807,3.2027373035628086,9.719106651310023,0.000713006120130807,3.2449241373141424,-0.9647437947442974
2017-07-10 00:00:00+00:00,9.0,12.264297554829628,9.512352758557881,0.000713006120130807,2.448512670681094,9.672328924914117,0.000713006120130807,2.591255623795379,-3.2642975548296285
2017-07-11 00:00:00+00:00,8.0,10.844473008514399,9.373042986058065,0.000713006120130807,1.207022603505884,9.512352758557881,0.000713006120130807,1.3314072438363862,-2.8444730085143988
2017-07-12 00:00:00+00:00,9.0,9.931699371077258,9.327891913177908,0.000713006120130807,0.51720152941738,9.373042986058065,0.000713006120130807,0.5579433788990616,-0.9316993710772579
2017-07-13 00:00:00+00:00,6.0,9.871529410593118,9.138023991316858,0.000713006120130807,0.37362817812067634,9.327891913177908,0.000713006120130807,0.5429244912950781,-3.8715294105931175
2017-07-14 00:00:00+00:00,5.0,0.5950303938047021,9.355577193195437,0.000713006120130807,-8.351083731665028,9.138023991316858,0.000713006120130807,-8.543706603632288,4.404969606195298
2017-07-15 00:00:00+00:00,0.0,0.7968966816653307,9.317061953061941,0.000713006120130807,-8.594240642876178,9.355577193195437,0.000713006120130807,-8.559393517650237,-0.7968966816653307
2017-07-16 00:00:00+00:00,13.0,12.52051226274488,9.341378349013398,0.000713006120130807,3.2237046003389924,9.317061953061941,0.000713006120130807,3.2027373035628086,0.47948773725511984
2017-07-17 00:00:00+00:00,12.0,11.790604025814623,9.352399136592346,0.000713006120130807,2.4576692500747956,9.341378349013398,0.000713006120130807,2.448512670681094,0.2093959741853766
2017-07-18 00:00:00+00:00,4.0,10.560134746218361,9.030181219291094,0.000713006120130807,0.92015751514487,9.352399136592346,0.000713006120130807,1.207022603505884,-6.5601347462183615
2017-07-19 00:00:00+00:00,7.0,9.548095754828605,8.90546099165833,0.000713006120130807,0.4057770324918253,9.030181219291094,0.000713006120130807,0.51720152941738,-2.548095754828605
2017-07-20 00:00:00+00:00,7.0,9.279802175899137,8.79394785451127,0.000713006120130807,0.2739357666177056,8.90546099165833,0.000713006120130807,0.37362817812067634,-2.279802175899137
2017-07-21 00:00:00+00:00,0.0,0.443577128966373,8.772825215876042,0.000713006120130807,-8.37048071011417,8.79394785451127,0.000713006120130807,-8.351083731665028,-0.443577128966373
2017-07-22 00:00:00+00:00,0.0,0.17929757911999467,8.76471207207207,0.000713006120130807,-8.60208106351797,8.772825215876042,0.000713006120130807,-8.594240642876178,-0.17929757911999467
2017-07-23 00:00:00+00:00,6.0,11.989129678531194,8.47060260085004,0.000713006120130807,2.9618087276318326,8.76471207207207,0.000713006120130807,3.2237046003389924,-5.989129678531194
2017-07-24 00:00:00+00:00,4.0,10.928984857044966,8.130227570699546,0.000713006120130807,2.1546748863669243,8.47060260085004,0.000713006120130807,2.4576692500747956,-6.928984857044966
2017-07-25 00:00:00+00:00,10.0,9.051098091964548,8.177651472441882,0.000713006120130807,0.9616516063830782,8.130227570699546,0.000713006120130807,0.92015751514487,0.9489019080354524
2017-07-26 00:00:00+00:00,8.0,8.584141511053838,8.149609374456551,0.000713006120130807,0.38023337940140783,8.177651472441882,0.000713006120130807,0.4057770324918253,-0.5841415110538382
2017-07-27 00:00:00+00:00,4.0,8.424258147194388,7.932532682011166,0.000713006120130807,0.08046943499113746,8.149609374456551,0.000713006120130807,0.2739357666177056,-4.424258147194388
2017-07-28 00:00:00+00:00,1.0,-0.43723502198287445,8.003995398431078,0.000713006120130807,-8.30763252672673,7.932532682011166,0.000713006120130807,-8.37048071011417,1.4372350219828744
2017-07-29 00:00:00+00:00,0.0,-0.5973726589667603,8.03411482863389,0.000713006120130807,-8.575958831699829,8.003995398431078,0.000713006120130807,-8.60208106351797,0.5973726589667603
2017-07-30 00:00:00+00:00,7.0,10.996636562385852,7.838088349118466,0.000713006120130807,2.7870416618674314,8.03411482863389,0.000713006120130807,2.9618087276318326,-3.996636562385852
2017-07-31 00:00:00+00:00,6.0,9.99347624160552,7.64221744038739,0.000713006120130807,1.9800460168035117,7.838088349118466,0.000713006120130807,2.1546748863669243,-3.9934762416055207
2017-08-01 00:00:00+00:00,8.0,8.6045820528906,7.613169130897883,0.000713006120130807,0.9352141183232603,7.64221744038739,0.000713006120130807,0.9616516063830782,-0.6045820528905992
2017-08-02 00:00:00+00:00,6.0,7.994115516419421,7.515719280607564,0.000713006120130807,0.2930336272698706,7.613169130897883,0.000713006120130807,0.38023337940140783,-1.9941155164194209
2017-08-03 00:00:00+00:00,6.0,7.596901721718831,7.437822781350516,0.000713006120130807,0.010639260577601145,7.515719280607564,0.000713006120130807,0.08046943499113746,-1.5969017217188313
2017-08-04 00:00:00+00:00,0.0,-0.8690967392560829,7.481318172803855,0.000713006120130807,-8.269628198683822,7.437822781350516,0.000713006120130807,-8.30763252672673,0.8690967392560829
2017-08-05 00:00:00+00:00,0.0,-1.093927652775844,7.535881150111045,0.000713006120130807,-8.528122976963004,7.481318172803855,0.000713006120130807,-8.575958831699829,1.093927652775844
2017-08-06 00:00:00+00:00,7.0,10.323635818098607,7.372983982755138,0.000713006120130807,2.641703933372098,7.535881150111045,0.000713006120130807,2.7870416618674314,-3.323635818098607
2017-08-07 00:00:00+00:00,5.0,9.35374300567878,7.15937848726618,0.000713006120130807,1.789663209080675,7.372983982755138,0.000713006120130807,1.9800460168035117,-4.35374300567878
2017-08-08 00:00:00+00:00,5.0,8.09530561170957,7.007721162877935,0.000713006120130807,0.799860935476023,7.15937848726618,0.000713006120130807,0.9352141183232603,-3.09530561170957
2017-08-09 00:00:00+00:00,11.0,7.301467796267936,7.190499090841847,0.000713006120130807,0.45476502585756945,7.007721162877935,0.000713006120130807,0.2930336272698706,3.6985322037320643
2017-08-10 00:00:00+00:00,6.0,7.201851357539579,7.132049445016569,0.000713006120130807,-0.04191593976735221,7.190499090841847,0.000713006120130807,0.010639260577601145,-1.2018513575395788
2017-08-11 00:00:00+00:00,0.0,-1.136865747547123,7.1887261043029955,0.000713006120130807,-8.219914723924374,7.132049445016569,0.000713006120130807,-8.269628198683822,1.136865747547123
2017-08-12 00:00:00+00:00,0.0,-1.3386838665398786,7.255337515549672,0.000713006120130807,-8.469584291323384,7.1887261043029955,0.000713006120130807,-8.528122976963004,1.3386838665398786
2017-08-13 00:00:00+00:00,14.0,9.8977544550419,7.45798874293854,0.000713006120130807,2.8210891253319663,7.255337515549672,0.000713006120130807,2.641703933372098,4.1022455449581
2017-08-14 00:00:00+00:00,5.0,9.248364958139346,7.2495706150139245,0.000713006120130807,1.6038884291024114,7.45798874293854,0.000713006120130807,1.789663209080675,-4.248364958139346
2017-08-15 00:00:00+00:00,4.0,8.050144556610078,7.050910136860711,0.000713006120130807,0.6227540434603394,7.2495706150139245,0.000713006120130807,0.799860935476023,-4.050144556610078
2017-08-16 00:00:00+00:00,11.0,7.506388168838411,7.223600600511458,0.000713006120130807,0.6075355565578688,7.050910136860711,0.000713006120130807,0.45476502585756945,3.493611831161589
2017-08-17 00:00:00+00:00,10.0,7.182397666864236,7.363013642297516,0.000713006120130807,0.08129368526773173,7.223600600511458,0.000713006120130807,-0.04191593976735221,2.8176023331357642
2017-08-18 00:00:00+00:00,1.0,-0.8561880755067275,7.455099852239822,0.000713006120130807,-8.138746336857043,7.363013642297516,0.000713006120130807,-8.219914723924374,1.8561880755067275
2017-08-19 00:00:00+00:00,1.0,-1.0137714329634315,7.55494330210295,0.000713006120130807,-8.381525014737802,7.455099852239822,0.000713006120130807,-8.469584291323384,2.0137714329634315
2017-08-20 00:00:00+00:00,7.0,10.376745433555048,7.389431746807558,0.000713006120130807,2.6734289911056357,7.55494330210295,0.000713006120130807,2.8210891253319663,-3.3767454335550475
2017-08-21 00:00:00+00:00,10.0,8.9940331820301,7.439664740858662,0.000713006120130807,1.6478778853085565,7.389431746807558,0.000713006120130807,1.6038884291024114,1.0059668179699006
2017-08-22 00:00:00+00:00,6.0,8.063131790439131,7.338817477258634,0.000713006120130807,0.5325363107063118,7.439664740858662,0.000713006120130807,0.6227540434603394,-2.0631317904391313
2017-08-23 00:00:00+00:00,12.0,7.947066039936633,7.539041279562277,0.000713006120130807,0.7847644251028554,7.338817477258634,0.000713006120130807,0.6075355565578688,4.052933960063367
2017-08-24 00:00:00+00:00,5.0,7.62104797095014,7.410729886895691,0.000713006120130807,-0.03332090526617447,7.539041279562277,0.000713006120130807,0.08129368526773173,-2.6210479709501397
2017-08-25 00:00:00+00:00,1.0,-0.7273034438412216,7.496471587963,0.000713006120130807,-8.063213886044286,7.410729886895691,0.000713006120130807,-8.138746336857043,1.7273034438412216
2017-08-26 00:00:00+00:00,2.0,-0.8843404206546719,7.639169896449149,0.000713006120130807,-8.255397030840623,7.496471587963,0.000713006120130807,-8.381525014737802,2.884340420654672
2017-08-27 00:00:00+00:00,40.0,10.313311893674914,9.10124764191774,0.000713006120130807,3.9715844004401712,7.639169896449149,0.000713006120130807,2.6734289911056357,29.686688106325086
2017-08-28 00:00:00+00:00,22.0,10.749838533346427,9.655764063914411,0.000713006120130807,2.1398309759165874,9.10124764191774,0.000713006120130807,1.6478778853085565,11.250161466653573
2017-08-29 00:00:00+00:00,25.0,10.189013380740855,10.385566604132341,0.000713006120130807,1.1801990721605329,9.655764063914411,0.000713006120130807,0.5325363107063118,14.810986619259145
2017-08-30 00:00:00+00:00,16.0,11.171044035355328,10.62399107032924,0.000713006120130807,0.995927599805598,10.385566604132341,0.000713006120130807,0.7847644251028554,4.828955964644672
2017-08-31 00:00:00+00:00,0.0,10.591383171183196,10.103329854715351,0.000713006120130807,-0.4964665854701174,10.62399107032924,0.000713006120130807,-0.03332090526617447,-10.591383171183196
2017-09-01 00:00:00+00:00,0.0,2.0408289747911965,10.00358047540135,0.000713006120130807,-8.152456349321534,10.103329854715351,0.000713006120130807,-8.063213886044286,-2.0408289747911965
2017-09-02 00:00:00+00:00,0.0,1.7488964506808582,9.918201843523907,0.000713006120130807,-8.331873712230138,10.00358047540135,0.000713006120130807,-8.255397030840623,-1.7488964506808582
2017-09-03 00:00:00+00:00,0.0,13.89049925008421,9.235137469583432,0.000713006120130807,3.3641732040389063,9.918201843523907,0.000713006120130807,3.9715844004401712,-13.89049925008421
2017-09-04 00:00:00+00:00,2.0,11.37568145162015,8.77432070748931,0.000713006120130807,1.7298461521118407,9.235137469583432,0.000713006120130807,2.1398309759165874,-9.37568145162015
2017-09-05 00:00:00+00:00,12.0,9.955232785769974,8.875689963857003,0.000713006120130807,1.2696137488828265,8.77432070748931,0.000713006120130807,1.1801990721605329,2.044767214230026
2017-09-06 00:00:00+00:00,7.0,9.872330569782731,8.735008867698046,0.000713006120130807,0.8703247891045298,8.875689963857003,0.000713006120130807,0.995927599805598,-2.872330569782731
2017-09-07 00:00:00+00:00,22.0,8.23925528834806,9.413111922743823,0.000713006120130807,0.10527063492721389,8.735008867698046,0.000713006120130807,-0.4964665854701174,13.76074471165194
2017-09-08 00:00:00+00:00,0.0,1.2613685795424203,9.35173246644904,0.000713006120130807,-8.20761415065097,9.413111922743823,0.000713006120130807,-8.152456349321534,-1.2613685795424203
2017-09-09 00:00:00+00:00,0.0,1.020571760339033,9.302206537892706,0.000713006120130807,-8.376501821184329,9.35173246644904,0.000713006120130807,-8.331873712230138,-1.020571760339033
2017-09-10 00:00:00+00:00,9.0,12.667092748051743,9.12240226910734,0.000713006120130807,3.203816606820487,9.302206537892706,0.000713006120130807,3.3641732040389063,-3.6670927480517435
2017-09-11 00:00:00+00:00,2.0,10.852961427339313,8.687317060809297,0.000713006120130807,1.3427191097024886,9.12240226910734,0.000713006120130807,1.7298461521118407,-8.852961427339313
2017-09-12 00:00:00+00:00,12.0,9.957643815812254,8.788567631176157,0.000713006120130807,1.358922994791139,8.687317060809297,0.000713006120130807,1.2696137488828265,2.042356184187746
2017-09-13 00:00:00+00:00,13.0,9.659605426400818,8.95371578169115,0.000713006120130807,1.016395353442948,8.788567631176157,0.000713006120130807,0.8703247891045298,3.3403945735991822
2017-09-14 00:00:00+00:00,13.0,9.059699422738495,9.148395063383042,0.000713006120130807,0.2775742105384718,8.95371578169115,0.000713006120130807,0.10527063492721389,3.940300577261505
2017-09-15 00:00:00+00:00,0.0,0.9414939188522027,9.102761841510551,0.000713006120130807,-8.248784301367552,9.148395063383042,0.000713006120130807,-8.20761415065097,-0.9414939188522027
2017-09-16 00:00:00+00:00,0.0,0.7269730264463536,9.067688681673026,0.000713006120130807,-8.40829128733635,9.102761841510551,0.000713006120130807,-8.376501821184329,-0.7269730264463536
2017-09-17 00:00:00+00:00,10.0,12.272218294613644,8.956548870666568,0.000713006120130807,3.1044558273432665,9.067688681673026,0.000713006120130807,3.203816606820487,-2.272218294613644
2017-09-18 00:00:00+00:00,17.0,10.299980986489189,9.28707878004789,0.000713006120130807,1.635701132280486,8.956548870666568,0.000713006120130807,1.3427191097024886,6.700019013510811
2017-09-19 00:00:00+00:00,7.0,10.646714780959162,9.108277642445836,0.000713006120130807,1.199457496240167,9.28707878004789,0.000713006120130807,1.358922994791139,-3.6467147809591616
2017-09-20 00:00:00+00:00,7.0,10.125386002008916,8.955139572830243,0.000713006120130807,0.8797267991658586,9.108277642445836,0.000713006120130807,1.016395353442948,-3.1253860020089164
2017-09-21 00:00:00+00:00,4.0,9.233426789488846,8.698230531360258,0.000713006120130807,0.048724118813901096,8.955139572830243,0.000713006120130807,0.2775742105384718,-5.2334267894888455
2017-09-22 00:00:00+00:00,0.0,0.45015923611283704,8.676783880182438,0.000713006120130807,-8.26846910572595,8.698230531360258,0.000713006120130807,-8.248784301367552,-0.45015923611283704
2017-09-23 00:00:00+00:00,0.0,0.2692055989662183,8.664244900477966,0.000713006120130807,-8.420063254059936,8.676783880182438,0.000713006120130807,-8.40829128733635,-0.2692055989662183
2017-09-24 00:00:00+00:00,7.0,11.769413733941363,8.430177488075723,0.000713006120130807,2.8958963472188657,8.664244900477966,0.000713006120130807,3.1044558273432665,-4.769413733941363
2017-09-25 00:00:00+00:00,7.0,10.06659162647634,8.279933645898621,0.000713006120130807,1.501603569969988,8.430177488075723,0.000713006120130807,1.635701132280486,-3.06659162647634
2017-09-26 00:00:00+00:00,7.0,9.48010414825892,8.158560391025388,0.000713006120130807,1.0910061727296347,8.279933645898621,0.000713006120130807,1.199457496240167,-2.4801041482589206
2017-09-27 00:00:00+00:00,3.0,9.039000196311378,7.861995980540479,0.000713006120130807,0.6156501617270185,8.158560391025388,0.000713006120130807,0.8797267991658586,-6.0390001963113775
2017-09-28 00:00:00+00:00,5.0,7.911433105474511,7.719390012645259,0.000713006120130807,-0.0785885885265354,7.861995980540479,0.000713006120130807,0.048724118813901096,-2.9114331054745106
2017-09-29 00:00:00+00:00,1.0,-0.5483660869605611,7.796323296183436,0.000713006120130807,-8.200761323563826,7.719390012645259,0.000713006120130807,-8.26846910572595,1.548366086960561
2017-09-30 00:00:00+00:00,1.0,-0.62302695175637,7.876931855145773,0.000713006120130807,-8.34909066158441,7.796323296183436,0.000713006120130807,-8.420063254059936,1.62302695175637
2017-10-01 00:00:00+00:00,8.0,10.773541208484769,7.741113790144299,0.000713006120130807,2.7746134506589217,7.876931855145773,0.000713006120130807,2.8958963472188657,-2.773541208484769
2017-10-02 00:00:00+00:00,13.0,9.243430366234417,7.926748683947904,0.000713006120130807,1.6658728604057784,7.741113790144299,0.000713006120130807,1.501603569969988,3.756569633765583
2017-10-03 00:00:00+00:00,7.0,9.018467862797669,7.828100058631213,0.000713006120130807,1.0027415281430117,7.926748683947904,0.000713006120130807,1.0910061727296347,-2.018467862797669
2017-10-04 00:00:00+00:00,10.0,8.444463226478362,7.9053863282774985,0.000713006120130807,0.6836715075145152,7.828100058631213,0.000713006120130807,0.6156501617270185,1.5555367735216379
2017-10-05 00:00:00+00:00,17.0,7.827510745871093,8.357626709901018,0.000713006120130807,0.3225109379569645,7.9053863282774985,0.000713006120130807,-0.0785885885265354,9.172489254128907
2017-10-06 00:00:00+00:00,1.0,0.15757839245732264,8.399808984284382,0.000713006120130807,-8.163923459978133,8.357626709901018,0.000713006120130807,-8.200761323563826,0.8424216075426774
2017-10-07 00:00:00+00:00,0.0,0.051431328820102706,8.397990218245681,0.000713006120130807,-8.351339678297826,8.399808984284382,0.000713006120130807,-8.34909066158441,-0.051431328820102706
2017-10-08 00:00:00+00:00,10.0,11.173316675024735,8.340945228228636,0.000713006120130807,2.7233060302053334,8.397990218245681,0.000713006120130807,2.7746134506589217,-1.1733166750247346
2017-10-09 00:00:00+00:00,7.0,10.007531094754546,8.193608715364803,0.000713006120130807,1.5343579286823712,8.340945228228636,0.000713006120130807,1.6658728604057784,-3.0075310947545457
2017-10-10 00:00:00+00:00,6.0,9.197063249627947,8.036942242651198,0.000713006120130807,0.862938632763621,8.193608715364803,0.000713006120130807,1.0027415281430117,-3.1970632496279467
2017-10-11 00:00:00+00:00,11.0,8.721326756285844,8.149825818924999,0.000713006120130807,0.7833145524658028,8.036942242651198,0.000713006120130807,0.6836715075145152,2.278673243714156
2017-10-12 00:00:00+00:00,4.0,8.473049763002095,7.930347297529822,0.000713006120130807,0.1269110204024514,8.149825818924999,0.000713006120130807,0.3225109379569645,-4.473049763002095
2017-10-13 00:00:00+00:00,0.0,-0.23286315632817978,7.942523286807002,0.000713006120130807,-8.153740695065474,7.930347297529822,0.000713006120130807,-8.163923459978133,0.23286315632817978
2017-10-14 00:00:00+00:00,0.0,-0.4081033853706941,7.963325697823141,0.000713006120130807,-8.333493914722272,7.942523286807002,0.000713006120130807,-8.351339678297826,0.4081033853706941
2017-10-15 00:00:00+00:00,12.0,10.687344734148605,8.028655818306614,0.000713006120130807,2.780706523242931,7.963325697823141,0.000713006120130807,2.7233060302053334,1.3126552658513955
2017-10-16 00:00:00+00:00,14.0,9.563726753109117,8.247749981459213,0.000713006120130807,1.7283496630284625,8.028655818306614,0.000713006120130807,1.5343579286823712,4.436273246890883
2017-10-17 00:00:00+00:00,9.0,9.111401620342965,8.242979102031303,0.000713006120130807,0.8580672029989097,8.247749981459213,0.000713006120130807,0.862938632763621,-0.1114016203429653
2017-10-18 00:00:00+00:00,17.0,9.027006660617237,8.636172781357672,0.000713006120130807,1.1319618786693186,8.242979102031303,0.000713006120130807,0.7833145524658028,7.972993339382763
2017-10-19 00:00:00+00:00,15.0,8.763796807880254,8.943870770771861,0.000713006120130807,0.39961105614118697,8.636172781357672,0.000713006120130807,0.1269110204024514,6.236203192119746
2017-10-20 00:00:00+00:00,2.0,0.7908430818265177,9.004106054292196,0.000713006120130807,-8.100866033249401,8.943870770771861,0.000713006120130807,-8.153740695065474,1.2091569181734823
2017-10-21 00:00:00+00:00,0.0,0.6713251456900551,8.971772231711338,0.000713006120130807,-8.362849980517774,9.004106054292196,0.000713006120130807,-8.333493914722272,-0.6713251456900551
2017-10-22 00:00:00+00:00,10.0,11.753191761074401,8.886182157751461,0.000713006120130807,2.7040420142182766,8.971772231711338,0.000713006120130807,2.780706523242931,-1.753191761074401
2017-10-23 00:00:00+00:00,12.0,10.615244826900055,8.955061487287356,0.000713006120130807,1.7889029794551834,8.886182157751461,0.000713006120130807,1.7283496630284625,1.3847551730999452
2017-10-24 00:00:00+00:00,19.0,9.813841696406397,9.407974745145388,0.000713006120130807,1.2597644570039002,8.955061487287356,0.000713006120130807,0.8580672029989097,9.186158303593603
2017-10-25 00:00:00+00:00,10.0,10.540649629934839,9.382073589972121,0.000713006120130807,1.1083200618677642,9.407974745145388,0.000713006120130807,1.1319618786693186,-0.5406496299348387
2017-10-26 00:00:00+00:00,5.0,9.782397652233438,9.14736702778319,0.000713006120130807,0.1904838082784361,9.382073589972121,0.000713006120130807,0.39961105614118697,-4.782397652233438
2017-10-27 00:00:00+00:00,2.0,1.04721400065392,9.194982128828912,0.000713006120130807,-8.05920209638452,9.14736702778319,0.000713006120130807,-8.100866033249401,0.9527859993460801
2017-10-28 00:00:00+00:00,0.0,0.8328451544312685,9.154697279692707,0.000713006120130807,-8.399269079828912,9.194982128828912,0.000713006120130807,-8.362849980517774,-0.8328451544312685
2017-10-29 00:00:00+00:00,22.0,11.859452300031116,9.654591561721427,0.000713006120130807,3.1474733192928483,9.154697279692707,0.000713006120130807,2.7040420142182766,10.140547699968884
2017-10-30 00:00:00+00:00,11.0,11.444207547296742,9.633437889947178,0.000713006120130807,1.7694784337353924,9.654591561721427,0.000713006120130807,1.7889029794551834,-0.4442075472967417
2017-10-31 00:00:00+00:00,10.0,10.89391535307121,9.59014678310389,0.000713006120130807,1.2206748473135105,9.633437889947178,0.000713006120130807,1.2597644570039002,-0.8939153530712094
2017-11-01 00:00:00+00:00,13.0,10.699179851091785,9.704120568774588,0.000713006120130807,1.208931558559937,9.59014678310389,0.000713006120130807,1.1083200618677642,2.3008201489082154
2017-11-02 00:00:00+00:00,7.0,9.895317383173156,9.56230791767631,0.000713006120130807,0.06387581788068819,9.704120568774588,0.000713006120130807,0.1904838082784361,-2.895317383173156
2017-11-03 00:00:00+00:00,1.0,1.503818827411921,9.538219805303106,0.000713006120130807,-8.081233356112346,9.56230791767631,0.000713006120130807,-8.05920209638452,-0.5038188274119211
2017-11-04 00:00:00+00:00,0.0,1.1396637315943252,9.482831423956192,0.000713006120130807,-8.449104906334474,9.538219805303106,0.000713006120130807,-8.399269079828912,-1.1396637315943252
2017-11-05 00:00:00+00:00,12.0,12.631017749369171,9.452481783898737,0.000713006120130807,3.119879836928099,9.482831423956192,0.000713006120130807,3.1474733192928483,-0.6310177493691711
2017-11-06 00:00:00+00:00,9.0,11.22267322375426,9.343780891619188,0.000713006120130807,1.6722841876724621,9.452481783898737,0.000713006120130807,1.7694784337353924,-2.22267322375426
2017-11-07 00:00:00+00:00,8.0,10.56516874505283,9.218220224466204,0.000713006120130807,1.1085037735204484,9.343780891619188,0.000713006120130807,1.2206748473135105,-2.56516874505283
2017-11-08 00:00:00+00:00,8.0,10.427864789146273,9.099418518064121,0.000713006120130807,1.10276458574455,9.218220224466204,0.000713006120130807,1.208931558559937,-2.4278647891462732
2017-11-09 00:00:00+00:00,9.0,9.164007342064941,9.092058055502616,0.000713006120130807,0.05670401692028326,9.099418518064121,0.000713006120130807,0.06387581788068819,-0.1640073420649415
2017-11-10 00:00:00+00:00,1.0,1.011537705510401,9.092203103487925,0.000713006120130807,-8.08173788308302,9.092058055502616,0.000713006120130807,-8.081233356112346,-0.011537705510400897
2017-11-11 00:00:00+00:00,0.0,0.6438112032735823,9.06122368949397,0.000713006120130807,-8.477257827708742,9.092203103487925,0.000713006120130807,-8.449104906334474,-0.6438112032735823
2017-11-12 00:00:00+00:00,9.0,12.1818165325422,8.905307755697343,0.000713006120130807,2.980743658165549,9.06122368949397,0.000713006120130807,3.119879836928099,-3.1818165325422
2017-11-13 00:00:00+00:00,12.0,10.578304949489937,8.97600549738247,0.000713006120130807,1.7344528308580438,8.905307755697343,0.000713006120130807,1.6722841876724621,1.4216950505100634
2017-11-14 00:00:00+00:00,7.0,10.08522227702305,8.824844537887245,0.000713006120130807,0.9735915201369678,8.97600549738247,0.000713006120130807,1.1085037735204484,-3.0852222770230497
2017-11-15 00:00:00+00:00,6.0,9.928322129751926,8.632180922652346,0.000713006120130807,0.9309848101063405,8.824844537887245,0.000713006120130807,1.10276458574455,-3.928322129751926
2017-11-16 00:00:00+00:00,17.0,8.68959794569276,9.041983972379802,0.000713006120130807,0.4201057322583183,8.632180922652346,0.000713006120130807,0.05670401692028326,8.31040205430724
2017-11-17 00:00:00+00:00,2.0,0.9609590954169125,9.093845080142668,0.000713006120130807,-8.036302145490014,9.041983972379802,0.000713006120130807,-8.08173788308302,1.0390409045830875
2017-11-18 00:00:00+00:00,0.0,0.6173002585540566,9.064170700906418,0.000713006120130807,-8.504251464282666,9.093845080142668,0.000713006120130807,-8.477257827708742,-0.6173002585540566
2017-11-19 00:00:00+00:00,15.0,12.045627365192098,9.210316433639269,0.000713006120130807,3.1099340482599116,9.064170700906418,0.000713006120130807,2.980743658165549,2.9543726348079016
2017-11-20 00:00:00+00:00,8.0,10.945482270617443,9.066034352559381,0.000713006120130807,1.6056512033741641,9.210316433639269,0.000713006120130807,1.7344528308580438,-2.9454822706174433
2017-11-21 00:00:00+00:00,13.0,10.04033887881648,9.212440417717534,0.000713006120130807,1.1030131679981483,9.066034352559381,0.000713006120130807,0.9735915201369678,2.9596611211835206
2017-11-22 00:00:00+00:00,12.0,10.144138233944005,9.304510564664747,0.000713006120130807,1.0121389281391104,9.212440417717534,0.000713006120130807,0.9309848101063405,1.8558617660559946
2017-11-23 00:00:00+00:00,7.0,9.725329303043196,9.17106579163767,0.000713006120130807,0.3009310717407089,9.304510564664747,0.000713006120130807,0.4201057322583183,-2.725329303043196
2017-11-24 00:00:00+00:00,2.0,1.135476652267787,9.214336052113506,0.000713006120130807,-7.998497805162962,9.17106579163767,0.000713006120130807,-8.036302145490014,0.864523347732213
2017-11-25 00:00:00+00:00,0.0,0.7107975939509714,9.180059148382684,0.000713006120130807,-8.53533360245263,9.214336052113506,0.000713006120130807,-8.504251464282666,-0.7107975939509714
2017-11-26 00:00:00+00:00,16.0,12.290706202762728,9.363366829387132,0.000713006120130807,3.272136035576532,9.180059148382684,0.000713006120130807,3.1099340482599116,3.7092937972372724
2017-11-27 00:00:00+00:00,9.0,10.969731038881427,9.267117335820132,0.000713006120130807,1.519517748746288,9.363366829387132,0.000713006120130807,1.6056512033741641,-1.9697310388814273
2017-11-28 00:00:00+00:00,19.0,10.37084350993841,9.692611475481703,0.000713006120130807,1.4803535481526109,9.267117335820132,0.000713006120130807,1.1030131679981483,8.62915649006159
2017-11-29 00:00:00+00:00,14.0,10.705463409740945,9.855502208812574,0.000713006120130807,1.1562041900025288,9.692611475481703,0.000713006120130807,1.0121389281391104,3.294536590259055
2017-11-30 00:00:00+00:00,8.0,10.157146286673415,9.75002696282218,0.000713006120130807,0.2066022227043503,9.855502208812574,0.000713006120130807,0.3009310717407089,-2.157146286673415
2017-12-01 00:00:00+00:00,1.0,1.752242163779349,9.713709897764916,0.000713006120130807,-8.03139225369633,9.75002696282218,0.000713006120130807,-7.998497805162962,-0.752242163779349
2017-12-02 00:00:00+00:00,1.0,1.179089301432418,9.705607006693333,0.000713006120130807,-8.543164915416062,9.713709897764916,0.000713006120130807,-8.53533360245263,-0.17908930143241797
2017-12-03 00:00:00+00:00,7.0,12.978456048389996,9.412022958404076,0.000713006120130807,3.0107069050891644,9.705607006693333,0.000713006120130807,3.272136035576532,-5.978456048389996
2017-12-04 00:00:00+00:00,15.0,10.932253713270496,9.612975916207319,0.000713006120130807,1.697394338651017,9.412022958404076,0.000713006120130807,1.519517748746288,4.067746286729504
2017-12-05 00:00:00+00:00,18.0,11.09404247048006,9.95364340929928,0.000713006120130807,1.7823409605400096,9.612975916207319,0.000713006120130807,1.4803535481526109,6.90595752951994
2017-12-06 00:00:00+00:00,12.0,11.11056060542194,9.998140193669398,0.000713006120130807,1.195098072580853,9.95364340929928,0.000713006120130807,1.1562041900025288,0.8894393945780603
2017-12-07 00:00:00+00:00,10.0,10.20545542249388,9.988739396967702,0.000713006120130807,0.19761795786711792,9.998140193669398,0.000713006120130807,0.2066022227043503,-0.2054554224938805
2017-12-08 00:00:00+00:00,1.0,1.9580601493915033,9.942290681460914,0.000713006120130807,-8.073286821421298,9.988739396967702,0.000713006120130807,-8.03139225369633,-0.9580601493915033
2017-12-09 00:00:00+00:00,0.0,1.3998387721649834,9.87409485493902,0.000713006120130807,-8.604377815547384,9.942290681460914,0.000713006120130807,-8.543164915416062,-1.3998387721649834
2017-12-10 00:00:00+00:00,15.0,12.885514766148315,9.978896068930526,0.000713006120130807,3.1031702487417605,9.87409485493902,0.000713006120130807,3.0107069050891644,2.114485233851685
2017-12-11 00:00:00+00:00,11.0,11.677003413701675,9.94628272643074,0.000713006120130807,1.6677899705083976,9.978896068930526,0.000713006120130807,1.697394338651017,-0.6770034137016747
2017-12-12 00:00:00+00:00,11.0,11.72933669309088,9.911093212115492,0.000713006120130807,1.7504481347060508,9.94628272643074,0.000713006120130807,1.7823409605400096,-0.7293366930908807
2017-12-13 00:00:00+00:00,14.0,11.106904290816477,10.054222510744196,0.000713006120130807,1.3216089124275836,9.911093212115492,0.000713006120130807,1.195098072580853,2.893095709183523
2017-12-14 00:00:00+00:00,10.0,10.252553474731446,10.042503252899731,0.000713006120130807,0.1865741641574718,10.054222510744196,0.000713006120130807,0.19761795786711792,-0.25255347473144596
2017-12-15 00:00:00+00:00,0.0,1.969929437598564,9.946243992905147,0.000713006120130807,-8.159428951734617,10.042503252899731,0.000713006120130807,-8.073286821421298,-1.969929437598564
2017-12-16 00:00:00+00:00,0.0,1.3425791834778948,9.880866841999651,0.000713006120130807,-8.663086837693928,9.946243992905147,0.000713006120130807,-8.604377815547384,-1.3425791834778948
2017-12-17 00:00:00+00:00,13.0,12.984750096861543,9.88233054387423,0.000713006120130807,3.103837104680022,9.880866841999651,0.000713006120130807,3.1031702487417605,0.0152499031384572
2017-12-18 00:00:00+00:00,10.0,11.55083352050276,9.806701810041918,0.000713006120130807,1.5999742910898156,9.88233054387423,0.000713006120130807,1.6677899705083976,-1.55083352050276
2017-12-19 00:00:00+00:00,13.0,11.5578629508681,9.878405834943306,0.000713006120130807,1.8135106765641116,9.806701810041918,0.000713006120130807,1.7504481347060508,1.4421370491318992
2017-12-20 00:00:00+00:00,16.0,11.200727753491021,10.115369082601415,0.000713006120130807,1.5314740615934594,9.878405834943306,0.000713006120130807,1.3216089124275836,4.799272246508979
2017-12-21 00:00:00+00:00,10.0,10.302656252879018,10.101183452183964,0.000713006120130807,0.1733394493103108,10.115369082601415,0.000713006120130807,0.1865741641574718,-0.302656252879018
2017-12-22 00:00:00+00:00,1.0,1.9424675065694785,10.055502304225694,0.000713006120130807,-8.200641676016733,10.101183452183964,0.000713006120130807,-8.159428951734617,-0.9424675065694785
2017-12-23 00:00:00+00:00,0.0,1.393128472651897,9.987636800677645,0.000713006120130807,-8.724006306251477,10.055502304225694,0.000713006120130807,-8.663086837693928,-1.393128472651897
2017-12-24 00:00:00+00:00,12.0,13.092186911477798,9.93458552580102,0.000713006120130807,3.056077370011701,9.987636800677645,0.000713006120130807,3.103837104680022,-1.092186911477798
2017-12-25 00:00:00+00:00,4.0,11.535272823010967,9.56436520431386,0.000713006120130807,1.2704678422408096,9.93458552580102,0.000713006120130807,1.5999742910898156,-7.535272823010967
2017-12-26 00:00:00+00:00,9.0,11.378588886998104,9.447989166468709,0.000713006120130807,1.709498466809339,9.56436520431386,0.000713006120130807,1.8135106765641116,-2.378588886998104
2017-12-27 00:00:00+00:00,9.0,10.980176234182299,9.35122549496264,0.000713006120130807,1.444883853866928,9.447989166468709,0.000713006120130807,1.5314740615934594,-1.9801762341822986
2017-12-28 00:00:00+00:00,11.0,9.52527795039308,9.42453355769254,0.000713006120130807,0.23782688553443604,9.35122549496264,0.000713006120130807,0.1733394493103108,1.4747220496069193
2017-12-29 00:00:00+00:00,0.0,1.2246048877959375,9.364963840585034,0.000713006120130807,-8.254191854928443,9.42453355769254,0.000713006120130807,-8.200641676016733,-1.2246048877959375
2017-12-30 00:00:00+00:00,0.0,0.6416705404536884,9.334089803423705,0.000713006120130807,-8.752065619574578,9.364963840585034,0.000713006120130807,-8.724006306251477,-0.6416705404536884
2017-12-31 00:00:00+00:00,23.0,12.390880179555538,9.857050140252888,0.000713006120130807,3.519998647921239,9.334089803423705,0.000713006120130807,3.056077370011701,10.609119820444462
2018-01-01 00:00:00+00:00,2.0,11.12823098861383,9.408414439922128,0.000713006120130807,0.8713036649138199,9.857050140252888,0.000713006120130807,1.2704678422408096,-9.12823098861383
2018-01-02 00:00:00+00:00,16.0,11.118625912851599,9.649419254444023,0.000713006120130807,1.922953809268608,9.408414439922128,0.000713006120130807,1.709498466809339,4.8813740871484015
2018-01-03 00:00:00+00:00,12.0,11.095016114431083,9.694681236027915,0.000713006120130807,1.48445747427902,9.649419254444023,0.000713006120130807,1.444883853866928,0.9049838855689174
2018-01-04 00:00:00+00:00,8.0,9.933221127682481,9.600228988980021,0.000713006120130807,0.15328995587248018,9.694681236027915,0.000713006120130807,0.23782688553443604,-1.933221127682481
2018-01-05 00:00:00+00:00,0.0,1.346750140171709,9.53464651746012,0.000713006120130807,-8.313083266904894,9.600228988980021,0.000713006120130807,-8.254191854928443,-1.346750140171709
2018-01-06 00:00:00+00:00,1.0,0.7832939040056726,9.546027155023467,0.000713006120130807,-8.74258937925625,9.53464651746012,0.000713006120130807,-8.752065619574578,0.21670609599432744
2018-01-07 00:00:00+00:00,36.0,13.066738809064837,10.675658925765262,0.000713006120130807,4.522836585318211,9.546027155023467,0.000713006120130807,3.519998647921239,22.933261190935163
2018-01-08 00:00:00+00:00,18.0,11.547675596799213,10.993995754923647,0.000713006120130807,1.1534543648099025,10.675658925765262,0.000713006120130807,0.8713036649138199,6.452324403200787
2018-01-09 00:00:00+00:00,10.0,12.917662570312386,10.851083133749137,0.000713006120130807,1.795368696550799,10.993995754923647,0.000713006120130807,1.922953809268608,-2.9176625703123857
2018-01-10 00:00:00+00:00,8.0,12.336253614148289,10.638338575660937,0.000713006120130807,1.294839452043199,10.851083133749137,0.000713006120130807,1.48445747427902,-4.336253614148289
2018-01-11 00:00:00+00:00,12.0,10.792341537653549,10.698500095799472,0.000713006120130807,0.20609909240898902,10.638338575660937,0.000713006120130807,0.15328995587248018,1.2076584623464512
2018-01-12 00:00:00+00:00,0.0,2.38612983501471,10.581752845258137,0.000713006120130807,-8.417425231276424,10.698500095799472,0.000713006120130807,-8.313083266904894,-2.38612983501471
2018-01-13 00:00:00+00:00,0.0,1.8398764721220182,10.491895606846914,0.000713006120130807,-8.82304448378789,10.581752845258137,0.000713006120130807,-8.74258937925625,-1.8398764721220182
2018-01-14 00:00:00+00:00,33.0,15.015445198285256,11.377921051524526,0.000713006120130807,5.309274837261347,10.491895606846914,0.000713006120130807,4.522836585318211,17.984554801714744
2018-01-15 00:00:00+00:00,14.0,12.53208842245456,11.450893860160292,0.000713006120130807,1.2176439890613664,11.377921051524526,0.000713006120130807,1.1534543648099025,1.4679115775454399
2018-01-16 00:00:00+00:00,18.0,13.246975562831222,11.685580500956773,0.000713006120130807,2.0032114967214003,11.450893860160292,0.000713006120130807,1.795368696550799,4.7530244371687775
2018-01-17 00:00:00+00:00,7.0,12.981132959120103,11.391864678353812,0.000713006120130807,1.033293264168623,11.685580500956773,0.000713006120130807,1.294839452043199,-5.981132959120103
2018-01-18 00:00:00+00:00,7.0,11.598676776882932,11.166202008435985,0.000713006120130807,0.005005689456446388,11.391864678353812,0.000713006120130807,0.20609909240898902,-4.598676776882932
2018-01-19 00:00:00+00:00,0.0,2.7494897832796923,11.031567905235837,0.000713006120130807,-8.537656394223635,11.166202008435985,0.000713006120130807,-8.417425231276424,-2.7494897832796923
2018-01-20 00:00:00+00:00,1.0,2.2092364275680794,10.972754720005334,0.000713006120130807,-8.875922622433386,11.031567905235837,0.000713006120130807,-8.82304448378789,-1.2092364275680794
2018-01-21 00:00:00+00:00,17.0,16.28274256338681,11.008775629895258,0.000713006120130807,5.340639454893667,10.972754720005334,0.000713006120130807,5.309274837261347,0.7172574366131883
2018-01-22 00:00:00+00:00,21.0,12.227132625076756,11.441344119482466,0.000713006120130807,1.6012686358169141,11.008775629895258,0.000713006120130807,1.2176439890613664,8.772867374923244
2018-01-23 00:00:00+00:00,11.0,13.445268622323997,11.32168568739767,0.000713006120130807,1.8962834797605062,11.441344119482466,0.000713006120130807,2.0032114967214003,-2.445268622323997
2018-01-24 00:00:00+00:00,11.0,12.355691957686425,11.255663043610154,0.000713006120130807,0.9740108396031495,11.32168568739767,0.000713006120130807,1.033293264168623,-1.3556919576864246
2018-01-25 00:00:00+00:00,6.0,11.261381739186731,10.997377884412504,0.000713006120130807,-0.22506683129213703,11.255663043610154,0.000713006120130807,0.005005689456446388,-5.2613817391867315
2018-01-26 00:00:00+00:00,2.0,2.4604344963090004,10.975425420565903,0.000713006120130807,-8.557790520667346,10.997377884412504,0.000713006120130807,-8.537656394223635,-0.46043449630900035
2018-01-27 00:00:00+00:00,2.0,2.100215804252649,10.971205177071402,0.000713006120130807,-8.880304912836595,10.975425420565903,0.000713006120130807,-8.875922622433386,-0.10021580425264887
2018-01-28 00:00:00+00:00,16.0,16.312557638085202,10.956532138454046,0.000713006120130807,5.326971766967149,10.971205177071402,0.000713006120130807,5.340639454893667,-0.3125576380852024
2018-01-29 00:00:00+00:00,12.0,12.558513780391092,10.92975159789829,0.000713006120130807,1.5768456458691706,10.956532138454046,0.000713006120130807,1.6012686358169141,-0.5585137803910918
2018-01-30 00:00:00+00:00,12.0,12.826748083778927,10.889766884770278,0.000713006120130807,1.8601309964228343,10.92975159789829,0.000713006120130807,1.8962834797605062,-0.8267480837789272
2018-01-31 00:00:00+00:00,12.0,11.864490730493559,10.897150505935183,0.000713006120130807,0.9799364615719833,10.889766884770278,0.000713006120130807,0.9740108396031495,0.13550926950644104
2018-02-01 00:00:00+00:00,11.0,10.672796680763177,10.913970508956346,0.000713006120130807,-0.21075870917025585,10.897150505935183,0.000713006120130807,-0.22506683129213703,0.32720331923682267
2018-02-02 00:00:00+00:00,0.0,2.3568929944091312,10.798662478842628,0.000713006120130807,-8.660854000802168,10.913970508956346,0.000713006120130807,-8.557790520667346,-2.3568929944091312
2018-02-03 00:00:00+00:00,1.0,1.9190705721261647,10.754133074550808,0.000713006120130807,-8.920494523428811,10.798662478842628,0.000713006120130807,-8.880304912836595,-0.9190705721261647
2018-02-04 00:00:00+00:00,7.0,16.08181784763809,10.307782119740379,0.000713006120130807,4.929837168345809,10.754133074550808,0.000713006120130807,5.326971766967149,-9.081817847638089
2018-02-05 00:00:00+00:00,18.0,11.88534077172968,10.609496953929774,0.000713006120130807,1.8442307420101314,10.307782119740379,0.000713006120130807,1.5768456458691706,6.11465922827032
2018-02-06 00:00:00+00:00,14.0,12.47034095647274,10.685509359613441,0.000713006120130807,1.9270207469628862,10.609496953929774,0.000713006120130807,1.8601309964228343,1.5296590435272606
2018-02-07 00:00:00+00:00,8.0,11.666158827305555,10.50575106425707,0.000713006120130807,0.819620703340527,10.685509359613441,0.000713006120130807,0.9799364615719833,-3.666158827305555
2018-02-08 00:00:00+00:00,5.0,10.295705361206947,10.245776281388117,0.000713006120130807,-0.4423321516597189,10.50575106425707,0.000713006120130807,-0.21075870917025585,-5.295705361206947
2018-02-09 00:00:00+00:00,0.0,1.585635286706081,10.168434386632821,0.000713006120130807,-8.730191510506751,10.245776281388117,0.000713006120130807,-8.660854000802168,-1.585635286706081
2018-02-10 00:00:00+00:00,1.0,1.2486528693241414,10.15690714101902,0.000713006120130807,-8.931367749374514,10.168434386632821,0.000713006120130807,-8.920494523428811,-0.24865286932414143
2018-02-11 00:00:00+00:00,22.0,15.087457315484961,10.497898796687775,0.000713006120130807,5.232112539920423,10.15690714101902,0.000713006120130807,4.929837168345809,6.912542684515039
2018-02-12 00:00:00+00:00,14.0,12.342842544818037,10.580187472814536,0.000713006120130807,1.916695811433122,10.497898796687775,0.000713006120130807,1.8442307420101314,1.657157455181963
2018-02-13 00:00:00+00:00,9.0,12.507921225897555,10.40821862336431,0.000713006120130807,1.7736244873798543,10.580187472814536,0.000713006120130807,1.9270207469628862,-3.5079212258975545
2018-02-14 00:00:00+00:00,9.0,11.228552332824968,10.29922832451088,0.000713006120130807,0.7221693724449987,10.40821862336431,0.000713006120130807,0.819620703340527,-2.228552332824968
2018-02-15 00:00:00+00:00,5.0,9.857609178971293,10.06081937986778,0.000713006120130807,-0.6547482894764235,10.29922832451088,0.000713006120130807,-0.4423321516597189,-4.857609178971293
2018-02-16 00:00:00+00:00,2.0,1.3313408754811604,10.094447976427496,0.000713006120130807,-8.70095202591399,10.06081937986778,0.000713006120130807,-8.730191510506751,0.6686591245188396
2018-02-17 00:00:00+00:00,0.0,1.163793233173113,10.03787178987109,0.000713006120130807,-8.98225872365833,10.094447976427496,0.000713006120130807,-8.931367749374514,-1.163793233173113
2018-02-18 00:00:00+00:00,12.0,15.270697335911645,9.877580586203203,0.000713006120130807,5.089089733748753,10.03787178987109,0.000713006120130807,5.232112539920423,-3.2706973359116454
2018-02-19 00:00:00+00:00,8.0,11.794989403756457,9.691480442908087,0.000713006120130807,1.7507464807024893,9.877580586203203,0.000713006120130807,1.916695811433122,-3.794989403756457
2018-02-20 00:00:00+00:00,11.0,11.465817936408072,9.66926297241915,0.000713006120130807,1.753254950982012,9.691480442908087,0.000713006120130807,1.7736244873798543,-0.46581793640807234
2018-02-21 00:00:00+00:00,5.0,10.39214535098428,9.404540809174893,0.000713006120130807,0.4863787503915096,9.66926297241915,0.000713006120130807,0.7221693724449987,-5.392145350984279
2018-02-22 00:00:00+00:00,10.0,8.750505525818602,9.46676175986734,0.000713006120130807,-0.6001097253906372,9.404540809174893,0.000713006120130807,-0.6547482894764235,1.2494944741813985
2018-02-23 00:00:00+00:00,0.0,0.7665227400734818,9.429741715394554,0.000713006120130807,-8.73447094314182,9.46676175986734,0.000713006120130807,-8.70095202591399,-0.7665227400734818
2018-02-24 00:00:00+00:00,0.0,0.4481959978563559,9.408391707101003,0.000713006120130807,-9.001857678481969,9.429741715394554,0.000713006120130807,-8.98225872365833,-0.4481959978563559
2018-02-25 00:00:00+00:00,12.0,14.498194446969887,9.286127934411642,0.000713006120130807,4.979847347959936,9.408391707101003,0.000713006120130807,5.089089733748753,-2.4981944469698867
2018-02-26 00:00:00+00:00,15.0,11.037587421234262,9.48189570732219,0.000713006120130807,1.9240169817673758,9.286127934411642,0.000713006120130807,1.7507464807024893,3.962412578765738
2018-02-27 00:00:00+00:00,11.0,11.235863664424333,9.470998026482269,0.000713006120130807,1.7429409782430767,9.48189570732219,0.000713006120130807,1.753254950982012,-0.2358636644243326
2018-02-28 00:00:00+00:00,10.0,9.958089782993909,9.473774115999639,0.000713006120130807,0.4882114228242842,9.470998026482269,0.000713006120130807,0.4863787503915096,0.04191021700609099
2018-03-01 00:00:00+00:00,10.0,8.874377396729132,9.529897317300255,0.000713006120130807,-0.5508878968703326,9.473774115999639,0.000713006120130807,-0.6001097253906372,1.1256226032708678
2018-03-02 00:00:00+00:00,1.0,0.7961393802785661,9.54064562006027,0.000713006120130807,-8.725556416695023,9.529897317300255,0.000713006120130807,-8.73447094314182,0.20386061972143388
2018-03-03 00:00:00+00:00,1.0,0.539500947698432,9.564027273997452,0.000713006120130807,-8.981720729099214,9.54064562006027,0.000713006120130807,-9.001857678481969,0.46049905230156796
2018-03-04 00:00:00+00:00,16.0,14.544587628077519,9.636384793440236,0.000713006120130807,5.043490400248448,9.564027273997452,0.000713006120130807,4.979847347959936,1.4554123719224812
2018-03-05 00:00:00+00:00,7.0,11.561114781327742,9.41257116022355,0.000713006120130807,1.7245661098893919,9.636384793440236,0.000713006120130807,1.9240169817673758,-4.561114781327742
2018-03-06 00:00:00+00:00,9.0,11.156225144586758,9.307141258616488,0.000713006120130807,1.648652409401608,9.41257116022355,0.000713006120130807,1.7429409782430767,-2.1562251445867577
2018-03-07 00:00:00+00:00,15.0,9.796065687560903,9.564024507872087,0.000713006120130807,0.7157718517046979,9.307141258616488,0.000713006120130807,0.4882114228242842,5.203934312439097
2018-03-08 00:00:00+00:00,12.0,9.013849617121886,9.71173454041364,0.000713006120130807,-0.420307912375744,9.564024507872087,0.000713006120130807,-0.5508878968703326,2.9861503828781135
2018-03-09 00:00:00+00:00,0.0,0.9868911298387495,9.663866583458447,0.000713006120130807,-8.768711720986156,9.71173454041364,0.000713006120130807,-8.725556416695023,-0.9868911298387495
2018-03-10 00:00:00+00:00,0.0,0.6828588604793637,9.630964999191058,0.000713006120130807,-9.011581147356999,9.663866583458447,0.000713006120130807,-8.981720729099214,-0.6828588604793637
2018-03-11 00:00:00+00:00,10.0,14.675168405559637,9.40153693218336,0.000713006120130807,4.839052130358246,9.630964999191058,0.000713006120130807,5.043490400248448,-4.675168405559637
2018-03-12 00:00:00+00:00,7.0,11.126816048192882,9.199102202961416,0.000713006120130807,1.544106485794485,9.40153693218336,0.000713006120130807,1.7245661098893919,-4.126816048192882
2018-03-13 00:00:00+00:00,8.0,10.848467618483156,9.059595790737596,0.000713006120130807,1.5240930906253136,9.199102202961416,0.000713006120130807,1.648652409401608,-2.8484676184831557
2018-03-14 00:00:00+00:00,11.0,9.776080648562425,9.12055777369176,0.000713006120130807,0.7692920531150865,9.059595790737596,0.000713006120130807,0.7157718517046979,1.2239193514375746
2018-03-15 00:00:00+00:00,10.0,8.700962867436147,9.185217524353888,0.000713006120130807,-0.36350292036975146,9.12055777369176,0.000713006120130807,-0.420307912375744,1.2990371325638534
2018-03-16 00:00:00+00:00,0.0,0.4172188094878635,9.165392407305992,0.000713006120130807,-8.786956088713298,9.185217524353888,0.000713006120130807,-8.768711720986156,-0.4172188094878635
2018-03-17 00:00:00+00:00,0.0,0.1545242660691244,9.15849876114486,0.000713006120130807,-9.018338267287408,9.165392407305992,0.000713006120130807,-9.011581147356999,-0.1545242660691244
2018-03-18 00:00:00+00:00,15.0,13.998263897623238,9.208523492874217,0.000713006120130807,4.882856583565305,9.15849876114486,0.000713006120130807,4.839052130358246,1.0017361023767624
2018-03-19 00:00:00+00:00,12.0,10.753342984788834,9.270604766062943,0.000713006120130807,1.5986209719535664,9.208523492874217,0.000713006120130807,1.544106485794485,1.2466570152111665
2018-03-20 00:00:00+00:00,12.0,10.795410862808389,9.330615194791793,0.000713006120130807,1.5767680100663186,9.270604766062943,0.000713006120130807,1.5240930906253136,1.2045891371916113
2018-03-21 00:00:00+00:00,5.0,10.10062025402701,9.080243722867587,0.000713006120130807,0.5462493967564038,9.330615194791793,0.000713006120130807,0.7692920531150865,-5.10062025402701
2018-03-22 00:00:00+00:00,8.0,8.717453808617968,9.045639158557822,0.000713006120130807,-0.3948761250623504,9.080243722867587,0.000713006120130807,-0.36350292036975146,-0.717453808617968
2018-03-23 00:00:00+00:00,0.0,0.25939607596465564,9.03358306502014,0.000713006120130807,-8.798299099357248,9.045639158557822,0.000713006120130807,-8.786956088713298,-0.25939607596465564
2018-03-24 00:00:00+00:00,0.0,0.015957803852863606,9.03351052807853,0.000713006120130807,-9.01903607868754,9.03358306502014,0.000713006120130807,-9.018338267287408,-0.015957803852863606
2018-03-25 00:00:00+00:00,21.0,13.917080117763966,9.382889216623658,0.000713006120130807,5.192582300562641,9.03351052807853,0.000713006120130807,4.882856583565305,7.082919882236034
2018-03-26 00:00:00+00:00,15.0,10.982223194697356,9.581382363553448,0.000713006120130807,1.7743124695912298,9.382889216623658,0.000713006120130807,1.5986209719535664,4.017776805302644
2018-03-27 00:00:00+00:00,13.0,11.158863379739898,9.672727646589578,0.000713006120130807,1.6572782190311686,9.581382363553448,0.000713006120130807,1.5767680100663186,1.8411366202601016
2018-03-28 00:00:00+00:00,25.0,10.219690049466113,10.40102008902108,0.000713006120130807,1.1925707123981641,9.672727646589578,0.000713006120130807,0.5462493967564038,14.780309950533887
2018-03-29 00:00:00+00:00,20.0,10.00685697007886,10.893658189880261,0.000713006120130807,0.04210938959268007,10.40102008902108,0.000713006120130807,-0.3948761250623504,9.99314302992114
2018-03-30 00:00:00+00:00,0.0,2.0960720966431445,10.791189398078185,0.000713006120130807,-8.889957263476699,10.893658189880261,0.000713006120130807,-8.798299099357248,-2.0960720966431445
2018-03-31 00:00:00+00:00,1.0,1.7728663255107762,10.75385708259538,0.000713006120130807,-9.052832391619482,10.791189398078185,0.000713006120130807,-9.01903607868754,-0.7728663255107762
2018-04-01 00:00:00+00:00,19.0,15.947152389278152,10.904850370467877,0.000713006120130807,5.326078857185548,10.75385708259538,0.000713006120130807,5.192582300562641,3.052847610721848
2018-04-02 00:00:00+00:00,16.0,12.679875846179238,11.069000683952014,0.000713006120130807,1.9194966381487986,10.904850370467877,0.000713006120130807,1.7743124695912298,3.320124153820762
2018-04-03 00:00:00+00:00,12.0,12.726991909103313,11.033926594591836,0.000713006120130807,1.6254879271682028,11.069000683952014,0.000713006120130807,1.6572782190311686,-0.7269919091033135
2018-04-04 00:00:00+00:00,8.0,12.227210313110131,10.826549830803511,0.000713006120130807,1.007720994076454,11.033926594591836,0.000713006120130807,1.1925707123981641,-4.227210313110131
2018-04-05 00:00:00+00:00,14.0,10.869372226516322,10.981371945484637,0.000713006120130807,0.1790071588623643,10.826549830803511,0.000713006120130807,0.04210938959268007,3.1306277734836776
2018-04-06 00:00:00+00:00,1.0,2.0921276881280697,10.928323585952246,0.000713006120130807,-8.937714408394639,10.981371945484637,0.000713006120130807,-8.889957263476699,-1.0921276881280697
2018-04-07 00:00:00+00:00,0.0,1.8762042004528947,10.836678069203835,0.000713006120130807,-9.134876054526938,10.928323585952246,0.000713006120130807,-9.052832391619482,-1.8762042004528947
2018-04-08 00:00:00+00:00,29.0,16.163469932509514,11.469285490390769,0.000713006120130807,5.8874015242515245,10.836678069203835,0.000713006120130807,5.326078857185548,12.836530067490486
2018-04-09 00:00:00+00:00,10.0,13.389495134659699,11.30314631494574,0.000713006120130807,1.7712789781588285,11.469285490390769,0.000713006120130807,1.9194966381487986,-3.3894951346596986
2018-04-10 00:00:00+00:00,16.0,12.929347248234075,11.455016083387836,0.000713006120130807,1.7597630765420937,11.30314631494574,0.000713006120130807,1.6254879271682028,3.070652751765925
2018-04-11 00:00:00+00:00,12.0,12.463450083584421,11.432915173446576,0.000713006120130807,0.9874550004160336,11.455016083387836,0.000713006120130807,1.007720994076454,-0.4634500835844211
2018-04-12 00:00:00+00:00,8.0,11.61263533842907,11.255791639471834,0.000713006120130807,0.021031904440649507,11.432915173446576,0.000713006120130807,0.1790071588623643,-3.6126353384290706
2018-04-13 00:00:00+00:00,0.0,2.3187902371973266,11.142359265735205,0.000713006120130807,-9.039111710739338,11.255791639471834,0.000713006120130807,-8.937714408394639,-2.3187902371973266
2018-04-14 00:00:00+00:00,0.0,2.0081962173283987,11.044216275147795,0.000713006120130807,-9.222691535094963,11.142359265735205,0.000713006120130807,-9.134876054526938,-2.0081962173283987
2018-04-15 00:00:00+00:00,14.0,16.93233080551945,10.900581591557858,0.000713006120130807,5.759174991082527,11.044216275147795,0.000713006120130807,5.8874015242515245,-2.932330805519449
2018-04-16 00:00:00+00:00,4.0,12.672573575836818,10.474376203219807,0.000713006120130807,1.3920400324063853,10.900581591557858,0.000713006120130807,1.7712789781588285,-8.672573575836818
2018-04-17 00:00:00+00:00,14.0,12.234852285882031,10.561980836318158,0.000713006120130807,1.8369504018897305,10.474376203219807,0.000713006120130807,1.7597630765420937,1.765147714117969
2018-04-18 00:00:00+00:00,7.0,11.550148842854323,10.338707015281313,0.000713006120130807,0.7884836529732684,10.561980836318158,0.000713006120130807,0.9874550004160336,-4.550148842854323
2018-04-19 00:00:00+00:00,15.0,10.360451925842094,10.567807638699914,0.000713006120130807,0.22391254938711214,10.338707015281313,0.000713006120130807,0.021031904440649507,4.639548074157906
2018-04-20 00:00:00+00:00,1.0,1.529408934080708,10.542459820985783,0.000713006120130807,-9.062261988367663,10.567807638699914,0.000713006120130807,-9.039111710739338,-0.529408934080708
2018-04-21 00:00:00+00:00,1.0,1.3204812920109514,10.52739673049021,0.000713006120130807,-9.23670571280736,10.542459820985783,0.000713006120130807,-9.222691535094963,-0.32048129201095144
2018-04-22 00:00:00+00:00,12.0,16.287284727692867,10.317062727723465,0.000713006120130807,5.57169830656055,10.52739673049021,0.000713006120130807,5.759174991082527,-4.287284727692867
2018-04-23 00:00:00+00:00,9.0,11.709815766249982,10.184381628150664,0.000713006120130807,1.2735437561407978,10.317062727723465,0.000713006120130807,1.3920400324063853,-2.7098157662499816
2018-04-24 00:00:00+00:00,13.0,12.022045036160526,10.2332357032815,0.000713006120130807,1.8797149407243365,10.184381628150664,0.000713006120130807,1.8369504018897305,0.9779549638394744
2018-04-25 00:00:00+00:00,11.0,11.022432362374898,10.232844448014253,0.000713006120130807,0.7875027186077768,10.2332357032815,0.000713006120130807,0.7884836529732684,-0.022432362374898318
2018-04-26 00:00:00+00:00,12.0,10.457470003521497,10.309490442622943,0.000713006120130807,0.2913651278565409,10.232844448014253,0.000713006120130807,0.22391254938711214,1.5425299964785033
2018-04-27 00:00:00+00:00,0.0,1.2479414603754115,10.24877195323802,0.000713006120130807,-9.116832641433339,10.309490442622943,0.000713006120130807,-9.062261988367663,-1.2479414603754115
2018-04-28 00:00:00+00:00,0.0,1.0127792465507905,10.199629621020902,0.000713006120130807,-9.280993066541896,10.24877195323802,0.000713006120130807,-9.23670571280736,-1.0127792465507905
2018-04-29 00:00:00+00:00,20.0,15.772040933701582,10.40846925537144,0.000713006120130807,5.756580766763003,10.199629621020902,0.000713006120130807,5.57169830656055,4.227959066298418
2018-04-30 00:00:00+00:00,6.0,11.682726017632369,10.129442891582649,0.000713006120130807,1.0250464669472688,10.40846925537144,0.000713006120130807,1.2735437561407978,-5.682726017632369
2018-05-01 00:00:00+00:00,12.0,12.009870838427116,10.129669993206681,0.000713006120130807,1.8792833034109073,10.129442891582649,0.000713006120130807,1.8797149407243365,-0.009870838427115558
2018-05-02 00:00:00+00:00,14.0,10.917885717934588,10.282103969962572,0.000713006120130807,0.9222790639218899,10.129669993206681,0.000713006120130807,0.7875027186077768,3.0821142820654117
2018-05-03 00:00:00+00:00,14.0,10.574182103939243,10.451457191481653,0.000713006120130807,0.4411711290257584,10.282103969962572,0.000713006120130807,0.2913651278565409,3.4258178960607566
2018-05-04 00:00:00+00:00,0.0,1.3353375561684455,10.386436518832257,0.000713006120130807,-9.175224997819443,10.451457191481653,0.000713006120130807,-9.116832641433339,-1.3353375561684455
2018-05-05 00:00:00+00:00,0.0,1.1061564584104921,10.332697575353496,0.000713006120130807,-9.329363669046051,10.386436518832257,0.000713006120130807,-9.280993066541896,-1.1061564584104921
2018-05-06 00:00:00+00:00,14.0,16.08999134823663,10.230528116076432,0.000713006120130807,5.6651885048691035,10.332697575353496,0.000713006120130807,5.756580766763003,-2.08999134823663
2018-05-07 00:00:00+00:00,18.0,11.256287589143831,10.563208888160732,0.000713006120130807,1.3199391378236862,10.230528116076432,0.000713006120130807,1.0250464669472688,6.743712410856169
2018-05-08 00:00:00+00:00,12.0,12.443205197691771,10.542104558312534,0.000713006120130807,1.8599025889718934,10.563208888160732,0.000713006120130807,1.8792833034109073,-0.44320519769177125
2018-05-09 00:00:00+00:00,12.0,11.465096628354555,10.569148858899787,0.000713006120130807,0.9456696052610185,10.542104558312534,0.000713006120130807,0.9222790639218899,0.534903371645445
2018-05-10 00:00:00+00:00,10.0,11.011032994045676,10.520092488169105,0.000713006120130807,0.39696013635674293,10.569148858899787,0.000713006120130807,0.4411711290257584,-1.0110329940456761
2018-05-11 00:00:00+00:00,1.0,1.3455804964697933,10.503793857614282,0.000713006120130807,-9.190336726997385,10.520092488169105,0.000713006120130807,-9.175224997819443,-0.3455804964697933
2018-05-12 00:00:00+00:00,0.0,1.1751431946883617,10.446658954858481,0.000713006120130807,-9.380750960530492,10.503793857614282,0.000713006120130807,-9.329363669046051,-1.1751431946883617
2018-05-13 00:00:00+00:00,19.0,16.112560465847714,10.589509821123134,0.000713006120130807,5.791452008462405,10.446658954858481,0.000713006120130807,5.6651885048691035,2.8874395341522856
2018-05-14 00:00:00+00:00,12.0,11.910161965066951,10.594645218047967,0.000713006120130807,1.323867623567688,10.589509821123134,0.000713006120130807,1.3199391378236862,0.08983803493304876
2018-05-15 00:00:00+00:00,7.0,12.455260813139992,10.326816116415308,0.000713006120130807,1.6213520201598897,10.594645218047967,0.000713006120130807,1.8599025889718934,-5.455260813139992
2018-05-16 00:00:00+00:00,10.0,11.273198727796458,10.264854306122064,0.000713006120130807,0.8899944888678675,10.326816116415308,0.000713006120130807,0.9456696052610185,-1.2731987277964585
2018-05-17 00:00:00+00:00,15.0,10.662527448598938,10.47908488017726,0.000713006120130807,0.5866314609340935,10.264854306122064,0.000713006120130807,0.39696013635674293,4.337472551401062
2018-05-18 00:00:00+00:00,2.0,1.2894611593000054,10.514775058692557,0.000713006120130807,-9.159265903728269,10.47908488017726,0.000713006120130807,-9.190336726997385,0.7105388406999946
2018-05-19 00:00:00+00:00,0.0,1.1347371042821965,10.459629196801236,0.000713006120130807,-9.430371352836318,10.514775058692557,0.000713006120130807,-9.380750960530492,-1.1347371042821965
2018-05-20 00:00:00+00:00,6.0,16.25179421138377,9.955684676897745,0.000713006120130807,5.343156056309466,10.459629196801236,0.000713006120130807,5.791452008462405,-10.251794211383771
2018-05-21 00:00:00+00:00,9.0,11.280265306585564,9.844148741557351,0.000713006120130807,1.2241549600378268,9.955684676897745,0.000713006120130807,1.323867623567688,-2.280265306585564
2018-05-22 00:00:00+00:00,11.0,11.466213767837372,9.821911785766064,0.000713006120130807,1.6009651746331444,9.844148741557351,0.000713006120130807,1.6213520201598897,-0.4662137678373721
2018-05-23 00:00:00+00:00,20.0,10.712619280754062,10.279807844957011,0.000713006120130807,1.2961180509188872,9.821911785766064,0.000713006120130807,0.8899944888678675,9.287380719245938
2018-05-24 00:00:00+00:00,11.0,10.867152312011235,10.287060446408066,0.000713006120130807,0.5924406958397366,10.279807844957011,0.000713006120130807,0.5866314609340935,0.13284768798876456
2018-05-25 00:00:00+00:00,3.0,1.128507548799929,10.379900033585177,0.000713006120130807,-9.0774282787176,10.287060446408066,0.000713006120130807,-9.159265903728269,1.871492451200071
2018-05-26 00:00:00+00:00,0.0,0.9502416868689902,10.333836191776843,0.000713006120130807,-9.47192403064147,10.379900033585177,0.000713006120130807,-9.430371352836318,-0.9502416868689902
2018-05-27 00:00:00+00:00,21.0,15.67770525420644,10.596545882945353,0.000713006120130807,5.575892213659825,10.333836191776843,0.000713006120130807,5.343156056309466,5.32229474579356
2018-05-28 00:00:00+00:00,13.0,11.821413849103312,10.655276281811895,0.000713006120130807,1.27569280695674,10.596545882945353,0.000713006120130807,1.2241549600378268,1.1785861508966882
2018-05-29 00:00:00+00:00,8.0,12.25695446256517,10.446435324676711,0.000713006120130807,1.4148147882014444,10.655276281811895,0.000713006120130807,1.6009651746331444,-4.2569544625651705
2018-05-30 00:00:00+00:00,7.0,11.74326638171573,10.213655048732164,0.000713006120130807,1.0887019562273745,10.446435324676711,0.000713006120130807,1.2961180509188872,-4.7432663817157295
2018-05-31 00:00:00+00:00,10.0,10.806808750692031,10.174651874474199,0.000713006120130807,0.5571601303466074,10.213655048732164,0.000713006120130807,0.5924406958397366,-0.8068087506920314
2018-06-01 00:00:00+00:00,0.0,1.0979366018767305,10.121317563821366,0.000713006120130807,-9.125439438929472,10.174651874474199,0.000713006120130807,-9.0774282787176,-1.0979366018767305
2018-06-02 00:00:00+00:00,1.0,0.6501065393000278,10.139254517731302,0.000713006120130807,-9.456623701851958,10.121317563821366,0.000713006120130807,-9.47192403064147,0.3498934606999722
2018-06-03 00:00:00+00:00,9.0,15.71585973751126,9.8093708409322,0.000713006120130807,5.282217499412238,10.139254517731302,0.000713006120130807,5.575892213659825,-6.715859737511259
2018-06-04 00:00:00+00:00,19.0,11.08577665400907,10.19967149306177,0.000713006120130807,1.621770207388984,9.8093708409322,0.000713006120130807,1.27569280695674,7.91422334599093
2018-06-05 00:00:00+00:00,10.0,11.615199287383344,10.12087427301087,0.000713006120130807,1.3441844880291853,10.19967149306177,0.000713006120130807,1.4148147882014444,-1.6151992873833443
2018-06-06 00:00:00+00:00,6.0,11.210289235358376,9.865104206883636,0.000713006120130807,0.8608636358713602,10.12087427301087,0.000713006120130807,1.0887019562273745,-5.210289235358376
2018-06-07 00:00:00+00:00,8.0,10.422977343350375,9.746543091177493,0.000713006120130807,0.45120687838061435,9.865104206883636,0.000713006120130807,0.5571601303466074,-2.422977343350375
2018-06-08 00:00:00+00:00,0.0,0.6218166583681519,9.716646386452679,0.000713006120130807,-9.15263057105522,9.746543091177493,0.000713006120130807,-9.125439438929472,-0.6218166583681519
2018-06-09 00:00:00+00:00,2.0,0.26073569072085157,9.80297687623702,0.000713006120130807,-9.380568219904406,9.716646386452679,0.000713006120130807,-9.456623701851958,1.7392643092791484
2018-06-10 00:00:00+00:00,21.0,15.085907381769388,10.094818565576006,0.000713006120130807,5.540832111327326,9.80297687623702,0.000713006120130807,5.282217499412238,5.914092618230612
2018-06-11 00:00:00+00:00,20.0,11.71730177908512,10.503257859093292,0.000713006120130807,1.9839604746514108,10.094818565576006,0.000713006120130807,1.621770207388984,8.28269822091488
2018-06-12 00:00:00+00:00,39.0,11.848155353242609,11.840554731791135,0.000713006120130807,2.531494903908457,10.503257859093292,0.000713006120130807,1.3441844880291853,27.15184464675739
2018-06-13 00:00:00+00:00,21.0,12.702131373782628,12.249740807681428,0.000713006120130807,1.223717282748067,11.840554731791135,0.000713006120130807,0.8608636358713602,8.297868626217372
2018-06-14 00:00:00+00:00,3.0,12.701660692182173,11.772877305506002,0.000713006120130807,0.026967459622373846,12.249740807681428,0.000713006120130807,0.45120687838061435,-9.701660692182173
2018-06-15 00:00:00+00:00,0.0,2.620959740570914,11.644570256091336,0.000713006120130807,-9.267241303403813,11.772877305506002,0.000713006120130807,-9.15263057105522,-2.620959740570914
2018-06-16 00:00:00+00:00,0.0,2.2647150423070617,11.533799802162097,0.000713006120130807,-9.479600893143083,11.644570256091336,0.000713006120130807,-9.380568219904406,-2.2647150423070617
2018-06-17 00:00:00+00:00,1.0,17.075344919609556,10.743183638984403,0.000713006120130807,4.837880812429711,11.533799802162097,0.000713006120130807,5.540832111327326,-16.075344919609556
2018-06-18 00:00:00+00:00,0.0,12.727857119755946,10.117351793228194,0.000713006120130807,1.4273899164917787,10.743183638984403,0.000713006120130807,1.9839604746514108,-12.727857119755946
2018-06-19 00:00:00+00:00,3.0,12.64955970325678,9.643053028076581,0.000713006120130807,2.1095337851196487,10.117351793228194,0.000713006120130807,2.531494903908457,-9.64955970325678
2018-06-20 00:00:00+00:00,15.0,10.86748331694478,9.84719439049421,0.000713006120130807,1.4044261872597275,9.643053028076581,0.000713006120130807,1.223717282748067,4.13251668305522
2018-06-21 00:00:00+00:00,5.0,9.874874856236714,9.607935521067777,0.000713006120130807,-0.1862036809840545,9.84719439049421,0.000713006120130807,0.026967459622373846,-4.874874856236714
2018-06-22 00:00:00+00:00,0.0,0.3414072237840955,9.591842325134987,0.000713006120130807,-9.282170541476912,9.607935521067777,0.000713006120130807,-9.267241303403813,-0.3414072237840955
2018-06-23 00:00:00+00:00,1.0,0.11295443811203576,9.636221270065667,0.000713006120130807,-9.440811689363706,9.591842325134987,0.000713006120130807,-9.479600893143083,0.8870455618879642
2018-06-24 00:00:00+00:00,7.0,14.47481508861551,9.268977056959137,0.000713006120130807,4.511018091795199,9.636221270065667,0.000713006120130807,4.837880812429711,-7.474815088615509
2018-06-25 00:00:00+00:00,13.0,10.697079979571047,9.383054211459212,0.000713006120130807,1.5280932374913243,9.268977056959137,0.000713006120130807,1.4273899164917787,2.302920020428953
2018-06-26 00:00:00+00:00,10.0,11.493301002698992,9.310257588523989,0.000713006120130807,2.044233918476547,9.383054211459212,0.000713006120130807,2.1095337851196487,-1.493301002698992
2018-06-27 00:00:00+00:00,7.0,10.715396781903847,9.128075492626788,0.000713006120130807,1.2419573253584575,9.310257588523989,0.000713006120130807,1.4044261872597275,-3.7153967819038467
2018-06-28 00:00:00+00:00,8.0,8.942584817762866,9.082388569876768,0.000713006120130807,-0.2274215351129145,9.128075492626788,0.000713006120130807,-0.1862036809840545,-0.9425848177628655
2018-06-29 00:00:00+00:00,0.0,-0.19906896548001285,9.092900997401172,0.000713006120130807,-9.273465547055071,9.082388569876768,0.000713006120130807,-9.282170541476912,0.19906896548001285
2018-06-30 00:00:00+00:00,1.0,-0.34719768584240285,9.159931512162574,0.000713006120130807,-9.381900706870288,9.092900997401172,0.000713006120130807,-9.440811689363706,1.3471976858424028
2018-07-01 00:00:00+00:00,15.0,13.671662610077904,9.226033605022115,0.000713006120130807,4.56910434115965,9.159931512162574,0.000713006120130807,4.511018091795199,1.3283373899220958
2018-07-02 00:00:00+00:00,10.0,10.754839848633571,9.189588665645012,0.000713006120130807,1.4950851960023126,9.226033605022115,0.000713006120130807,1.5280932374913243,-0.754839848633571
2018-07-03 00:00:00+00:00,10.0,11.23453559024169,9.129530097159433,0.000713006120130807,1.9902494844855154,9.189588665645012,0.000713006120130807,2.044233918476547,-1.2345355902416895
2018-07-04 00:00:00+00:00,17.0,10.372200428638022,9.456504913231804,0.000713006120130807,1.5317812974611424,9.129530097159433,0.000713006120130807,1.2419573253584575,6.627799571361978
2018-07-05 00:00:00+00:00,5.0,9.229796384239021,9.249000846823945,0.000713006120130807,-0.41238433853906153,9.456504913231804,0.000713006120130807,-0.2274215351129145,-4.229796384239021
2018-07-06 00:00:00+00:00,1.0,-0.023751694110995203,9.30010932387919,0.000713006120130807,-9.22869838425248,9.249000846823945,0.000713006120130807,-9.273465547055071,1.0237516941109952
2018-07-07 00:00:00+00:00,0.0,-0.08107837687096797,9.304813515565677,0.000713006120130807,-9.37835526814913,9.30010932387919,0.000713006120130807,-9.381900706870288,0.08107837687096797
2018-07-08 00:00:00+00:00,14.0,13.874630862845457,9.311697975900708,0.000713006120130807,4.574586549985972,9.304813515565677,0.000713006120130807,4.56910434115965,0.1253691371545429
2018-07-09 00:00:00+00:00,10.0,10.807496178023152,9.272660962163615,0.000713006120130807,1.4597745703183929,9.311697975900708,0.000713006120130807,1.4950851960023126,-0.8074961780231522
2018-07-10 00:00:00+00:00,10.0,11.263623452769261,9.211170506884585,0.000713006120130807,1.9349930808510225,9.272660962163615,0.000713006120130807,1.9902494844855154,-1.2636234527692611
2018-07-11 00:00:00+00:00,9.0,10.743664810465859,9.126049409108344,0.000713006120130807,1.4555333880390653,9.211170506884585,0.000713006120130807,1.5317812974611424,-1.7436648104658587
2018-07-12 00:00:00+00:00,4.0,8.714378076689414,8.894691196487054,0.000713006120130807,-0.618537189944489,9.126049409108344,0.000713006120130807,-0.41238433853906153,-4.714378076689414
2018-07-13 00:00:00+00:00,0.0,-0.3332941816452948,8.911811029907758,0.000713006120130807,-9.214123917634549,8.894691196487054,0.000713006120130807,-9.22869838425248,0.3332941816452948
2018-07-14 00:00:00+00:00,1.0,-0.465831232121241,8.984681430910928,0.000713006120130807,-9.314256614357424,8.911811029907758,0.000713006120130807,-9.37835526814913,1.465831232121241
2018-07-15 00:00:00+00:00,14.0,13.559980987017031,9.007054929030476,0.000713006120130807,4.593827937232271,8.984681430910928,0.000713006120130807,4.574586549985972,0.44001901298296886
2018-07-16 00:00:00+00:00,10.0,10.467542505469,8.984752564450044,0.000713006120130807,1.4393296210402993,9.007054929030476,0.000713006120130807,1.4597745703183929,-0.4675425054689999
2018-07-17 00:00:00+00:00,5.0,10.920458651421198,8.694023511322278,0.000713006120130807,1.676100091624435,8.984752564450044,0.000713006120130807,1.9349930808510225,-5.920458651421198
2018-07-18 00:00:00+00:00,9.0,10.150269905481474,8.638113027661946,0.000713006120130807,1.4052337690769436,8.694023511322278,0.000713006120130807,1.4555333880390653,-1.1502699054814745
2018-07-19 00:00:00+00:00,9.0,8.020288843837589,8.687053553579311,0.000713006120130807,-0.575695855390681,8.638113027661946,0.000713006120130807,-0.618537189944489,0.979711156162411
2018-07-20 00:00:00+00:00,0.0,-0.5263573579351064,8.71367716584143,0.000713006120130807,-9.191107080963539,8.687053553579311,0.000713006120130807,-9.214123917634549,0.5263573579351064
2018-07-21 00:00:00+00:00,2.0,-0.5998664423958626,8.842371883236492,0.000713006120130807,-9.200568261057265,8.71367716584143,0.000713006120130807,-9.314256614357424,2.5998664423958626
2018-07-22 00:00:00+00:00,7.0,13.436912826588895,8.526219720653867,0.000713006120130807,4.312351163018752,8.842371883236492,0.000713006120130807,4.593827937232271,-6.436912826588895
2018-07-23 00:00:00+00:00,14.0,9.966262347814297,8.725498560442405,0.000713006120130807,1.6157190631453477,8.526219720653867,0.000713006120130807,1.4393296210402993,4.033737652185703
2018-07-24 00:00:00+00:00,7.0,10.40231165818697,8.558728475429536,0.000713006120130807,1.5273219838241132,8.725498560442405,0.000713006120130807,1.676100091624435,-3.402311658186971
2018-07-25 00:00:00+00:00,10.0,9.96467525062661,8.561180386980132,0.000713006120130807,1.406778468651319,8.558728475429536,0.000713006120130807,1.4052337690769436,0.03532474937338925
2018-07-26 00:00:00+00:00,12.0,7.986197537709582,8.759477891852466,0.000713006120130807,-0.40017814995447165,8.561180386980132,0.000713006120130807,-0.575695855390681,4.013802462290418
2018-07-27 00:00:00+00:00,0.0,-0.43091618299094137,8.78140329166172,0.000713006120130807,-9.172263747146175,8.759477891852466,0.000713006120130807,-9.191107080963539,0.43091618299094137
2018-07-28 00:00:00+00:00,2.0,-0.41845196327541423,8.901167652054871,0.000713006120130807,-9.094812897336757,8.78140329166172,0.000713006120130807,-9.200568261057265,2.4184519632754142
2018-07-29 00:00:00+00:00,5.0,13.214231821193755,8.497524715830291,0.000713006120130807,3.9531548311807594,8.901167652054871,0.000713006120130807,4.312351163018752,-8.214231821193755
2018-07-30 00:00:00+00:00,12.0,10.11395678509577,8.59108058273964,0.000713006120130807,1.698192971750362,8.497524715830291,0.000713006120130807,1.6157190631453477,1.8860432149042303
2018-07-31 00:00:00+00:00,7.0,10.119115572683883,8.438251182931987,0.000713006120130807,1.3909276262414476,8.59108058273964,0.000713006120130807,1.5273219838241132,-3.1191155726838833
2018-08-01 00:00:00+00:00,17.0,9.845742657703438,8.791141548103143,0.000713006120130807,1.7196236683384754,8.438251182931987,0.000713006120130807,1.406778468651319,7.154257342296562
2018-08-02 00:00:00+00:00,5.0,8.391676404268802,8.624894996904969,0.000713006120130807,-0.5484911936710513,8.791141548103143,0.000713006120130807,-0.40017814995447165,-3.391676404268802
2018-08-03 00:00:00+00:00,0.0,-0.5466557441210753,8.652517822879698,0.000713006120130807,-9.148359291764256,8.624894996904969,0.000713006120130807,-9.172263747146175,0.5466557441210753
2018-08-04 00:00:00+00:00,1.0,-0.4415820683369276,8.724194528150083,0.000713006120130807,-9.031774623976364,8.652517822879698,0.000713006120130807,-9.094812897336757,1.4415820683369276
2018-08-05 00:00:00+00:00,14.0,12.678062365450973,8.78998158496353,0.000713006120130807,4.010961228612041,8.724194528150083,0.000713006120130807,3.9531548311807594,1.3219376345490268
2018-08-06 00:00:00+00:00,7.0,10.488887562834023,8.618949691631885,0.000713006120130807,1.5456290263876595,8.78998158496353,0.000713006120130807,1.698192971750362,-3.488887562834023
2018-08-07 00:00:00+00:00,10.0,10.010590323993464,8.619141375669646,0.000713006120130807,1.3904645268775346,8.618949691631885,0.000713006120130807,1.3909276262414476,-0.010590323993463713
2018-08-08 00:00:00+00:00,6.0,10.339478050128251,8.406238090645367,0.000713006120130807,1.5298646462378513,8.619141375669646,0.000713006120130807,1.7196236683384754,-4.3394780501282515
2018-08-09 00:00:00+00:00,12.0,7.858459903094447,8.610823642013349,0.000713006120130807,-0.36738770848206764,8.406238090645367,0.000713006120130807,-0.5484911936710513,4.141540096905553
2018-08-10 00:00:00+00:00,2.0,-0.5368226436307761,8.73641494874098,0.000713006120130807,-9.037427751487455,8.610823642013349,0.000713006120130807,-9.148359291764256,2.536822643630776
2018-08-11 00:00:00+00:00,1.0,-0.2946466691152523,8.800858573291292,0.000713006120130807,-8.975161620509304,8.73641494874098,0.000713006120130807,-9.031774623976364,1.2946466691152523
2018-08-12 00:00:00+00:00,16.0,12.812532808023464,8.958478680180004,0.000713006120130807,4.150344502439044,8.800858573291292,0.000713006120130807,4.010961228612041,3.187467191976536
2018-08-13 00:00:00+00:00,6.0,10.504820712687795,8.737436193635196,0.000713006120130807,1.348639811716322,8.958478680180004,0.000713006120130807,1.5456290263876595,-4.5048207126877955
2018-08-14 00:00:00+00:00,7.0,10.128613726632862,8.584139235195867,0.000713006120130807,1.2536548289280556,8.737436193635196,0.000713006120130807,1.3904645268775346,-3.128613726632862
2018-08-15 00:00:00+00:00,6.0,10.114716887553849,8.382300102447005,0.000713006120130807,1.3499341007244192,8.584139235195867,0.000713006120130807,1.5298646462378513,-4.114716887553849
2018-08-16 00:00:00+00:00,10.0,8.015625400085067,8.480696456052318,0.000713006120130807,-0.28061391236849,8.382300102447005,0.000713006120130807,-0.36738770848206764,1.9843745999149327
2018-08-17 00:00:00+00:00,1.0,-0.5560182893150056,8.558006428922061,0.000713006120130807,-8.969385349719257,8.480696456052318,0.000713006120130807,-9.037427751487455,1.5560182893150056
2018-08-18 00:00:00+00:00,5.0,-0.41644218546711187,8.825350646789747,0.000713006120130807,-8.738308533454646,8.558006428922061,0.000713006120130807,-8.975161620509304,5.416442185467112
2018-08-19 00:00:00+00:00,3.0,12.976408155348922,8.334962353520773,0.000713006120130807,3.7140907793490627,8.825350646789747,0.000713006120130807,4.150344502439044,-9.976408155348922
2018-08-20 00:00:00+00:00,2.0,9.684315171357227,7.957405234080172,0.000713006120130807,1.0126159591733555,8.334962353520773,0.000713006120130807,1.348639811716322,-7.684315171357227
2018-08-21 00:00:00+00:00,0.0,9.211773069128357,7.504657069257634,0.000713006120130807,0.8508374787264574,7.957405234080172,0.000713006120130807,1.2536548289280556,-9.211773069128357
2018-08-22 00:00:00+00:00,2.0,8.855304176102184,7.167909063742401,0.000713006120130807,1.0501616853250537,7.504657069257634,0.000713006120130807,1.3499341007244192,-6.855304176102184
2018-08-23 00:00:00+00:00,0.0,6.888008157494042,6.829551163412658,0.000713006120130807,-0.5818164249952241,7.167909063742401,0.000713006120130807,-0.28061391236849,-6.888008157494042
2018-08-24 00:00:00+00:00,1.0,-2.1391211801864687,6.984791376772488,0.000713006120130807,-8.832116176208878,6.829551163412658,0.000713006120130807,-8.969385349719257,3.1391211801864687
2018-08-25 00:00:00+00:00,0.0,-1.752804150562027,7.071788382355301,0.000713006120130807,-8.661660974070232,6.984791376772488,0.000713006120130807,-8.738308533454646,1.752804150562027
2018-08-26 00:00:00+00:00,22.0,10.786592167824494,7.624495560246439,0.000713006120130807,4.20443668732899,7.071788382355301,0.000713006120130807,3.7140907793490627,11.213407832175506
2018-08-27 00:00:00+00:00,10.0,8.637824525539925,7.692263375581111,0.000713006120130807,1.072181898435419,7.624495560246439,0.000713006120130807,1.0126159591733555,1.3621754744600754
2018-08-28 00:00:00+00:00,8.0,8.543813860427699,7.666206457162954,0.000713006120130807,0.8270572947579096,7.692263375581111,0.000713006120130807,0.8508374787264574,-0.543813860427699
2018-08-29 00:00:00+00:00,18.0,8.717081148608138,8.123882875269983,0.000713006120130807,1.4560901364270258,7.666206457162954,0.000713006120130807,1.0501616853250537,9.282918851391862
2018-08-30 00:00:00+00:00,14.0,7.54277945639489,8.442460723127393,0.000713006120130807,-0.29945162404725023,8.123882875269983,0.000713006120130807,-0.5818164249952241,6.45722054360511
2018-08-31 00:00:00+00:00,0.0,-0.3889424469613534,8.462319912735206,0.000713006120130807,-8.815108292418193,8.442460723127393,0.000713006120130807,-8.832116176208878,0.3889424469613534
2018-09-01 00:00:00+00:00,0.0,-0.19862805521489513,8.472810635894596,0.000713006120130807,-8.652975260008787,8.462319912735206,0.000713006120130807,-8.661660974070232,0.19862805521489513
2018-09-02 00:00:00+00:00,9.0,12.677960329343717,8.292471396685947,0.000713006120130807,4.043604866690901,8.472810635894596,0.000713006120130807,4.20443668732899,-3.6779603293437173
2018-09-03 00:00:00+00:00,11.0,9.365366301241497,8.373651312437788,0.000713006120130807,1.1436620369649761,8.292471396685947,0.000713006120130807,1.072181898435419,1.6346336987585026
2018-09-04 00:00:00+00:00,8.0,9.20142161331583,8.315222821315025,0.000713006120130807,0.7745208864987118,8.373651312437788,0.000713006120130807,0.8270572947579096,-1.20142161331583
2018-09-05 00:00:00+00:00,11.0,9.772025963862182,8.376384401247769,0.000713006120130807,1.5097876432632644,8.315222821315025,0.000713006120130807,1.4560901364270258,1.2279740361378177
2018-09-06 00:00:00+00:00,8.0,8.07764578332065,8.373275195557088,0.000713006120130807,-0.30284696047779813,8.376384401247769,0.000713006120130807,-0.29945162404725023,-0.07764578332064964
2018-09-07 00:00:00+00:00,0.0,-0.4411200907409736,8.395702895620788,0.000713006120130807,-8.795818756653524,8.373275195557088,0.000713006120130807,-8.815108292418193,0.4411200907409736
2018-09-08 00:00:00+00:00,0.0,-0.256559358267868,8.409045360385134,0.000713006120130807,-8.64175629487674,8.395702895620788,0.000713006120130807,-8.652975260008787,0.256559358267868
2018-09-09 00:00:00+00:00,5.0,12.453363233196166,8.042857141971956,0.000713006120130807,3.7176802042881842,8.409045360385134,0.000713006120130807,4.043604866690901,-7.453363233196166
2018-09-10 00:00:00+00:00,14.0,9.187232185057063,8.280484726041596,0.000713006120130807,1.354117327580846,8.042857141971956,0.000713006120130807,1.1436620369649761,4.812767814942937
2018-09-11 00:00:00+00:00,4.0,9.055718618660439,8.032323593863904,0.000713006120130807,0.5534417129182465,8.280484726041596,0.000713006120130807,0.7745208864987118,-5.055718618660439
2018-09-12 00:00:00+00:00,8.0,9.5428242432473,7.957089126826421,0.000713006120130807,1.442322197813416,8.032323593863904,0.000713006120130807,1.5097876432632644,-1.5428242432472992
2018-09-13 00:00:00+00:00,12.0,7.654955172468753,8.171692455743782,0.000713006120130807,-0.11284451135114898,7.957089126826421,0.000713006120130807,-0.30284696047779813,4.345044827531247
2018-09-14 00:00:00+00:00,0.0,-0.6234132947896107,8.203093769154496,0.000713006120130807,-8.768557805954556,8.171692455743782,0.000713006120130807,-8.795818756653524,0.6234132947896107
2018-09-15 00:00:00+00:00,0.0,-0.4379495196021139,8.225365393846996,0.000713006120130807,-8.622605403546231,8.203093769154496,0.000713006120130807,-8.64175629487674,0.4379495196021139
2018-09-16 00:00:00+00:00,10.0,11.943758604255311,8.130394426197798,0.000713006120130807,3.6326824862026506,8.225365393846996,0.000713006120130807,3.7176802042881842,-1.9437586042553114
2018-09-17 00:00:00+00:00,7.0,9.485224759898776,8.008769102745287,0.000713006120130807,1.2454420872199201,8.130394426197798,0.000713006120130807,1.354117327580846,-2.4852247598987756
2018-09-18 00:00:00+00:00,8.0,8.562923821783665,7.981771472328679,0.000713006120130807,0.5288258783167425,8.008769102745287,0.000713006120130807,0.5534417129182465,-0.5629238217836647
2018-09-19 00:00:00+00:00,11.0,9.424806676262225,8.060025360500823,0.000713006120130807,1.5112030957645137,7.981771472328679,0.000713006120130807,1.442322197813416,1.5751933237377749
2018-09-20 00:00:00+00:00,6.0,7.947893855269806,7.964850829894407,0.000713006120130807,-0.19802305790950486,8.060025360500823,0.000713006120130807,-0.11284451135114898,-1.9478938552698057
2018-09-21 00:00:00+00:00,0.0,-0.8029939699400188,8.005092228989088,0.000713006120130807,-8.733444055238841,7.964850829894407,0.000713006120130807,-8.768557805954556,0.8029939699400188
2018-09-22 00:00:00+00:00,1.0,-0.6168001684370115,8.085394266673273,0.000713006120130807,-8.551905099189199,8.005092228989088,0.000713006120130807,-8.622605403546231,1.6168001684370115
2018-09-23 00:00:00+00:00,15.0,11.718789758996055,8.247628993620545,0.000713006120130807,3.776165006323028,8.085394266673273,0.000713006120130807,3.6326824862026506,3.2812102410039454
2018-09-24 00:00:00+00:00,10.0,9.493784086960597,8.273261117803402,0.000713006120130807,1.2675781679928815,8.247628993620545,0.000713006120130807,1.2454420872199201,0.5062159130394033
2018-09-25 00:00:00+00:00,24.0,8.802800002240277,9.0220754996651,0.000713006120130807,1.1933771853932378,8.273261117803402,0.000713006120130807,0.5288258783167425,15.197199997759723
2018-09-26 00:00:00+00:00,5.0,10.533991601549744,8.750370775474915,0.000713006120130807,1.2692097448378719,9.0220754996651,0.000713006120130807,1.5112030957645137,-5.533991601549744
2018-09-27 00:00:00+00:00,5.0,8.55306072368554,8.576179877199873,0.000713006120130807,-0.3533932016462101,8.750370775474915,0.000713006120130807,-0.19802305790950486,-3.5530607236855403
2018-09-28 00:00:00+00:00,0.0,-0.15655117191883683,8.584599312603274,0.000713006120130807,-8.726598301683033,8.576179877199873,0.000713006120130807,-8.733444055238841,0.15655117191883683
2018-09-29 00:00:00+00:00,1.0,0.033407219534206334,8.632894069898287,0.000713006120130807,-8.509637411999194,8.584599312603274,0.000713006120130807,-8.551905099189199,0.9665927804657937
2018-09-30 00:00:00+00:00,15.0,12.409772082341446,8.761114318732222,0.000713006120130807,3.8894318810473045,8.632894069898287,0.000713006120130807,3.776165006323028,2.590227917658554
2018-10-01 00:00:00+00:00,10.0,10.029405492845235,8.760379802305101,0.000713006120130807,1.2662923088406424,8.761114318732222,0.000713006120130807,1.2675781679928815,-0.029405492845235415
2018-10-02 00:00:00+00:00,15.0,9.95446999381847,9.00946539939766,0.000713006120130807,1.4140108258662125,8.760379802305101,0.000713006120130807,1.1933771853932378,5.045530006181529
2018-10-03 00:00:00+00:00,14.0,10.279388150355663,9.193330225835325,0.000713006120130807,1.4319066540165315,9.00946539939766,0.000713006120130807,1.2692097448378719,3.720611849644337
2018-10-04 00:00:00+00:00,9.0,8.840650030309247,9.2018874355961,0.000713006120130807,-0.34642506076129703,9.193330225835325,0.000713006120130807,-0.3533932016462101,0.1593499696907532
2018-10-05 00:00:00+00:00,0.0,0.47600214003319863,9.179168634813168,0.000713006120130807,-8.747413178395647,9.2018874355961,0.000713006120130807,-8.726598301683033,-0.47600214003319863
2018-10-06 00:00:00+00:00,0.0,0.6702442289341057,9.146888021725658,0.000713006120130807,-8.53894621088743,9.179168634813168,0.000713006120130807,-8.509637411999194,-0.6702442289341057
2018-10-07 00:00:00+00:00,8.0,13.037032908893094,8.89964671722581,0.000713006120130807,3.6691698061989326,9.146888021725658,0.000713006120130807,3.8894318810473045,-5.037032908893094
2018-10-08 00:00:00+00:00,10.0,10.166652032186583,8.89215606645077,0.000713006120130807,1.259004859453066,8.89964671722581,0.000713006120130807,1.2662923088406424,-0.1666520321865832
2018-10-09 00:00:00+00:00,6.0,10.306879898437113,8.680857466640239,0.000713006120130807,1.2256772732150805,8.89215606645077,0.000713006120130807,1.4140108258662125,-4.3068798984371135
2018-10-10 00:00:00+00:00,7.0,10.113477126776901,8.528305626458089,0.000713006120130807,1.295758857418647,8.680857466640239,0.000713006120130807,1.4319066540165315,-3.1134771267769015
2018-10-11 00:00:00+00:00,6.0,8.182593571816923,8.421577705696846,0.000713006120130807,-0.44186668232194687,8.528305626458089,0.000713006120130807,-0.34642506076129703,-2.1825935718169234
2018-10-12 00:00:00+00:00,2.0,-0.3251224665786694,8.536747803667552,0.000713006120130807,-8.645738976930538,8.421577705696846,0.000713006120130807,-8.747413178395647,2.3251224665786694
2018-10-13 00:00:00+00:00,1.0,-0.001485401099746042,8.586760194309718,0.000713006120130807,-8.495152720480185,8.536747803667552,0.000713006120130807,-8.53894621088743,1.001485401099746
2018-10-14 00:00:00+00:00,11.0,12.256643006628781,8.52561336031367,0.000713006120130807,3.6142186472547326,8.586760194309718,0.000713006120130807,3.6691698061989326,-1.2566430066287815
2018-10-15 00:00:00+00:00,16.0,9.785331225886868,8.832251290786811,0.000713006120130807,1.5307632266189373,8.52561336031367,0.000713006120130807,1.259004859453066,6.214668774113132
2018-10-16 00:00:00+00:00,10.0,10.058641570122022,8.830077591507894,0.000713006120130807,1.2231129632053845,8.832251290786811,0.000713006120130807,1.2256772732150805,-0.0586415701220222
2018-10-17 00:00:00+00:00,13.0,10.126549455046673,8.972239832100284,0.000713006120130807,1.4214106429942723,8.830077591507894,0.000713006120130807,1.295758857418647,2.873450544953327
2018-10-18 00:00:00+00:00,11.0,8.531086155898468,9.094488242349598,0.000713006120130807,-0.3339046944295198,8.972239832100284,0.000713006120130807,-0.44186668232194687,2.4689138441015324
2018-10-19 00:00:00+00:00,0.0,0.4494622715391916,9.073075900133723,0.000713006120130807,-8.665393304048493,9.094488242349598,0.000713006120130807,-8.645738976930538,-0.4494622715391916
2018-10-20 00:00:00+00:00,0.0,0.5786361857736697,9.045304808742804,0.000713006120130807,-8.520455633755942,9.073075900133723,0.000713006120130807,-8.495152720480185,-0.5786361857736697
2018-10-21 00:00:00+00:00,8.0,12.660236462117668,8.816611785521664,0.000713006120130807,3.4104333293907594,9.045304808742804,0.000713006120130807,3.6142186472547326,-4.660236462117668
2018-10-22 00:00:00+00:00,13.0,10.348088018260732,8.947868510364792,0.000713006120130807,1.6467274551594868,8.816611785521664,0.000713006120130807,1.5307632266189373,2.651911981739268
2018-10-23 00:00:00+00:00,7.0,10.171694479690307,8.792450847411803,0.000713006120130807,1.0844194069952793,8.947868510364792,0.000713006120130807,1.2231129632053845,-3.1716944796903075
2018-10-24 00:00:00+00:00,25.0,10.214574496526208,9.520995109401682,0.000713006120130807,2.0679556542768833,8.792450847411803,0.000713006120130807,1.4214106429942723,14.785425503473792
2018-10-25 00:00:00+00:00,4.0,9.187803421092292,9.266331935898721,0.000713006120130807,-0.5607597430470951,9.520995109401682,0.000713006120130807,-0.3339046944295198,-5.187803421092292
2018-10-26 00:00:00+00:00,1.0,0.6016516379703596,9.286654143562735,0.000713006120130807,-8.647974113362208,9.266331935898721,0.000713006120130807,-8.665393304048493,0.3983483620296404
2018-10-27 00:00:00+00:00,1.0,0.7669115159269246,9.298841224882922,0.000713006120130807,-8.51026301559088,9.286654143562735,0.000713006120130807,-8.520455633755942,0.23308848407307536
2018-10-28 00:00:00+00:00,8.0,12.709987560393813,9.067699140974911,0.000713006120130807,3.2044724688351867,9.298841224882922,0.000713006120130807,3.4104333293907594,-4.709987560393813
2018-10-29 00:00:00+00:00,10.0,10.71513960225453,9.033208496398021,0.000713006120130807,1.6154554473231442,9.067699140974911,0.000713006120130807,1.6467274551594868,-0.7151396022545295
2018-10-30 00:00:00+00:00,30.0,10.118340909513432,10.0126212972047,0.000713006120130807,1.9538152521101568,9.033208496398021,0.000713006120130807,1.0844194069952793,19.88165909048657
2018-10-31 00:00:00+00:00,18.0,12.081289957601713,10.304690285083726,0.000713006120130807,2.3267721793908764,10.0126212972047,0.000713006120130807,2.0679556542768833,5.918710042398287
2018-11-01 00:00:00+00:00,9.0,9.744643548156763,10.26874727148343,0.000713006120130807,-0.5933219152437237,10.304690285083726,0.000713006120130807,-0.5607597430470951,-0.7446435481567626
2018-11-02 00:00:00+00:00,1.0,1.6214861642413538,10.238866835749679,0.000713006120130807,-8.675150793463638,10.26874727148343,0.000713006120130807,-8.647974113362208,-0.6214861642413538
2018-11-03 00:00:00+00:00,1.0,1.7293168262789305,10.203678299403359,0.000713006120130807,-8.542154972678238,10.238866835749679,0.000713006120130807,-8.51026301559088,-0.7293168262789305
2018-11-04 00:00:00+00:00,15.0,13.408863774358677,10.28271699706996,0.000713006120130807,3.274050526545987,10.203678299403359,0.000713006120130807,3.2044724688351867,1.591136225641323
2018-11-05 00:00:00+00:00,9.0,11.898885450513236,10.14072870334763,0.000713006120130807,1.4886914305642942,10.28271699706996,0.000713006120130807,1.6154554473231442,-2.8988854505132355
2018-11-06 00:00:00+00:00,14.0,12.095256961577919,10.235205092702028,0.000713006120130807,2.037106876620912,10.14072870334763,0.000713006120130807,1.9538152521101568,1.9047430384220814
2018-11-07 00:00:00+00:00,9.0,12.562690278213037,10.060540167435775,0.000713006120130807,2.1709809493324306,10.235205092702028,0.000713006120130807,2.3267721793908764,-3.5626902782130365
2018-11-08 00:00:00+00:00,14.0,9.467931258312182,10.28434998488377,0.000713006120130807,-0.3951411841555531,10.060540167435775,0.000713006120130807,-0.5933219152437237,4.532068741687818
2018-11-09 00:00:00+00:00,0.0,1.6099121975402628,10.205813028512091,0.000713006120130807,-8.745549896937403,10.28434998488377,0.000713006120130807,-8.675150793463638,-1.6099121975402628
2018-11-10 00:00:00+00:00,0.0,1.6643710619539842,10.124595265715858,0.000713006120130807,-8.61493548256459,10.205813028512091,0.000713006120130807,-8.542154972678238,-1.6643710619539842
2018-11-11 00:00:00+00:00,23.0,13.399358798381975,10.59791196804255,0.000713006120130807,3.693872510875221,10.124595265715858,0.000713006120130807,3.274050526545987,9.600641201618025
2018-11-12 00:00:00+00:00,13.0,12.087316404726977,10.643552977567333,0.000713006120130807,1.5286017480093086,10.59791196804255,0.000713006120130807,1.4886914305642942,0.9126835952730232
2018-11-13 00:00:00+00:00,13.0,12.681372860308377,10.659950807312017,0.000713006120130807,2.051039974966879,10.643552977567333,0.000713006120130807,2.037106876620912,0.31862713969162293
2018-11-14 00:00:00+00:00,11.0,12.83164476276458,10.570498785196945,0.000713006120130807,2.090885805399703,10.659950807312017,0.000713006120130807,2.1709809493324306,-1.8316447627645793
2018-11-15 00:00:00+00:00,11.0,10.176070607161522,10.611770756941484,0.000713006120130807,-0.3591119580461205,10.570498785196945,0.000713006120130807,-0.3951411841555531,0.8239293928384779
2018-11-16 00:00:00+00:00,0.0,1.8669338661242119,10.520581584116025,0.000713006120130807,-8.827188181696512,10.611770756941484,0.000713006120130807,-8.745549896937403,-1.8669338661242119
2018-11-17 00:00:00+00:00,1.0,1.906359107671566,10.476677917726422,0.000713006120130807,-8.654569239425895,10.520581584116025,0.000713006120130807,-8.61493548256459,-0.906359107671566
2018-11-18 00:00:00+00:00,12.0,14.171263434721773,10.370507737282438,0.000713006120130807,3.5989263396223286,10.476677917726422,0.000713006120130807,3.693872510875221,-2.171263434721773
2018-11-19 00:00:00+00:00,16.0,11.899822491411877,10.573057162967462,0.000713006120130807,1.7078965077663397,10.370507737282438,0.000713006120130807,1.5286017480093086,4.100177508588123
2018-11-20 00:00:00+00:00,4.0,12.624810144054472,10.14920298992116,0.000713006120130807,1.6738896541602217,10.573057162967462,0.000713006120130807,2.051039974966879,-8.624810144054472
2018-11-21 00:00:00+00:00,7.0,12.240801801440995,9.89193090416747,0.000713006120130807,1.861713215199543,10.14920298992116,0.000713006120130807,2.090885805399703,-5.240801801440995
2018-11-22 00:00:00+00:00,7.0,9.53353195224148,9.767927598122435,0.000713006120130807,-0.4698996012060668,9.89193090416747,0.000713006120130807,-0.3591119580461205,-2.5335319522414803
2018-11-23 00:00:00+00:00,1.0,0.941452422546055,9.771522682733742,0.000713006120130807,-8.824627981848584,9.767927598122435,0.000713006120130807,-8.827188181696512,0.05854757745394501
2018-11-24 00:00:00+00:00,1.0,1.117666449427979,9.766443409176784,0.000713006120130807,-8.659714620994734,9.771522682733742,0.000713006120130807,-8.654569239425895,-0.1176664494279791
2018-11-25 00:00:00+00:00,11.0,13.366082754919244,9.650683001488161,0.000713006120130807,3.4954610047142842,9.766443409176784,0.000713006120130807,3.5989263396223286,-2.366082754919244
2018-11-26 00:00:00+00:00,18.0,11.359292515374632,9.978293225903629,0.000713006120130807,1.9982849240187415,9.650683001488161,0.000713006120130807,1.7078965077663397,6.640707484625368
2018-11-27 00:00:00+00:00,7.0,11.652895886183982,9.749961551809665,0.000713006120130807,1.4704253289351652,9.978293225903629,0.000713006120130807,1.6738896541602217,-4.652895886183982
2018-11-28 00:00:00+00:00,9.0,11.61238777312934,9.622076468325357,0.000713006120130807,1.7474773224377398,9.749961551809665,0.000713006120130807,1.861713215199543,-2.61238777312934
2018-11-29 00:00:00+00:00,8.0,9.152889873239422,9.566037013441088,0.000713006120130807,-0.5203137875225892,9.622076468325357,0.000713006120130807,-0.4698996012060668,-1.1528898732394222
2018-11-30 00:00:00+00:00,0.0,0.742122037712635,9.530218124379028,0.000713006120130807,-8.857079892085002,9.566037013441088,0.000713006120130807,-8.824627981848584,-0.742122037712635
2018-12-01 00:00:00+00:00,2.0,0.8712165095044249,9.586496924347934,0.000713006120130807,-8.610354571503658,9.530218124379028,0.000713006120130807,-8.659714620994734,1.1287834904955751
2018-12-02 00:00:00+00:00,14.0,13.08267093518235,9.632366612981881,0.000713006120130807,3.53557446174148,9.586496924347934,0.000713006120130807,3.4954610047142842,0.9173290648176504
2018-12-03 00:00:00+00:00,19.0,11.631364543120753,9.995810011769219,0.000713006120130807,2.320504564805279,9.632366612981881,0.000713006120130807,1.9982849240187415,7.368635456879247
2018-12-04 00:00:00+00:00,24.0,11.466948346824516,10.613478324482857,0.000713006120130807,2.018477329238036,9.995810011769219,0.000713006120130807,1.4704253289351652,12.533051653175484
2018-12-05 00:00:00+00:00,15.0,12.361668653040729,10.744066525416065,0.000713006120130807,1.8628476897015211,10.613478324482857,0.000713006120130807,1.7474773224377398,2.638331346959271
2018-12-06 00:00:00+00:00,14.0,10.224465744013607,10.930634976715519,0.000713006120130807,-0.35521520192144507,10.744066525416065,0.000713006120130807,-0.5203137875225892,3.7755342559863934
2018-12-07 00:00:00+00:00,1.0,2.074268090750648,10.878465778434556,0.000713006120130807,-8.904056062956226,10.930634976715519,0.000713006120130807,-8.857079892085002,-1.0742680907506479
2018-12-08 00:00:00+00:00,1.0,2.2688242130510297,10.81671930915806,0.000713006120130807,-8.665838396771317,10.878465778434556,0.000713006120130807,-8.610354571503658,-1.2688242130510297
2018-12-09 00:00:00+00:00,5.0,14.353006777019672,10.357018736576848,0.000713006120130807,3.1265811682611027,10.81671930915806,0.000713006120130807,3.53557446174148,-9.353006777019672
2018-12-10 00:00:00+00:00,8.0,12.678236307502258,10.127439648218884,0.000713006120130807,2.115932140054559,10.357018736576848,0.000713006120130807,2.320504564805279,-4.678236307502258
2018-12-11 00:00:00+00:00,19.0,12.14662998357705,10.465518454519826,0.000713006120130807,2.3181651666662537,10.127439648218884,0.000713006120130807,2.018477329238036,6.85337001642295
2018-12-12 00:00:00+00:00,6.0,12.329079150341478,10.154674540928056,0.000713006120130807,1.5860863242809145,10.465518454519826,0.000713006120130807,1.8628476897015211,-6.329079150341478
2018-12-13 00:00:00+00:00,14.0,9.800172345126743,10.362129370999396,0.000713006120130807,-0.171562887155997,10.154674540928056,0.000713006120130807,-0.35521520192144507,4.199827654873257
2018-12-14 00:00:00+00:00,5.0,1.4587863141633015,10.537163096104592,0.000713006120130807,-8.74920397284049,10.362129370999396,0.000713006120130807,-8.904056062956226,3.5412136858366985
2018-12-15 00:00:00+00:00,0.0,1.8720377054534065,10.445722680338045,0.000713006120130807,-8.747699864952228,10.537163096104592,0.000713006120130807,-8.665838396771317,-1.8720377054534065
2018-12-16 00:00:00+00:00,9.0,13.57301685471928,10.221323152517112,0.000713006120130807,2.92660983613844,10.445722680338045,0.000713006120130807,3.1265811682611027,-4.573016854719279
2018-12-17 00:00:00+00:00,16.0,12.337968298691802,10.402304297120763,0.000713006120130807,2.2760674251082973,10.221323152517112,0.000713006120130807,2.115932140054559,3.662031701308198
2018-12-18 00:00:00+00:00,8.0,12.721182469907149,10.170611129644104,0.000713006120130807,2.111714769107102,10.402304297120763,0.000713006120130807,2.3181651666662537,-4.7211824699071485
2018-12-19 00:00:00+00:00,10.0,11.75741046004515,10.084813384895904,0.000713006120130807,1.5092373377264785,10.170611129644104,0.000713006120130807,1.5860863242809145,-1.7574104600451506
2018-12-20 00:00:00+00:00,9.0,9.913963503860039,10.04053538249367,0.000713006120130807,-0.21152917312972488,10.084813384895904,0.000713006120130807,-0.171562887155997,-0.9139635038600389
2018-12-21 00:00:00+00:00,1.0,1.2920444157733115,10.026872133168728,0.000713006120130807,-8.761974647586836,10.04053538249367,0.000713006120130807,-8.74920397284049,-0.2920444157733115
2018-12-22 00:00:00+00:00,1.0,1.2798852743366318,10.013807432947436,0.000713006120130807,-8.75993883824463,10.026872133168728,0.000713006120130807,-8.747699864952228,-0.2798852743366318
2018-12-23 00:00:00+00:00,13.0,12.941130275206007,10.01741837566868,0.000713006120130807,2.929184123017921,10.013807432947436,0.000713006120130807,2.92660983613844,0.05886972479399333
2018-12-24 00:00:00+00:00,10.0,12.294198806897107,9.905196546166632,0.000713006120130807,2.175745470008571,10.01741837566868,0.000713006120130807,2.2760674251082973,-2.294198806897107
2018-12-25 00:00:00+00:00,7.0,12.017624321393866,9.658910653914536,0.000713006120130807,1.8923014033757406,9.905196546166632,0.000713006120130807,2.111714769107102,-5.017624321393866
2018-12-26 00:00:00+00:00,6.0,11.168860997761145,9.405179945139025,0.000713006120130807,1.283210613549311,9.658910653914536,0.000713006120130807,1.5092373377264785,-5.168860997761145
2018-12-27 00:00:00+00:00,9.0,9.194363778129432,9.396325148648518,0.000713006120130807,-0.22002841659715838,9.405179945139025,0.000713006120130807,-0.21152917312972488,-0.19436377812943206
2018-12-28 00:00:00+00:00,1.0,0.6350635071818136,9.415002614825491,0.000713006120130807,-8.746016509025917,9.396325148648518,0.000713006120130807,-8.761974647586836,0.3649364928181864
2018-12-29 00:00:00+00:00,0.0,0.6557767827009933,9.383434180062412,0.000713006120130807,-8.788614996889551,9.415002614825491,0.000713006120130807,-8.75993883824463,-0.6557767827009933
2018-12-30 00:00:00+00:00,16.0,12.313331309200464,9.565628111609403,0.000713006120130807,3.0903967475533607,9.383434180062412,0.000713006120130807,2.929184123017921,3.686668690799536
2018-12-31 00:00:00+00:00,10.0,11.742086587738106,9.480584703841455,0.000713006120130807,2.0995665739558476,9.565628111609403,0.000713006120130807,2.175745470008571,-1.7420865877381058
2019-01-01 00:00:00+00:00,0.0,11.373599113337328,8.921417919929542,0.000713006120130807,1.3949505651919574,9.480584703841455,0.000713006120130807,1.8923014033757406,-11.373599113337328
2019-01-02 00:00:00+00:00,9.0,10.205341539598985,8.862796465481583,0.000713006120130807,1.2305027926525551,8.921417919929542,0.000713006120130807,1.283210613549311,-1.2053415395989848
2019-01-03 00:00:00+00:00,5.0,8.643481055004557,8.684154512126348,0.000713006120130807,-0.3793525090463369,8.862796465481583,0.000713006120130807,-0.22002841659715838,-3.643481055004557
2019-01-04 00:00:00+00:00,1.0,-0.06114899077943825,8.73710391837189,0.000713006120130807,-8.699614017189965,8.684154512126348,0.000713006120130807,-8.746016509025917,1.0611489907794383
2019-01-05 00:00:00+00:00,0.0,-0.05079807239753009,8.740317523803158,0.000713006120130807,-8.786393671552403,8.73710391837189,0.000713006120130807,-8.788614996889551,0.05079807239753009
2019-01-06 00:00:00+00:00,17.0,11.83142727747665,8.995460054106037,0.000713006120130807,3.3164108658764166,8.740317523803158,0.000713006120130807,3.0903967475533607,5.168572722523351
2019-01-07 00:00:00+00:00,14.0,11.095739634182015,9.139138947067192,0.000713006120130807,2.2265656278920543,8.995460054106037,0.000713006120130807,2.0995665739558476,2.9042603658179846
2019-01-08 00:00:00+00:00,26.0,10.53480251837928,9.90114584376065,0.000713006120130807,2.0712210098871777,9.139138947067192,0.000713006120130807,1.3949505651919574,15.46519748162072
2019-01-09 00:00:00+00:00,27.0,11.132361642533336,10.682963401162619,0.000713006120130807,1.9243713876717732,9.90114584376065,0.000713006120130807,1.2305027926525551,15.867638357466664
2019-01-10 00:00:00+00:00,34.0,10.304323898236413,11.850126009411369,0.000713006120130807,0.6568247162194742,10.682963401162619,0.000713006120130807,-0.3793525090463369,23.69567610176359
2019-01-11 00:00:00+00:00,1.0,3.151224998341535,11.744942246322292,0.000713006120130807,-8.793683936956386,11.850126009411369,0.000713006120130807,-8.699614017189965,-2.151224998341535
2019-01-12 00:00:00+00:00,0.0,2.9592615808900202,11.59998186128028,0.000713006120130807,-8.915797848101478,11.744942246322292,0.000713006120130807,-8.786393671552403,-2.9592615808900202
2019-01-13 00:00:00+00:00,18.0,14.917105733276829,11.752454233766674,0.000713006120130807,3.4512213187777094,11.59998186128028,0.000713006120130807,3.3164108658764166,3.082894266723171
2019-01-14 00:00:00+00:00,18.0,13.979732867778859,11.951069970186241,0.000713006120130807,2.402366023880004,11.752454233766674,0.000713006120130807,2.2265656278920543,4.020267132221141
2019-01-15 00:00:00+00:00,10.0,14.023003986193551,11.753745520911377,0.000713006120130807,1.8953009352817909,11.951069970186241,0.000713006120130807,2.0712210098871777,-4.023003986193551
2019-01-16 00:00:00+00:00,19.0,13.67882991470328,12.01639984924561,0.000713006120130807,2.157058365265117,11.753745520911377,0.000713006120130807,1.9243713876717732,5.321170085296719
2019-01-17 00:00:00+00:00,6.0,12.673937571585217,11.68857984404443,0.000713006120130807,0.3649831969134382,12.01639984924561,0.000713006120130807,0.6568247162194742,-6.673937571585217
2019-01-18 00:00:00+00:00,3.0,2.895608913208175,11.694431633338807,0.000713006120130807,-8.789119067560387,11.68857984404443,0.000713006120130807,-8.793683936956386,0.10439108679182496
2019-01-19 00:00:00+00:00,1.0,2.77934679135746,11.607554044959157,0.000713006120130807,-8.993606078309233,11.694431633338807,0.000713006120130807,-8.915797848101478,-1.7793467913574599
2019-01-20 00:00:00+00:00,19.0,15.059488369856997,11.802243715995864,0.000713006120130807,3.623534123422492,11.607554044959157,0.000713006120130807,3.4512213187777094,3.9405116301430034
2019-01-21 00:00:00+00:00,17.0,14.205322745996,11.940528241789504,0.000713006120130807,2.52457316876716,11.802243715995864,0.000713006120130807,2.402366023880004,2.794677254004
2019-01-22 00:00:00+00:00,12.0,13.836542183191426,11.850835137964681,0.000713006120130807,1.8149916343236607,11.940528241789504,0.000713006120130807,1.8953009352817909,-1.8365421831914261
2019-01-23 00:00:00+00:00,10.0,14.00860650934993,11.654219422682624,0.000713006120130807,1.9817678712440776,11.850835137964681,0.000713006120130807,2.157058365265117,-4.00860650934993
2019-01-24 00:00:00+00:00,20.0,12.019915625716195,12.047762167163476,0.000713006120130807,0.7139406036918434,11.654219422682624,0.000713006120130807,0.3649831969134382,7.9800843742838055
2019-01-25 00:00:00+00:00,0.0,3.2593561057232208,11.888029249884386,0.000713006120130807,-8.931645938339571,12.047762167163476,0.000713006120130807,-8.789119067560387,-3.2593561057232208
2019-01-26 00:00:00+00:00,4.0,2.895136177695285,11.943130573957502,0.000713006120130807,-8.945292000889554,11.888029249884386,0.000713006120130807,-8.993606078309233,1.104863822304715
2019-01-27 00:00:00+00:00,14.0,15.567377703500124,11.866687431809009,0.000713006120130807,3.5549949911022547,11.943130573957502,0.000713006120130807,3.623534123422492,-1.5673777035001244
2019-01-28 00:00:00+00:00,9.0,14.3919736066963,11.601973722894375,0.000713006120130807,2.2887900568399493,11.866687431809009,0.000713006120130807,2.52457316876716,-5.3919736066963
2019-01-29 00:00:00+00:00,17.0,13.417678363338167,11.779031038830167,0.000713006120130807,1.9716413149466026,11.601973722894375,0.000713006120130807,1.8149916343236607,3.582321636661833
2019-01-30 00:00:00+00:00,13.0,13.761511916194376,11.742257658495387,0.000713006120130807,1.9484680700085935,11.779031038830167,0.000713006120130807,1.9817678712440776,-0.761511916194376
2019-01-31 00:00:00+00:00,15.0,12.456911268307362,11.868157421326792,0.000713006120130807,0.8251461508259853,11.742257658495387,0.000713006120130807,0.7139406036918434,2.543088731692638
2019-02-01 00:00:00+00:00,0.0,2.9372244891073525,11.724281839977722,0.000713006120130807,-9.060086465127474,11.868157421326792,0.000713006120130807,-8.931645938339571,-2.9372244891073525
2019-02-02 00:00:00+00:00,0.0,2.7797028452083,11.588160460621607,0.000713006120130807,-9.066844336802731,11.724281839977722,0.000713006120130807,-8.945292000889554,-2.7797028452083
2019-02-03 00:00:00+00:00,18.0,15.143868457843993,11.729470151413965,0.000713006120130807,3.6798894420407158,11.588160460621607,0.000713006120130807,3.5549949911022547,2.8561315421560067
2019-02-04 00:00:00+00:00,10.0,14.018973214374046,11.532344121975905,0.000713006120130807,2.113046241985147,11.729470151413965,0.000713006120130807,2.2887900568399493,-4.018973214374046
2019-02-05 00:00:00+00:00,11.0,13.504698443042638,11.40976018186027,0.000713006120130807,1.8621145189314277,11.532344121975905,0.000713006120130807,1.9716413149466026,-2.5046984430426384
2019-02-06 00:00:00+00:00,21.0,13.358941257988993,11.78661396114014,0.000713006120130807,2.2826003822240177,11.40976018186027,0.000713006120130807,1.9484680700085935,7.6410587420110065
2019-02-07 00:00:00+00:00,14.0,12.612473118086257,11.855629731545214,0.000713006120130807,0.8858206700213292,11.78661396114014,0.000713006120130807,0.8251461508259853,1.3875268819137432
2019-02-08 00:00:00+00:00,0.0,2.796256272537871,11.718693488808983,0.000713006120130807,-9.182362658183422,11.855629731545214,0.000713006120130807,-9.060086465127474,-2.796256272537871
2019-02-09 00:00:00+00:00,0.0,2.6525621581263827,11.588830770451784,0.000713006120130807,-9.182836996604825,11.718693488808983,0.000713006120130807,-9.066844336802731,-2.6525621581263827
2019-02-10 00:00:00+00:00,17.0,15.269433218612631,11.67473311343393,0.000713006120130807,3.755564593826813,11.588830770451784,0.000713006120130807,3.6798894420407158,1.7305667813873686
2019-02-11 00:00:00+00:00,25.0,13.788492361539209,12.227346751888044,0.000713006120130807,2.603309057275829,11.67473311343393,0.000713006120130807,2.113046241985147,11.211507638460791
2019-02-12 00:00:00+00:00,9.0,14.090174276939603,11.977489496387339,0.000713006120130807,1.6395286498577812,12.227346751888044,0.000713006120130807,1.8621145189314277,-5.090174276939603
2019-02-13 00:00:00+00:00,14.0,14.260802884731488,11.965364150910219,0.000713006120130807,2.271195853892274,11.977489496387339,0.000713006120130807,2.2826003822240177,-0.26080288473148805
2019-02-14 00:00:00+00:00,15.0,12.85189782705168,12.071820201213026,0.000713006120130807,0.9797540332051462,11.965364150910219,0.000713006120130807,0.8858206700213292,2.1481021729483203
2019-02-15 00:00:00+00:00,1.0,2.890170549149735,11.97948717329968,0.000713006120130807,-9.26501704907254,12.071820201213026,0.000713006120130807,-9.182362658183422,-1.890170549149735
2019-02-16 00:00:00+00:00,3.0,2.797363182814985,11.990175232833225,0.000713006120130807,-9.173975985251289,11.97948717329968,0.000713006120130807,-9.182836996604825,0.2026368171850148
2019-02-17 00:00:00+00:00,19.0,15.74645283278017,12.151048210013554,0.000713006120130807,3.897837448229578,11.990175232833225,0.000713006120130807,3.755564593826813,3.25354716721983
2019-02-18 00:00:00+00:00,11.0,14.755070273409515,11.966913136358594,0.000713006120130807,2.4391053316733333,12.151048210013554,0.000713006120130807,2.603309057275829,-3.7550702734095154
2019-02-19 00:00:00+00:00,16.0,13.607154792336505,12.085416971845552,0.000713006120130807,1.744164267643881,11.966913136358594,0.000713006120130807,1.6395286498577812,2.3928452076634947
2019-02-20 00:00:00+00:00,11.0,14.357325831857956,11.920861370985723,0.000713006120130807,2.124384910417701,12.085416971845552,0.000713006120130807,2.271195853892274,-3.357325831857956
2019-02-21 00:00:00+00:00,8.0,12.901328410311,11.680300291928624,0.000713006120130807,0.7654261174072697,11.920861370985723,0.000713006120130807,0.9797540332051462,-4.901328410311001
2019-02-22 00:00:00+00:00,0.0,2.4159962489762155,11.562082829415587,0.000713006120130807,-9.37066502800193,11.680300291928624,0.000713006120130807,-9.26501704907254,-2.4159962489762155
2019-02-23 00:00:00+00:00,0.0,2.3888198502844293,11.445203159473023,0.000713006120130807,-9.278435580052358,11.562082829415587,0.000713006120130807,-9.173975985251289,-2.3888198502844293
2019-02-24 00:00:00+00:00,6.0,15.34375361382273,10.985958085544103,0.000713006120130807,3.4892487820290956,11.445203159473023,0.000713006120130807,3.897837448229578,-9.34375361382273
2019-02-25 00:00:00+00:00,16.0,13.425776423337568,11.113390500466608,0.000713006120130807,2.5516723599963353,10.985958085544103,0.000713006120130807,2.4391053316733333,2.5742235766624315
2019-02-26 00:00:00+00:00,10.0,12.85826777423062,10.973401663190922,0.000713006120130807,1.6191764024042588,11.113390500466608,0.000713006120130807,1.744164267643881,-2.8582677742306206
2019-02-27 00:00:00+00:00,12.0,13.098499579728754,10.920039639241846,0.000713006120130807,2.0763491320085636,10.973401663190922,0.000713006120130807,2.124384910417701,-1.0984995797287542
2019-02-28 00:00:00+00:00,7.0,11.686178762769247,10.690069573485884,0.000713006120130807,0.5605063807155442,10.920039639241846,0.000713006120130807,0.7654261174072697,-4.686178762769247
2019-03-01 00:00:00+00:00,1.0,1.3201175516040848,10.675024388571526,0.000713006120130807,-9.384663299878854,10.690069573485884,0.000713006120130807,-9.37066502800193,-0.32011755160408484
2019-03-02 00:00:00+00:00,0.0,1.3973018146392988,10.60695344698998,0.000713006120130807,-9.339537542745209,10.675024388571526,0.000713006120130807,-9.278435580052358,-1.3973018146392988
2019-03-03 00:00:00+00:00,8.0,14.096915235139207,10.307538095527153,0.000713006120130807,3.2226396047304067,10.60695344698998,0.000713006120130807,3.4892487820290956,-6.096915235139207
2019-03-04 00:00:00+00:00,9.0,12.85992346164362,10.118241491170458,0.000713006120130807,2.3828835579782908,10.307538095527153,0.000713006120130807,2.5516723599963353,-3.8599234616436195
2019-03-05 00:00:00+00:00,13.0,11.738130899694848,10.181071598472597,0.000713006120130807,1.6743560907738826,10.118241491170458,0.000713006120130807,1.6191764024042588,1.2618691003051516
2019-03-06 00:00:00+00:00,5.0,12.258133736601291,9.824493798755592,0.000713006120130807,1.7589615696743555,10.181071598472597,0.000713006120130807,2.0763491320085636,-7.258133736601291
2019-03-07 00:00:00+00:00,12.0,10.385713185591268,9.904672113411419,0.000713006120130807,0.6310967797804915,9.824493798755592,0.000713006120130807,0.5605063807155442,1.6142868144087323
2019-03-08 00:00:00+00:00,0.0,0.5207218196526959,9.879751929883572,0.000713006120130807,-9.407433702711248,9.904672113411419,0.000713006120130807,-9.384663299878854,-0.5207218196526959
2019-03-09 00:00:00+00:00,3.0,0.5409273932584941,10.001515892786722,0.000713006120130807,-9.232005897754883,9.879751929883572,0.000713006120130807,-9.339537542745209,2.459072606741506
2019-03-10 00:00:00+00:00,21.0,13.22486850363726,10.384969572837445,0.000713006120130807,3.562634722210019,10.001515892786722,0.000713006120130807,3.2226396047304067,7.775131496362739
2019-03-11 00:00:00+00:00,6.0,12.768566136935867,10.0524913569176,0.000713006120130807,2.086904070046467,10.384969572837445,0.000713006120130807,2.3828835579782908,-6.768566136935867
2019-03-12 00:00:00+00:00,18.0,11.727560453811613,10.361973126655442,0.000713006120130807,1.94864068922572,10.0524913569176,0.000713006120130807,1.6743560907738826,6.272439546188387
2019-03-13 00:00:00+00:00,13.0,12.121647702449929,10.405924134662753,0.000713006120130807,1.7973706297312468,10.361973126655442,0.000713006120130807,1.7589615696743555,0.8783522975500713
2019-03-14 00:00:00+00:00,8.0,11.037733920563376,10.257100849528886,0.000713006120130807,0.49826112270164896,10.405924134662753,0.000713006120130807,0.6310967797804915,-3.037733920563376
2019-03-15 00:00:00+00:00,1.0,0.8503801529377686,10.26517908170658,0.000713006120130807,-9.4008910458439,10.257100849528886,0.000713006120130807,-9.407433702711248,0.14961984706223141
2019-03-16 00:00:00+00:00,1.0,1.0338861900718292,10.264223997295883,0.000713006120130807,-9.233487691237064,10.26517908170658,0.000713006120130807,-9.232005897754883,-0.03388619007182925
2019-03-17 00:00:00+00:00,8.0,13.827571725626033,9.97806742047862,0.000713006120130807,3.3078035422612326,10.264223997295883,0.000713006120130807,3.562634722210019,-5.827571725626033
2019-03-18 00:00:00+00:00,2.0,12.065684496645218,9.483284386484065,0.000713006120130807,1.6467464232528952,9.97806742047862,0.000713006120130807,2.086904070046467,-10.065684496645218
2019-03-19 00:00:00+00:00,12.0,11.432638081829916,9.511926500044316,0.000713006120130807,1.9734505952847927,9.483284386484065,0.000713006120130807,1.94864068922572,0.567361918170084
2019-03-20 00:00:00+00:00,7.0,11.310010135895695,9.300473810338968,0.000713006120130807,1.6089001963787444,9.511926500044316,0.000713006120130807,1.7973706297312468,-4.310010135895695
2019-03-21 00:00:00+00:00,11.0,9.799447939160748,9.360285508882415,0.000713006120130807,0.550759506704078,9.300473810338968,0.000713006120130807,0.49826112270164896,1.200552060839252
2019-03-22 00:00:00+00:00,2.0,-0.03989253084135491,9.461414802799794,0.000713006120130807,-9.311689531889618,9.360285508882415,0.000713006120130807,-9.4008910458439,2.039892530841355
2019-03-23 00:00:00+00:00,2.0,0.2286401176828612,9.549325237728537,0.000713006120130807,-9.156028716868743,9.461414802799794,0.000713006120130807,-9.233487691237064,1.7713598823171388
2019-03-24 00:00:00+00:00,24.0,12.857841786109901,10.09852506311604,0.000713006120130807,3.795033808743565,9.549325237728537,0.000713006120130807,3.3078035422612326,11.142158213890099
2019-03-25 00:00:00+00:00,5.0,11.745984492489068,9.767158457182221,0.000713006120130807,1.3517543975730173,10.09852506311604,0.000713006120130807,1.6467464232528952,-6.745984492489068
2019-03-26 00:00:00+00:00,12.0,11.741322058587144,9.780605211879292,0.000713006120130807,1.9847622029561474,9.767158457182221,0.000713006120130807,1.9734505952847927,0.2586779414128557
2019-03-27 00:00:00+00:00,11.0,11.390218414378168,9.762109223403115,0.000713006120130807,1.591836516400949,9.780605211879292,0.000713006120130807,1.6089001963787444,-0.3902184143781682
2019-03-28 00:00:00+00:00,9.0,10.313581736227324,9.698159508484798,0.000713006120130807,0.493318500473301,9.762109223403115,0.000713006120130807,0.550759506704078,-1.3135817362273237
2019-03-29 00:00:00+00:00,2.0,0.38718298271531104,9.7782654705197,0.000713006120130807,-9.24116340490111,9.698159508484798,0.000713006120130807,-9.311689531889618,1.612817017284689
2019-03-30 00:00:00+00:00,1.0,0.6229497597710889,9.797539251222027,0.000713006120130807,-9.13954086186818,9.7782654705197,0.000713006120130807,-9.156028716868743,0.3770502402289111
2019-03-31 00:00:00+00:00,6.0,13.593286066085723,9.424463154528786,0.000713006120130807,3.462990525706764,9.797539251222027,0.000713006120130807,3.795033808743565,-7.593286066085723
2019-04-01 00:00:00+00:00,12.0,10.776930558221935,9.485383299605864,0.000713006120130807,1.4052374336782703,9.424463154528786,0.000713006120130807,1.3517543975730173,1.2230694417780654
2019-04-02 00:00:00+00:00,18.0,11.470858508682143,9.807501547006382,0.000713006120130807,2.270272001654742,9.485383299605864,0.000713006120130807,1.9847622029561474,6.529141491317857
2019-04-03 00:00:00+00:00,4.0,11.400051069527462,9.443937687224413,0.000713006120130807,1.2682431168660195,9.807501547006382,0.000713006120130807,1.591836516400949,-7.400051069527462
2019-04-04 00:00:00+00:00,11.0,9.937969193817844,9.49693050194757,0.000713006120130807,0.5397595528058292,9.443937687224413,0.000713006120130807,0.493318500473301,1.0620308061821557
2019-04-05 00:00:00+00:00,0.0,0.25648010316659153,9.485017950856008,0.000713006120130807,-9.25237890432361,9.49693050194757,0.000713006120130807,-9.24116340490111,-0.25648010316659153
2019-04-06 00:00:00+00:00,0.0,0.34619009510795884,9.468689312037824,0.000713006120130807,-9.154679247902111,9.485017950856008,0.000713006120130807,-9.13954086186818,-0.34619009510795884
2019-04-07 00:00:00+00:00,10.0,12.932392843864719,9.325051574531939,0.000713006120130807,3.3347612796917527,9.468689312037824,0.000713006120130807,3.462990525706764,-2.9323928438647187
2019-04-08 00:00:00+00:00,5.0,10.73100201433034,9.04364876379566,0.000713006120130807,1.1546291058255944,9.325051574531939,0.000713006120130807,1.4052374336782703,-5.73100201433034
2019-04-09 00:00:00+00:00,12.0,11.314633771570534,9.078099788659408,0.000713006120130807,2.3002420634421785,9.04364876379566,0.000713006120130807,2.270272001654742,0.6853662284294657
2019-04-10 00:00:00+00:00,8.0,10.347055911645558,8.963276001376592,0.000713006120130807,1.1656097979588789,9.078099788659408,0.000713006120130807,1.2682431168660195,-2.3470559116455583
2019-04-11 00:00:00+00:00,10.0,9.503748560302553,8.988417611766334,0.000713006120130807,0.5614599017476176,8.963276001376592,0.000713006120130807,0.5397595528058292,0.49625143969744734
2019-04-12 00:00:00+00:00,0.0,-0.26324828643714504,9.002089347473117,0.000713006120130807,-9.240867442155366,8.988417611766334,0.000713006120130807,-9.25237890432361,0.26324828643714504
2019-04-13 00:00:00+00:00,1.0,-0.1518768943088631,9.059504949429614,0.000713006120130807,-9.104309357671212,9.002089347473117,0.000713006120130807,-9.154679247902111,1.151876894308863
2019-04-14 00:00:00+00:00,8.0,12.394979235241498,8.843869548427087,0.000713006120130807,3.1425752720203173,9.059504949429614,0.000713006120130807,3.3347612796917527,-4.3949792352414985
2019-04-15 00:00:00+00:00,14.0,9.999211660372811,9.041526416664393,0.000713006120130807,1.3295777227305232,8.843869548427087,0.000713006120130807,1.1546291058255944,4.000788339627189
2019-04-16 00:00:00+00:00,13.0,11.342481486226703,9.123832866356612,0.000713006120130807,2.372722921428776,9.041526416664393,0.000713006120130807,2.3002420634421785,1.6575185137732973
2019-04-17 00:00:00+00:00,10.0,10.290155670435622,9.110262592907869,0.000713006120130807,1.1529217152810123,9.123832866356612,0.000713006120130807,1.1656097979588789,-0.29015567043562207
2019-04-18 00:00:00+00:00,12.0,9.672435500775618,9.225552903021741,0.000713006120130807,0.663240889725168,9.110262592907869,0.000713006120130807,0.5614599017476176,2.3275644992243816
2019-04-19 00:00:00+00:00,0.0,-0.01460153301349365,9.226984688057525,0.000713006120130807,-9.24022893849345,9.225552903021741,0.000713006120130807,-9.240867442155366,0.01460153301349365
2019-04-20 00:00:00+00:00,0.0,0.12338833650644432,9.221623747377947,0.000713006120130807,-9.109704948985103,9.226984688057525,0.000713006120130807,-9.104309357671212,-0.12338833650644432
2019-04-21 00:00:00+00:00,8.0,12.364912025518397,9.007468442772248,0.000713006120130807,2.951704059411431,9.221623747377947,0.000713006120130807,3.1425752720203173,-4.364912025518397
2019-04-22 00:00:00+00:00,9.0,10.337759171622903,8.942328563041729,0.000713006120130807,1.2710794726458614,9.007468442772248,0.000713006120130807,1.3295777227305232,-1.3377591716229027
2019-04-23 00:00:00+00:00,12.0,11.315764490590636,8.976723926832735,0.000713006120130807,2.4026435385288454,8.942328563041729,0.000713006120130807,2.372722921428776,0.6842355094093637
2019-04-24 00:00:00+00:00,16.0,10.130358648233878,9.266377446403576,0.000713006120130807,1.409592538390627,8.976723926832735,0.000713006120130807,1.1529217152810123,5.869641351766122
2019-04-25 00:00:00+00:00,8.0,9.930331342248875,9.172067452695691,0.000713006120130807,0.5788303261495542,9.266377446403576,0.000713006120130807,0.663240889725168,-1.9303313422488753
2019-04-26 00:00:00+00:00,1.0,-0.06744847967762801,9.225326959243388,0.000713006120130807,-9.193550979230485,9.172067452695691,0.000713006120130807,-9.24022893849345,1.067448479677628
2019-04-27 00:00:00+00:00,2.0,0.11633501637841626,9.318765754712297,0.000713006120130807,-9.027335036952328,9.225326959243388,0.000713006120130807,-9.109704948985103,1.8836649836215837
2019-04-28 00:00:00+00:00,4.0,12.27118282024386,8.912319333586186,0.000713006120130807,2.590017343761707,9.318765754712297,0.000713006120130807,2.951704059411431,-8.27118282024386
2019-04-29 00:00:00+00:00,14.0,10.184111812352178,9.100874258169991,0.000713006120130807,1.4379426766000725,8.912319333586186,0.000713006120130807,1.2710794726458614,3.815888187647822
2019-04-30 00:00:00+00:00,8.0,11.504230802818968,8.929087074459673,0.000713006120130807,2.2494086557442303,9.100874258169991,0.000713006120130807,2.4026435385288454,-3.5042308028189684
2019-05-01 00:00:00+00:00,12.0,10.33939261897043,9.011545577546217,0.000713006120130807,1.4822084680202137,8.929087074459673,0.000713006120130807,1.409592538390627,1.6606073810295694
2019-05-02 00:00:00+00:00,11.0,9.591088909815902,9.08161401262824,0.000713006120130807,0.6404399454659042,9.011545577546217,0.000713006120130807,0.5788303261495542,1.4089110901840982
2019-05-03 00:00:00+00:00,0.0,-0.11122396048211414,9.08780215876524,0.000713006120130807,-9.188687318271393,9.08161401262824,0.000713006120130807,-9.193550979230485,0.11122396048211414
2019-05-04 00:00:00+00:00,0.0,0.06118012793304217,9.085503495769908,0.000713006120130807,-9.03001035437863,9.08780215876524,0.000713006120130807,-9.027335036952328,-0.06118012793304217
2019-05-05 00:00:00+00:00,12.0,11.676233845651746,9.102154300005626,0.000713006120130807,2.6041751636950488,9.085503495769908,0.000713006120130807,2.590017343761707,0.3237661543482542
2019-05-06 00:00:00+00:00,16.0,10.540809982725829,9.371602833917684,0.000713006120130807,1.6766650637564768,9.102154300005626,0.000713006120130807,1.4379426766000725,5.459190017274171
2019-05-07 00:00:00+00:00,5.0,11.621724495782047,9.04635308335853,0.000713006120130807,1.9598503378026952,9.371602833917684,0.000713006120130807,2.2494086557442303,-6.621724495782047
2019-05-08 00:00:00+00:00,8.0,10.529274557498876,8.922559352950094,0.000713006120130807,1.3716069944995009,9.04635308335853,0.000713006120130807,1.4822084680202137,-2.5292745574988764
2019-05-09 00:00:00+00:00,12.0,9.563712304536129,9.043201699800585,0.000713006120130807,0.7469752396433558,8.922559352950094,0.000713006120130807,0.6404399454659042,2.4362876954638715
2019-05-10 00:00:00+00:00,0.0,-0.1447726123506765,9.051041320723785,0.000713006120130807,-9.182356623881592,9.043201699800585,0.000713006120130807,-9.188687318271393,0.1447726123506765
2019-05-11 00:00:00+00:00,1.0,0.02174397246528592,9.099910216095493,0.000713006120130807,-8.987232650469391,9.051041320723785,0.000713006120130807,-9.03001035437863,0.9782560275347141
2019-05-12 00:00:00+00:00,13.0,11.704798385910673,9.16438115851348,0.000713006120130807,2.6608124340933808,9.099910216095493,0.000713006120130807,2.6041751636950488,1.2952016140893274
2019-05-13 00:00:00+00:00,9.0,10.841759228390089,9.074431239045579,0.000713006120130807,1.5961276290496063,9.16438115851348,0.000713006120130807,1.6766650637564768,-1.8417592283900888
2019-05-14 00:00:00+00:00,11.0,11.034994582968405,9.073421592593787,0.000713006120130807,1.9583200759218435,9.074431239045579,0.000713006120130807,1.9598503378026952,-0.0349945829684053
2019-05-15 00:00:00+00:00,2.0,10.44574159321342,8.658382295265117,0.000713006120130807,1.0022870792632945,9.073421592593787,0.000713006120130807,1.3716069944995009,-8.44574159321342
2019-05-16 00:00:00+00:00,7.0,9.406070541028605,8.540653438269668,0.000713006120130807,0.6417612973911964,8.658382295265117,0.000713006120130807,0.7469752396433558,-2.4060705410286047
2019-05-17 00:00:00+00:00,0.0,-0.6409901794917925,8.572919996043087,0.000713006120130807,-9.1543270617473,8.540653438269668,0.000713006120130807,-9.182356623881592,0.6409901794917925
2019-05-18 00:00:00+00:00,0.0,-0.4135996483061728,8.59399296754827,0.000713006120130807,-8.969146543362243,8.572919996043087,0.000713006120130807,-8.987232650469391,0.4135996483061728
2019-05-19 00:00:00+00:00,7.0,11.25551840776178,8.385222702025635,0.000713006120130807,2.474724844235837,8.59399296754827,0.000713006120130807,2.6608124340933808,-4.25551840776178
2019-05-20 00:00:00+00:00,5.0,9.982063337195372,8.140687344161815,0.000713006120130807,1.3782692930956717,8.385222702025635,0.000713006120130807,1.5961276290496063,-4.982063337195372
2019-05-21 00:00:00+00:00,3.0,10.09972042620379,7.791907639848017,0.000713006120130807,1.6478596957329312,8.140687344161815,0.000713006120130807,1.9583200759218435,-7.09972042620379
2019-05-22 00:00:00+00:00,5.0,8.794907725231443,7.605811517281518,0.000713006120130807,0.8363413202149825,7.791907639848017,0.000713006120130807,1.0022870792632945,-3.794907725231443
2019-05-23 00:00:00+00:00,12.0,8.248285820792844,7.791207395198279,0.000713006120130807,0.8058182659075723,7.605811517281518,0.000713006120130807,0.6417612973911964,3.7517141792071556
2019-05-24 00:00:00+00:00,1.0,-1.3624066604288894,7.9082128547301185,0.000713006120130807,-9.051022477069486,7.791207395198279,0.000713006120130807,-9.1543270617473,2.3624066604288894
2019-05-25 00:00:00+00:00,0.0,-1.0602206825119938,7.961116563828022,0.000713006120130807,-8.922784645087773,7.9082128547301185,0.000713006120130807,-8.969146543362243,1.0602206825119938
2019-05-26 00:00:00+00:00,13.0,10.43655441418399,8.088018418530147,0.000713006120130807,2.5868205667981927,7.961116563828022,0.000713006120130807,2.474724844235837,2.5634455858160106
2019-05-27 00:00:00+00:00,13.0,9.46700071774595,8.262647779237824,0.000713006120130807,1.5327621793686927,8.088018418530147,0.000713006120130807,1.3782692930956717,3.5329992822540497
2019-05-28 00:00:00+00:00,12.0,9.911220481090886,8.366183596925024,0.000713006120130807,1.7391989661044662,8.262647779237824,0.000713006120130807,1.6478596957329312,2.0887795189091136
2019-05-29 00:00:00+00:00,12.0,9.203237923260138,8.504570750752587,0.000713006120130807,0.9586396313481802,8.366183596925024,0.000713006120130807,0.8363413202149825,2.7967620767398618
2019-05-30 00:00:00+00:00,9.0,9.31110202278029,8.489969366638187,0.000713006120130807,0.7922142299073052,8.504570750752587,0.000713006120130807,0.8058182659075723,-0.31110202278028964
2019-05-31 00:00:00+00:00,1.0,-0.5603401043111678,8.567492086312921,0.000713006120130807,-8.982791088658677,8.489969366638187,0.000713006120130807,-9.051022477069486,1.5603401043111678
2019-06-01 00:00:00+00:00,1.0,-0.3545795526547213,8.634885982797183,0.000713006120130807,-8.863550864365767,8.567492086312921,0.000713006120130807,-8.922784645087773,1.3545795526547213
2019-06-02 00:00:00+00:00,9.0,11.222419555715508,8.526197577647421,0.000713006120130807,2.489637413267225,8.634885982797183,0.000713006120130807,2.5868205667981927,-2.2224195557155078
2019-06-03 00:00:00+00:00,12.0,10.059672763136245,8.622425644140554,0.000713006120130807,1.6176098487817434,8.526197577647421,0.000713006120130807,1.5327621793686927,1.9403272368637552
2019-06-04 00:00:00+00:00,0.0,10.362337616365151,8.113039485424787,0.000713006120130807,1.286069112688144,8.622425644140554,0.000713006120130807,1.7391989661044662,-10.362337616365151
2019-06-05 00:00:00+00:00,0.0,9.072392122893099,7.667152523826932,0.000713006120130807,0.5619172058706005,8.113039485424787,0.000713006120130807,0.9586396313481802,-9.072392122893099
2019-06-06 00:00:00+00:00,1.0,8.460079759854366,7.300633675900819,0.000713006120130807,0.4659958636268755,7.667152523826932,0.000713006120130807,0.7922142299073052,-7.460079759854366
2019-06-07 00:00:00+00:00,0.0,-1.6814444066377279,7.384117907906249,0.000713006120130807,-8.909263986404824,7.300633675900819,0.000713006120130807,-8.982791088658677,1.6814444066377279
2019-06-08 00:00:00+00:00,1.0,-1.4787199503393875,7.506849036127839,0.000713006120130807,-8.755160069803779,7.384117907906249,0.000713006120130807,-8.863550864365767,2.4787199503393875
2019-06-09 00:00:00+00:00,22.0,9.997199455515194,8.098415067897719,0.000713006120130807,3.0145023088790275,7.506849036127839,0.000713006120130807,2.489637413267225,12.002800544484806
2019-06-10 00:00:00+00:00,17.0,9.716737922799593,8.457655854177563,0.000713006120130807,1.936096236662254,8.098415067897719,0.000713006120130807,1.6176098487817434,7.283262077200407
2019-06-11 00:00:00+00:00,11.0,9.744437972985839,8.52017548782623,0.000713006120130807,1.3409730019763602,8.457655854177563,0.000713006120130807,1.286069112688144,1.255562027014161
2019-06-12 00:00:00+00:00,7.0,9.08280569981696,8.41835975117367,0.000713006120130807,0.4708391618622452,8.52017548782623,0.000713006120130807,0.5619172058706005,-2.0828056998169604
2019-06-13 00:00:00+00:00,6.0,8.885068620920677,8.277051608349407,0.000713006120130807,0.3398360365981564,8.41835975117367,0.000713006120130807,0.4659958636268755,-2.885068620920677
2019-06-14 00:00:00+00:00,1.0,-0.6314993719352859,8.35807723290229,0.000713006120130807,-8.837920907398566,8.277051608349407,0.000713006120130807,-8.909263986404824,1.631499371935286
2019-06-15 00:00:00+00:00,1.0,-0.39636983078135835,8.427528308640873,0.000713006120130807,-8.694098861400605,8.35807723290229,0.000713006120130807,-8.755160069803779,1.3963698307813583
2019-06-16 00:00:00+00:00,7.0,11.442743623640032,8.209541645255957,0.000713006120130807,2.8202276344303807,8.427528308640873,0.000713006120130807,3.0145023088790275,-4.442743623640032
2019-06-17 00:00:00+00:00,10.0,10.146350888038342,8.203050343957708,0.000713006120130807,1.9296965265872388,8.209541645255957,0.000713006120130807,1.936096236662254,-0.1463508880383415
2019-06-18 00:00:00+00:00,11.0,9.5447363520542,8.275400542274784,0.000713006120130807,1.4046095507831047,8.203050343957708,0.000713006120130807,1.3409730019763602,1.4552636479458005
2019-06-19 00:00:00+00:00,9.0,8.746952710257162,8.288570121027519,0.000713006120130807,0.4819045493793903,8.275400542274784,0.000713006120130807,0.4708391618622452,0.2530472897428382
2019-06-20 00:00:00+00:00,8.0,8.629119163745806,8.25831394124676,0.000713006120130807,0.31232557660317195,8.288570121027519,0.000713006120130807,0.3398360365981564,-0.6291191637458056
2019-06-21 00:00:00+00:00,1.0,-0.5788939600316745,8.336749997917247,0.000713006120130807,-8.768878186040098,8.25831394124676,0.000713006120130807,-8.837920907398566,1.5788939600316745
2019-06-22 00:00:00+00:00,0.0,-0.35663585736322645,8.355018854823808,0.000713006120130807,-8.678503697475934,8.336749997917247,0.000713006120130807,-8.694098861400605,0.35663585736322645
2019-06-23 00:00:00+00:00,10.0,11.17595949537432,8.29784376863512,0.000713006120130807,2.7688046473120154,8.355018854823808,0.000713006120130807,2.8202276344303807,-1.17595949537432
2019-06-24 00:00:00+00:00,12.0,10.228253301342491,8.385773245087066,0.000713006120130807,2.007172415867822,8.29784376863512,0.000713006120130807,1.9296965265872388,1.771746698657509
2019-06-25 00:00:00+00:00,11.0,9.791095801990302,8.445996088137955,0.000713006120130807,1.4574731615164,8.385773245087066,0.000713006120130807,1.4046095507831047,1.208904198009698
2019-06-26 00:00:00+00:00,11.0,8.928613643637476,8.548675705417743,0.000713006120130807,0.5724832422164956,8.445996088137955,0.000713006120130807,0.4819045493793903,2.071386356362524
2019-06-27 00:00:00+00:00,6.0,8.861714288141046,8.408517209139195,0.000713006120130807,0.18718700035597124,8.548675705417743,0.000713006120130807,0.31232557660317195,-2.8617142881410462
2019-06-28 00:00:00+00:00,1.0,-0.35964797078077204,8.476160604911055,0.000713006120130807,-8.709422770813644,8.408517209139195,0.000713006120130807,-8.768878186040098,1.359647970780772
2019-06-29 00:00:00+00:00,0.0,-0.201630086444748,8.48679910685163,0.000713006120130807,-8.669686708983807,8.476160604911055,0.000713006120130807,-8.678503697475934,0.201630086444748
2019-06-30 00:00:00+00:00,10.0,11.256316760283775,8.425668332744218,0.000713006120130807,2.713867754642855,8.48679910685163,0.000713006120130807,2.7688046473120154,-1.2563167602837755
2019-07-01 00:00:00+00:00,17.0,10.433553754732172,8.749622953802763,0.000713006120130807,2.2943134968421828,8.425668332744218,0.000713006120130807,2.007172415867822,6.566446245267828
2019-07-02 00:00:00+00:00,26.0,10.207809121439295,9.527726513706897,0.000713006120130807,2.148042548738789,8.749622953802763,0.000713006120130807,1.4574731615164,15.792190878560705
2019-07-03 00:00:00+00:00,6.0,10.100922762043524,9.326566414218963,0.000713006120130807,0.39315589361691694,9.527726513706897,0.000713006120130807,0.5724832422164956,-4.100922762043524
2019-07-04 00:00:00+00:00,14.0,9.514466420695065,9.548085479488652,0.000713006120130807,0.3833328169209981,9.326566414218963,0.000713006120130807,0.18718700035597124,4.485533579304935
2019-07-05 00:00:00+00:00,0.0,0.8393757147951391,9.507479155265372,0.000713006120130807,-8.7461274419687,9.548085479488652,0.000713006120130807,-8.709422770813644,-0.8393757147951391
2019-07-06 00:00:00+00:00,3.0,0.8385054524016962,9.614594462135283,0.000713006120130807,-8.575167716863094,9.507479155265372,0.000713006120130807,-8.669686708983807,2.161494547598304
2019-07-07 00:00:00+00:00,20.0,12.32917522289827,9.992913512110087,0.000713006120130807,3.0493016919950766,9.614594462135283,0.000713006120130807,2.713867754642855,7.67082477710173
2019-07-08 00:00:00+00:00,11.0,12.287940015072401,9.930226043321005,0.000713006120130807,2.23799376553782,9.992913512110087,0.000713006120130807,2.2943134968421828,-1.287940015072401
2019-07-09 00:00:00+00:00,13.0,12.078981598179926,9.976277344231391,0.000713006120130807,2.188317335071881,9.930226043321005,0.000713006120130807,2.148042548738789,0.9210184018200742
2019-07-10 00:00:00+00:00,13.0,10.37014624396844,10.10644822503741,0.000713006120130807,0.5081555482406921,9.976277344231391,0.000713006120130807,0.39315589361691694,2.62985375603156
2019-07-11 00:00:00+00:00,10.0,10.490494048078538,10.083016041766424,0.000713006120130807,0.36188423028583605,10.10644822503741,0.000713006120130807,0.3833328169209981,-0.49049404807853847
2019-07-12 00:00:00+00:00,0.0,1.3376016059178557,10.017883918406861,0.000713006120130807,-8.804618801935758,10.083016041766424,0.000713006120130807,-8.7461274419687,-1.3376016059178557
2019-07-13 00:00:00+00:00,3.0,1.4434292076638986,10.095221088936057,0.000713006120130807,-8.507101154946653,10.017883918406861,0.000713006120130807,-8.575167716863094,1.5565707923361014
2019-07-14 00:00:00+00:00,12.0,13.145235787051265,10.039558416117448,0.000713006120130807,2.9992222076619175,10.095221088936057,0.000713006120130807,3.0493016919950766,-1.1452357870512646
2019-07-15 00:00:00+00:00,15.0,12.2782651877754,10.174252258031613,0.000713006120130807,2.3570112442342968,10.039558416117448,0.000713006120130807,2.23799376553782,2.7217348122246
2019-07-16 00:00:00+00:00,13.0,12.363282599223625,10.206308482872931,0.000713006120130807,2.216160054848331,10.174252258031613,0.000713006120130807,2.188317335071881,0.6367174007763747
2019-07-17 00:00:00+00:00,17.0,10.715177037233754,10.516399841941677,0.000713006120130807,0.7829816553700558,10.206308482872931,0.000713006120130807,0.5081555482406921,6.2848229627662455
2019-07-18 00:00:00+00:00,7.0,10.878997078347645,10.326164314697953,0.000713006120130807,0.19226136693325568,10.516399841941677,0.000713006120130807,0.36188423028583605,-3.878997078347645
2019-07-19 00:00:00+00:00,0.0,1.5222585188823263,10.251942221432799,0.000713006120130807,-8.871184938367517,10.326164314697953,0.000713006120130807,-8.804618801935758,-1.5222585188823263
2019-07-20 00:00:00+00:00,1.0,1.7455540726062768,10.215954386115776,0.000713006120130807,-8.539703143044443,10.251942221432799,0.000713006120130807,-8.507101154946653,-0.7455540726062768
2019-07-21 00:00:00+00:00,8.0,13.215889599897825,9.959908634966482,0.000713006120130807,2.771138991563573,10.215954386115776,0.000713006120130807,2.9992222076619175,-5.2158895998978245
2019-07-22 00:00:00+00:00,13.0,12.31763288532091,9.99421202466566,0.000713006120130807,2.386850159168157,9.959908634966482,0.000713006120130807,2.3570112442342968,0.6823671146790904
2019-07-23 00:00:00+00:00,12.0,12.211085085634123,9.984534100681254,0.000713006120130807,2.206929613083849,9.99421202466566,0.000713006120130807,2.216160054848331,-0.21108508563412265
2019-07-24 00:00:00+00:00,12.0,10.768228762171441,10.045882602666035,0.000713006120130807,0.8368452082770961,9.984534100681254,0.000713006120130807,0.7829816553700558,1.2317712378285588
2019-07-25 00:00:00+00:00,10.0,10.238856975719422,10.03483757229474,0.000713006120130807,0.18181650107361838,10.045882602666035,0.000713006120130807,0.19226136693325568,-0.23885697571942188
2019-07-26 00:00:00+00:00,0.0,1.1643656400473539,9.978233208286555,0.000713006120130807,-8.922100943165933,10.03483757229474,0.000713006120130807,-8.871184938367517,-1.1643656400473539
2019-07-27 00:00:00+00:00,1.0,1.4392430713622435,9.957323919114167,0.000713006120130807,-8.558910599499653,9.978233208286555,0.000713006120130807,-8.539703143044443,-0.4392430713622435
2019-07-28 00:00:00+00:00,12.0,12.729175916797871,9.922142319215128,0.000713006120130807,2.73925319624153,9.957323919114167,0.000713006120130807,2.771138991563573,-0.7291759167978711
2019-07-29 00:00:00+00:00,9.0,12.309705484503416,9.759930890135262,0.000713006120130807,2.2421215837668185,9.922142319215128,0.000713006120130807,2.386850159168157,-3.309705484503416
2019-07-30 00:00:00+00:00,11.0,11.967573509339243,9.713013867462294,0.000713006120130807,2.164619040056004,9.759930890135262,0.000713006120130807,2.206929613083849,-0.9675735093392426
2019-07-31 00:00:00+00:00,8.0,10.55057208185952,9.58817173950191,0.000713006120130807,0.7253124251958425,9.713013867462294,0.000713006120130807,0.8368452082770961,-2.550572081859521
2019-08-01 00:00:00+00:00,10.0,9.770701246695658,9.600172266535637,0.000713006120130807,0.19184339986036025,9.58817173950191,0.000713006120130807,0.18181650107361838,0.22929875330434157
2019-08-02 00:00:00+00:00,1.0,0.6787843294898348,9.616697519981185,0.000713006120130807,-8.908054652156903,9.600172266535637,0.000713006120130807,-8.922100943165933,0.3212156705101652
2019-08-03 00:00:00+00:00,2.0,1.0584999266016641,9.66375705705925,0.000713006120130807,-8.51774017965378,9.616697519981185,0.000713006120130807,-8.558910599499653,0.9415000733983359
2019-08-04 00:00:00+00:00,11.0,12.40372325942091,9.595370011743064,0.000713006120130807,2.6778704331694274,9.66375705705925,0.000713006120130807,2.73925319624153,-1.4037232594209108
2019-08-05 00:00:00+00:00,9.0,11.838204601630014,9.456368809493991,0.000713006120130807,2.1180110516923714,9.595370011743064,0.000713006120130807,2.2421215837668185,-2.8382046016300144
2019-08-06 00:00:00+00:00,14.0,11.621700855670127,9.574156596630392,0.000713006120130807,2.2686185797880807,9.456368809493991,0.000713006120130807,2.164619040056004,2.3782991443298727
2019-08-07 00:00:00+00:00,8.0,10.300182027946365,9.461640235510744,0.000713006120130807,0.624728832599117,9.574156596630392,0.000713006120130807,0.7253124251958425,-2.3001820279463647
2019-08-08 00:00:00+00:00,13.0,9.654196641491236,9.627054640298404,0.000713006120130807,0.3381504824443688,9.461640235510744,0.000713006120130807,0.19184339986036025,3.345803358508764
2019-08-09 00:00:00+00:00,0.0,0.7197129942616325,9.592338864720224,0.000713006120130807,-8.939526647730233,9.627054640298404,0.000713006120130807,-8.908054652156903,-0.7197129942616325
2019-08-10 00:00:00+00:00,2.0,1.0753116911865757,9.638570821440299,0.000713006120130807,-8.477304913660644,9.592338864720224,0.000713006120130807,-8.51774017965378,0.9246883088134243
2019-08-11 00:00:00+00:00,0.0,12.317154260729858,9.032956342955934,0.000713006120130807,2.1392593097626493,9.638570821440299,0.000713006120130807,2.6778704331694274,-12.317154260729858
2019-08-12 00:00:00+00:00,3.0,11.151680400768438,8.632392579452754,0.000713006120130807,1.7615500018937849,9.032956342955934,0.000713006120130807,2.1180110516923714,-8.151680400768438
2019-08-13 00:00:00+00:00,1.0,10.901724165360966,8.145680699974747,0.000713006120130807,1.8356306782422989,8.632392579452754,0.000713006120130807,2.2686185797880807,-9.901724165360966
2019-08-14 00:00:00+00:00,5.0,8.771122538693996,7.960755433274695,0.000713006120130807,0.4598231649363792,8.145680699974747,0.000713006120130807,0.624728832599117,-3.771122538693996
2019-08-15 00:00:00+00:00,5.0,8.299618921839194,7.799040527989127,0.000713006120130807,0.1938629776615262,7.960755433274695,0.000713006120130807,0.3381504824443688,-3.299618921839194
2019-08-16 00:00:00+00:00,2.0,-1.1397731136209757,7.954312833596168,0.000713006120130807,-8.802228966125199,7.799040527989127,0.000713006120130807,-8.939526647730233,3.1397731136209757
2019-08-17 00:00:00+00:00,1.0,-0.5222790739443459,8.029961950950488,0.000713006120130807,-8.410737878386117,7.954312833596168,0.000713006120130807,-8.477304913660644,1.522279073944346
2019-08-18 00:00:00+00:00,5.0,10.16993426683327,7.77617840914853,0.000713006120130807,1.913185653100233,8.029961950950488,0.000713006120130807,2.1392593097626493,-5.16993426683327
2019-08-19 00:00:00+00:00,7.0,9.538441417162446,7.651933428488298,0.000713006120130807,1.6505476750203418,7.77617840914853,0.000713006120130807,1.7615500018937849,-2.5384414171624456
2019-08-20 00:00:00+00:00,7.0,9.488277112850728,7.530157849104238,0.000713006120130807,1.726821962955454,7.651933428488298,0.000713006120130807,1.8356306782422989,-2.488277112850728
2019-08-21 00:00:00+00:00,11.0,7.990694020160747,7.679007745169683,0.000713006120130807,0.5914157097860945,7.530157849104238,0.000713006120130807,0.4598231649363792,3.0093059798392527
2019-08-22 00:00:00+00:00,6.0,7.873583728951339,7.587491224442623,0.000713006120130807,0.11193390413644197,7.679007745169683,0.000713006120130807,0.1938629776615262,-1.8735837289513393
2019-08-23 00:00:00+00:00,1.0,-1.2140247355624458,7.697192396201442,0.000713006120130807,-8.705412905789439,7.587491224442623,0.000713006120130807,-8.802228966125199,2.214024735562446
2019-08-24 00:00:00+00:00,0.0,-0.7128324760645448,7.7329954818162,0.000713006120130807,-8.379566757800411,7.697192396201442,0.000713006120130807,-8.410737878386117,0.7128324760645448
2019-08-25 00:00:00+00:00,11.0,9.646894141036563,7.8003168338660895,0.000713006120130807,1.97235499135462,7.7329954818162,0.000713006120130807,1.913185653100233,1.3531058589634366
2019-08-26 00:00:00+00:00,16.0,9.451577515006562,8.123384212547137,0.000713006120130807,1.9369006033448366,7.8003168338660895,0.000713006120130807,1.6505476750203418,6.548422484993438
2019-08-27 00:00:00+00:00,11.0,9.850919181622722,8.180662174132289,0.000713006120130807,1.7770695848793425,8.123384212547137,0.000713006120130807,1.726821962955454,1.1490808183772785
2019-08-28 00:00:00+00:00,16.0,8.772790890038515,8.537143682261421,0.000713006120130807,0.9074509834712512,8.180662174132289,0.000713006120130807,0.5914157097860945,7.2272091099614855
2019-08-29 00:00:00+00:00,8.0,8.649790592517995,8.505869925275302,0.000713006120130807,0.08351951282439112,8.537143682261421,0.000713006120130807,0.11193390413644197,-0.649790592517995
2019-08-30 00:00:00+00:00,1.0,-0.1988299743940054,8.565596851937151,0.000713006120130807,-8.652989826106113,8.505869925275302,0.000713006120130807,-8.705412905789439,1.1988299743940054
2019-08-31 00:00:00+00:00,0.0,0.18674310025687113,8.557117192945748,0.000713006120130807,-8.387732760181212,8.565596851937151,0.000713006120130807,-8.379566757800411,-0.18674310025687113
2019-09-01 00:00:00+00:00,11.0,10.5301851904205,8.580957426807963,0.000713006120130807,1.9928993051647939,8.557117192945748,0.000713006120130807,1.97235499135462,0.46981480957949984
2019-09-02 00:00:00+00:00,22.0,10.518571036272931,9.146858283618316,0.000713006120130807,2.438966683022377,8.580957426807963,0.000713006120130807,1.9369006033448366,11.481428963727069
2019-09-03 00:00:00+00:00,12.0,10.92464087461779,9.200507201698104,0.000713006120130807,1.8240934650977203,9.146858283618316,0.000713006120130807,1.7770695848793425,1.0753591253822101
2019-09-04 00:00:00+00:00,14.0,10.108671191289487,9.392775786193742,0.000713006120130807,1.0776130953388454,9.200507201698104,0.000713006120130807,0.9074509834712512,3.8913288087105133
2019-09-05 00:00:00+00:00,11.0,9.477008305138265,9.468459983213316,0.000713006120130807,0.15011770996835264,9.392775786193742,0.000713006120130807,0.08351951282439112,1.5229916948617355
2019-09-06 00:00:00+00:00,1.0,0.8161831632273344,9.478221605426832,0.000713006120130807,-8.644951784943403,9.468459983213316,0.000713006120130807,-8.652989826106113,0.18381683677266558
2019-09-07 00:00:00+00:00,2.0,1.091201851365751,9.523671348930488,0.000713006120130807,-8.347992347629384,9.478221605426832,0.000713006120130807,-8.387732760181212,0.9087981486342489
2019-09-08 00:00:00+00:00,17.0,11.517283660215414,9.794277995800117,0.000713006120130807,2.2326504639618494,9.523671348930488,0.000713006120130807,1.9928993051647939,5.482716339784586
2019-09-09 00:00:00+00:00,14.0,12.233957684942625,9.881926666760286,0.000713006120130807,2.516193127959391,9.794277995800117,0.000713006120130807,2.438966683022377,1.7660423150573745
2019-09-10 00:00:00+00:00,7.0,11.706733137978137,9.650944785908546,0.000713006120130807,1.618274915669884,9.881926666760286,0.000713006120130807,1.8240934650977203,-4.706733137978137
2019-09-11 00:00:00+00:00,8.0,10.729270887367523,9.517305983411825,0.000713006120130807,0.9582660751092449,9.650944785908546,0.000713006120130807,1.0776130953388454,-2.729270887367523
2019-09-12 00:00:00+00:00,4.0,9.668136699500309,9.238997797245712,0.000713006120130807,-0.09774160970214293,9.517305983411825,0.000713006120130807,0.15011770996835264,-5.668136699500309
2019-09-13 00:00:00+00:00,1.0,0.5947590184224403,9.259659302817699,0.000713006120130807,-8.627231190095141,9.238997797245712,0.000713006120130807,-8.644951784943403,0.4052409815775597
2019-09-14 00:00:00+00:00,2.0,0.9123799613084458,9.313911779850182,0.000713006120130807,-8.300432315622068,9.259659302817699,0.000713006120130807,-8.347992347629384,1.0876200386915542
2019-09-15 00:00:00+00:00,18.0,11.547275249932163,9.632268316589046,0.000713006120130807,2.514818670440317,9.313911779850182,0.000713006120130807,2.2326504639618494,6.452724750067837
2019-09-16 00:00:00+00:00,19.0,12.149174450668568,9.97022186828177,0.000713006120130807,2.8157696995668178,9.632268316589046,0.000713006120130807,2.516193127959391,6.850825549331432
2019-09-17 00:00:00+00:00,9.0,11.589209790071786,9.84347775030524,0.000713006120130807,1.5050525621744302,9.97022186828177,0.000713006120130807,1.618274915669884,-2.589209790071786
2019-09-18 00:00:00+00:00,11.0,10.802456831534617,9.853915068543333,0.000713006120130807,0.9669043486614162,9.84347775030524,0.000713006120130807,0.9582660751092449,0.19754316846538345
2019-09-19 00:00:00+00:00,4.0,9.756886464961323,9.571238063012606,0.000713006120130807,-0.3494818266858635,9.853915068543333,0.000713006120130807,-0.09774160970214293,-5.7568864649613225
2019-09-20 00:00:00+00:00,1.0,0.9447198790375957,9.574672302948784,0.000713006120130807,-8.624813871336007,9.571238063012606,0.000713006120130807,-8.627231190095141,0.05528012096240431
2019-09-21 00:00:00+00:00,4.0,1.2749529934468473,9.709529191814642,0.000713006120130807,-8.181269999516685,9.574672302948784,0.000713006120130807,-8.300432315622068,2.7250470065531527
2019-09-22 00:00:00+00:00,25.0,12.22506086837509,10.339104721346468,0.000713006120130807,3.0734480560505273,9.709529191814642,0.000713006120130807,2.514818670440317,12.77493913162491
2019-09-23 00:00:00+00:00,11.0,13.155587427033417,10.233706212191901,0.000713006120130807,2.721509017180333,10.339104721346468,0.000713006120130807,2.8157696995668178,-2.155587427033417
2019-09-24 00:00:00+00:00,15.0,11.739471780486463,10.394922840493871,0.000713006120130807,1.647630687773681,10.233706212191901,0.000713006120130807,1.5050525621744302,3.260528219513537
2019-09-25 00:00:00+00:00,8.0,11.362540195275418,10.23011055600503,0.000713006120130807,0.8198653887084683,10.394922840493871,0.000713006120130807,0.9669043486614162,-3.362540195275418
2019-09-26 00:00:00+00:00,9.0,9.881341735439298,10.187438401379906,0.000713006120130807,-0.38802161048508915,10.23011055600503,0.000713006120130807,-0.3494818266858635,-0.8813417354392978
2019-09-27 00:00:00+00:00,0.0,1.5633375361640294,10.111194141574396,0.000713006120130807,-8.693176333053474,10.187438401379906,0.000713006120130807,-8.624813871336007,-1.5633375361640294
2019-09-28 00:00:00+00:00,1.0,1.9306371481778424,10.066095357958874,0.000713006120130807,-8.221965399546079,10.111194141574396,0.000713006120130807,-8.181269999516685,-0.9306371481778424
2019-09-29 00:00:00+00:00,10.0,13.140256420129532,9.912225273218418,0.000713006120130807,2.936129240159438,10.066095357958874,0.000713006120130807,3.0734480560505273,-3.140256420129532
2019-09-30 00:00:00+00:00,12.0,12.634447296518882,9.88170680936834,0.000713006120130807,2.6937655657396116,9.912225273218418,0.000713006120130807,2.721509017180333,-0.6344472965188821
2019-10-01 00:00:00+00:00,12.0,11.530050503262153,9.90555367337614,0.000713006120130807,1.6681808912561067,9.88170680936834,0.000713006120130807,1.647630687773681,0.46994949673784703
2019-10-02 00:00:00+00:00,12.0,10.72613206820474,9.968974438322212,0.000713006120130807,0.8755697684127668,9.90555367337614,0.000713006120130807,0.8198653887084683,1.2738679317952606
2019-10-03 00:00:00+00:00,6.0,9.581665833957254,9.793375417343603,0.000713006120130807,-0.5446426138158602,9.968974438322212,0.000713006120130807,-0.38802161048508915,-3.5816658339572545
2019-10-04 00:00:00+00:00,0.0,1.1009120904102598,9.739894634507358,0.000713006120130807,-8.74131760702278,9.793375417343603,0.000713006120130807,-8.693176333053474,-1.1009120904102598
2019-10-05 00:00:00+00:00,0.0,1.5186422410814107,9.665850557087117,0.000713006120130807,-8.288373401443863,9.739894634507358,0.000713006120130807,-8.221965399546079,-1.5186422410814107
2019-10-06 00:00:00+00:00,10.0,12.602692803366686,9.538442720741642,0.000713006120130807,2.82231729423184,9.665850557087117,0.000713006120130807,2.936129240159438,-2.6026928033666863
2019-10-07 00:00:00+00:00,11.0,12.232921292601386,9.478463618097518,0.000713006120130807,2.6398517226210454,9.538442720741642,0.000713006120130807,2.6937655657396116,-1.232921292601386
2019-10-08 00:00:00+00:00,13.0,11.147357515473756,9.570375291842979,0.000713006120130807,1.7491942348206353,9.478463618097518,0.000713006120130807,1.6681808912561067,1.8526424845262444
2019-10-09 00:00:00+00:00,7.0,10.446658066375877,9.401422198843097,0.000713006120130807,0.7248524571058497,9.570375291842979,0.000713006120130807,0.8755697684127668,-3.4466580663758766
2019-10-10 00:00:00+00:00,7.0,8.857492591147368,9.310697784710026,0.000713006120130807,-0.6258680454423345,9.401422198843097,0.000713006120130807,-0.5446426138158602,-1.857492591147368
2019-10-11 00:00:00+00:00,1.0,0.5700931838073782,9.33257349716302,0.000713006120130807,-8.722518411337784,9.310697784710026,0.000713006120130807,-8.74131760702278,0.42990681619262183
2019-10-12 00:00:00+00:00,0.0,1.0449131018392883,9.28184933530934,0.000713006120130807,-8.334065921625937,9.33257349716302,0.000713006120130807,-8.288373401443863,-1.0449131018392883
2019-10-13 00:00:00+00:00,11.0,12.104879635661312,9.228173245044024,0.000713006120130807,2.7740025253172265,9.28184933530934,0.000713006120130807,2.82231729423184,-1.1048796356613124
2019-10-14 00:00:00+00:00,14.0,11.868737973785201,9.333800317841707,0.000713006120130807,2.7330486908423186,9.228173245044024,0.000713006120130807,2.6398517226210454,2.1312620262147988
2019-10-15 00:00:00+00:00,9.0,11.083707558782473,9.231940186041824,0.000713006120130807,1.6580767538400472,9.333800317841707,0.000713006120130807,1.7491942348206353,-2.083707558782473
2019-10-16 00:00:00+00:00,8.0,9.957505649267805,9.136292502728704,0.000713006120130807,0.6392536008677067,9.231940186041824,0.000713006120130807,0.7248524571058497,-1.9575056492678051
2019-10-17 00:00:00+00:00,8.0,8.5111374634065,9.111844121249552,0.000713006120130807,-0.6482193384076589,9.136292502728704,0.000713006120130807,-0.6258680454423345,-0.5111374634065005
2019-10-18 00:00:00+00:00,1.0,0.3900387160318992,9.142583242427254,0.000713006120130807,-8.695845697378186,9.111844121249552,0.000713006120130807,-8.722518411337784,0.6099612839681008
2019-10-19 00:00:00+00:00,1.0,0.8092303269214476,9.152687126794751,0.000713006120130807,-8.32572384311058,9.142583242427254,0.000713006120130807,-8.334065921625937,0.19076967307855242
2019-10-20 00:00:00+00:00,11.0,11.927402658232108,9.107747565034476,0.000713006120130807,2.73344856479784,9.152687126794751,0.000713006120130807,2.7740025253172265,-0.9274026582321078
2019-10-21 00:00:00+00:00,15.0,11.841509261996926,9.263941269356605,0.000713006120130807,2.871164866758827,9.107747565034476,0.000713006120130807,2.7330486908423186,3.1584907380030742
2019-10-22 00:00:00+00:00,4.0,10.922731029316784,8.923874091779467,0.000713006120130807,1.3553558608630738,9.263941269356605,0.000713006120130807,1.6580767538400472,-6.922731029316784
2019-10-23 00:00:00+00:00,5.0,9.563840698767304,8.699926271831872,0.000713006120130807,0.439683528610856,8.923874091779467,0.000713006120130807,0.6392536008677067,-4.563840698767304
2019-10-24 00:00:00+00:00,10.0,8.052419939544345,8.79651136773226,0.000713006120130807,-0.5630545136371277,8.699926271831872,0.000713006120130807,-0.6482193384076589,1.947580060455655
2019-10-25 00:00:00+00:00,1.0,0.10137867647420507,8.841460144158727,0.000713006120130807,-8.656550302489396,8.79651136773226,0.000713006120130807,-8.695845697378186,0.8986213235257949
2019-10-26 00:00:00+00:00,0.0,0.5164493071682781,8.816750280457423,0.000713006120130807,-8.348307415227024,8.841460144158727,0.000713006120130807,-8.32572384311058,-0.5164493071682781
2019-10-27 00:00:00+00:00,9.0,11.550911851375394,8.691891426913227,0.000713006120130807,2.621900924093083,8.816750280457423,0.000713006120130807,2.73344856479784,-2.5509118513753943
2019-10-28 00:00:00+00:00,7.0,11.563769299792185,8.467947121670413,0.000713006120130807,2.6715979166746298,8.691891426913227,0.000713006120130807,2.871164866758827,-4.563769299792185
2019-10-29 00:00:00+00:00,15.0,9.824015988653619,8.72345448203181,0.000713006120130807,1.5816940639961732,8.467947121670413,0.000713006120130807,1.3553558608630738,5.175984011346381
2019-10-30 00:00:00+00:00,13.0,9.163851016762798,8.913006769883603,0.000713006120130807,0.6074327074942197,8.72345448203181,0.000713006120130807,0.439683528610856,3.8361489832372015
2019-10-31 00:00:00+00:00,10.0,8.350665262366608,8.994910362852876,0.000713006120130807,-0.49093152020001324,8.913006769883603,0.000713006120130807,-0.5630545136371277,1.6493347376333922
2019-11-01 00:00:00+00:00,2.0,0.3390730664836106,9.077384596314424,0.000713006120130807,-8.583920399297389,8.994910362852876,0.000713006120130807,-8.656550302489396,1.6609269335163894
2019-11-02 00:00:00+00:00,2.0,0.7297901872075307,9.140625285729541,0.000713006120130807,-8.292762999711202,9.077384596314424,0.000713006120130807,-8.348307415227024,1.2702098127924693
2019-11-03 00:00:00+00:00,12.0,11.763239215942756,9.152993140657413,0.000713006120130807,2.6322541265601753,9.140625285729541,0.000713006120130807,2.621900924093083,0.23676078405724432
2019-11-04 00:00:00+00:00,16.0,11.825304063452174,9.35921083013333,0.000713006120130807,2.8541512581907487,9.152993140657413,0.000713006120130807,2.6715979166746298,4.174695936547826
2019-11-05 00:00:00+00:00,10.0,10.941617900249634,9.313571505119866,0.000713006120130807,1.5405184917545915,9.35921083013333,0.000713006120130807,1.5816940639961732,-0.9416179002496339
2019-11-06 00:00:00+00:00,12.0,9.921717218734216,9.41659060763105,0.000713006120130807,0.6983129708959218,9.313571505119866,0.000713006120130807,0.6074327074942197,2.0782827812657843
2019-11-07 00:00:00+00:00,13.0,8.92637209355117,9.617833095598026,0.000713006120130807,-0.31279773567569785,9.41659060763105,0.000713006120130807,-0.49093152020001324,4.073627906448831
2019-11-08 00:00:00+00:00,0.0,1.0346257024207688,9.56761534398169,0.000713006120130807,-8.629163066563729,9.617833095598026,0.000713006120130807,-8.583920399297389,-1.0346257024207688
2019-11-09 00:00:00+00:00,1.0,1.2755653503906181,9.554763297476052,0.000713006120130807,-8.30481306905385,9.56761534398169,0.000713006120130807,-8.292762999711202,-0.27556535039061814
2019-11-10 00:00:00+00:00,10.0,12.187730430156359,9.447782508371214,0.000713006120130807,2.536587877704745,9.554763297476052,0.000713006120130807,2.6322541265601753,-2.1877304301563587
2019-11-11 00:00:00+00:00,8.0,12.302646772682094,9.236692289525694,0.000713006120130807,2.666002813931553,9.447782508371214,0.000713006120130807,2.8541512581907487,-4.302646772682094
2019-11-12 00:00:00+00:00,11.0,10.777923787400416,9.248337277865557,0.000713006120130807,1.5502295594101734,9.236692289525694,0.000713006120130807,1.5405184917545915,0.22207621259958366
2019-11-13 00:00:00+00:00,12.0,9.94736325488161,9.35009392183655,0.000713006120130807,0.7880717706829059,9.248337277865557,0.000713006120130807,0.6983129708959218,2.05263674511839
2019-11-14 00:00:00+00:00,5.0,9.038009192280983,9.152030822328816,0.000713006120130807,-0.48937396597554317,9.35009392183655,0.000713006120130807,-0.31279773567569785,-4.038009192280983
2019-11-15 00:00:00+00:00,1.0,0.5235807618852188,9.176196167532197,0.000713006120130807,-8.608329950762645,9.152030822328816,0.000713006120130807,-8.629163066563729,0.47641923811478115
2019-11-16 00:00:00+00:00,1.0,0.8720961045984783,9.183205404545301,0.000713006120130807,-8.299220018960295,9.176196167532197,0.000713006120130807,-8.30481306905385,0.1279038954015217
2019-11-17 00:00:00+00:00,18.0,11.720506288370178,9.493034424491881,0.000713006120130807,2.81118094448398,9.183205404545301,0.000713006120130807,2.536587877704745,6.279493711629822
2019-11-18 00:00:00+00:00,11.0,12.159750244543567,9.436657259160196,0.000713006120130807,2.6152886336215406,9.493034424491881,0.000713006120130807,2.666002813931553,-1.1597502445435666
2019-11-19 00:00:00+00:00,5.0,10.9875998246905,9.142623096926865,0.000713006120130807,1.2884005849717481,9.436657259160196,0.000713006120130807,1.5502295594101734,-5.9875998246905
2019-11-20 00:00:00+00:00,15.0,9.931407873729903,9.39284395602613,0.000713006120130807,1.0097138839042206,9.142623096926865,0.000713006120130807,0.7880717706829059,5.068592126270097
2019-11-21 00:00:00+00:00,7.0,8.904182996170718,9.299821147699586,0.000713006120130807,-0.5726411006585524,9.39284395602613,0.000713006120130807,-0.48937396597554317,-1.904182996170718
2019-11-22 00:00:00+00:00,0.0,0.6922042030570719,9.26645952713339,0.000713006120130807,-8.638599027169695,9.299821147699586,0.000713006120130807,-8.608329950762645,-0.6922042030570719
2019-11-23 00:00:00+00:00,0.0,0.967952514293227,9.219523847462584,0.000713006120130807,-8.341547165319913,9.26645952713339,0.000713006120130807,-8.299220018960295,-0.967952514293227
2019-11-24 00:00:00+00:00,2.0,12.031417798066695,8.726427635010978,0.000713006120130807,2.3725217302525192,9.219523847462584,0.000713006120130807,2.81118094448398,-10.031417798066695
2019-11-25 00:00:00+00:00,15.0,11.34242927475265,8.907189182430361,0.000713006120130807,2.7752288467230435,8.726427635010978,0.000713006120130807,2.6152886336215406,3.65757072524735
2019-11-26 00:00:00+00:00,16.0,10.196302773522241,9.1935965190953,0.000713006120130807,1.5421877680252436,8.907189182430361,0.000713006120130807,1.2884005849717481,5.803697226477759
2019-11-27 00:00:00+00:00,10.0,10.204023409119651,9.184266215061692,0.000713006120130807,1.0007922389153638,9.1935965190953,0.000713006120130807,1.0097138839042206,-0.20402340911965133
2019-11-28 00:00:00+00:00,13.0,8.61233812052327,9.400967422219464,0.000713006120130807,-0.38077507024204127,9.184266215061692,0.000713006120130807,-0.5726411006585524,4.387661879476729
2019-11-29 00:00:00+00:00,1.0,0.7630814011699005,9.413343045778971,0.000713006120130807,-8.628238923693628,9.400967422219464,0.000713006120130807,-8.638599027169695,0.23691859883009947
2019-11-30 00:00:00+00:00,0.0,1.0725088865791896,9.361260446546588,0.000713006120130807,-8.388446408768209,9.413343045778971,0.000713006120130807,-8.341547165319913,-1.0725088865791896
2019-12-01 00:00:00+00:00,21.0,11.734495182919238,9.81807963680722,0.000713006120130807,2.7776886911283563,9.361260446546588,0.000713006120130807,2.3725217302525192,9.265504817080762
2019-12-02 00:00:00+00:00,9.0,12.594021489650395,9.641872393062338,0.000713006120130807,2.618067548657593,9.81807963680722,0.000713006120130807,2.7752288467230435,-3.5940214896503946
2019-12-03 00:00:00+00:00,8.0,11.184773167207712,9.485810915187777,0.000713006120130807,1.402922299957308,9.641872393062338,0.000713006120130807,1.5421877680252436,-3.1847731672077124
2019-12-04 00:00:00+00:00,11.0,10.487316160223273,9.51176143123829,0.000713006120130807,1.0232111526554506,9.485810915187777,0.000713006120130807,1.0007922389153638,0.5126838397767273
2019-12-05 00:00:00+00:00,10.0,9.13169936711638,9.555217633349345,0.000713006120130807,-0.34280555476529423,9.51176143123829,0.000713006120130807,-0.38077507024204127,0.8683006328836207
2019-12-06 00:00:00+00:00,0.0,0.9276917157758486,9.510263842366177,0.000713006120130807,-8.668805524276218,9.555217633349345,0.000713006120130807,-8.628238923693628,-0.9276917157758486
2019-12-07 00:00:00+00:00,3.0,1.1225304397180995,9.603397660291565,0.000713006120130807,-8.306347413527927,9.510263842366177,0.000713006120130807,-8.388446408768209,1.8774695602819005
2019-12-08 00:00:00+00:00,12.0,12.381799357540052,9.585316110528042,0.000713006120130807,2.760993164180523,9.603397660291565,0.000713006120130807,2.7776886911283563,-0.3817993575400518
2019-12-09 00:00:00+00:00,12.0,12.204096665305766,9.575982200366093,0.000713006120130807,2.6091427002829652,9.585316110528042,0.000713006120130807,2.618067548657593,-0.20409666530576587
2019-12-10 00:00:00+00:00,10.0,10.979617506443532,9.528472296714755,0.000713006120130807,1.3600850605686026,9.575982200366093,0.000713006120130807,1.402922299957308,-0.9796175064435317
2019-12-11 00:00:00+00:00,9.0,10.552396455490337,9.45276662543248,0.000713006120130807,0.9553271283780114,9.528472296714755,0.000713006120130807,1.0232111526554506,-1.552396455490337
2019-12-12 00:00:00+00:00,14.0,9.110674076787317,9.694162879133975,0.000713006120130807,-0.1290024901564874,9.45276662543248,0.000713006120130807,-0.34280555476529423,4.889325923212683
2019-12-13 00:00:00+00:00,1.0,1.0260703609778883,9.69359253878788,0.000713006120130807,-8.669945542994558,9.694162879133975,0.000713006120130807,-8.668805524276218,-0.026070360977888285
2019-12-14 00:00:00+00:00,0.0,1.3879581313800848,9.62598155182309,0.000713006120130807,-8.367040790631082,9.69359253878788,0.000713006120130807,-8.306347413527927,-1.3879581313800848
2019-12-15 00:00:00+00:00,9.0,12.387687722123744,9.459931348544307,0.000713006120130807,2.6128545396946836,9.62598155182309,0.000713006120130807,2.760993164180523,-3.3876877221237436
2019-12-16 00:00:00+00:00,13.0,12.069787054947405,9.506435262465155,0.000713006120130807,2.6498195505307285,9.459931348544307,0.000713006120130807,2.6091427002829652,0.9302129450525953
2019-12-17 00:00:00+00:00,8.0,10.867233329153889,9.366005084417921,0.000713006120130807,1.2347051447378314,9.506435262465155,0.000713006120130807,1.3600850605686026,-2.8672333291538887
2019-12-18 00:00:00+00:00,11.0,10.322045218916063,9.400091271419678,0.000713006120130807,0.9849730984234477,9.366005084417921,0.000713006120130807,0.9553271283780114,0.6779547810839368
2019-12-19 00:00:00+00:00,5.0,9.271801787383321,9.190519435956633,0.000713006120130807,-0.31580212836587973,9.400091271419678,0.000713006120130807,-0.1290024901564874,-4.271801787383321
2019-12-20 00:00:00+00:00,1.0,0.5212868990822059,9.214797699455419,0.000713006120130807,-8.649012119931333,9.190519435956633,0.000713006120130807,-8.669945542994558,0.47871310091779407
2019-12-21 00:00:00+00:00,0.0,0.8484699149444683,9.17374370173676,0.000713006120130807,-8.404143137844683,9.214797699455419,0.000713006120130807,-8.367040790631082,-0.8484699149444683
2019-12-22 00:00:00+00:00,6.0,11.787311247551575,8.889568997832926,0.000713006120130807,2.359783891510423,9.17374370173676,0.000713006120130807,2.6128545396946836,-5.787311247551575
2019-12-23 00:00:00+00:00,13.0,11.540101554483787,8.962147349917753,0.000713006120130807,2.7136587722498455,8.889568997832926,0.000713006120130807,2.6498195505307285,1.4598984455162132
2019-12-24 00:00:00+00:00,11.0,10.197565500775717,9.00236120835941,0.000713006120130807,1.269794430618216,8.962147349917753,0.000713006120130807,1.2347051447378314,0.8024344992242831
2019-12-25 00:00:00+00:00,4.0,9.988047312902989,8.708305017953295,0.000713006120130807,0.7231245559806169,9.00236120835941,0.000713006120130807,0.9849730984234477,-5.988047312902989
2019-12-26 00:00:00+00:00,8.0,8.393215895707547,8.689661474670535,0.000713006120130807,-0.3329968838138719,8.708305017953295,0.000713006120130807,-0.31580212836587973,-0.3932158957075469
2019-12-27 00:00:00+00:00,0.0,0.04136236085933298,8.688338366304619,0.000713006120130807,-8.650820835416877,8.689661474670535,0.000713006120130807,-8.649012119931333,-0.04136236085933298
2019-12-28 00:00:00+00:00,0.0,0.2849082345800671,8.675026404517446,0.000713006120130807,-8.416601757834876,8.688338366304619,0.000713006120130807,-8.404143137844683,-0.2849082345800671
2019-12-29 00:00:00+00:00,15.0,11.035523302148,8.870895786298597,0.000713006120130807,2.533144653481064,8.675026404517446,0.000713006120130807,2.359783891510423,3.9644766978519996
2019-12-30 00:00:00+00:00,8.0,11.585267564668573,8.695119465573942,0.000713006120130807,2.556880270508032,8.870895786298597,0.000713006120130807,2.7136587722498455,-3.585267564668573
2019-12-31 00:00:00+00:00,14.0,9.96562690231229,8.894429585970377,0.000713006120130807,1.44621165982477,8.695119465573942,0.000713006120130807,1.269794430618216,4.034373097687711
2020-01-01 00:00:00+00:00,0.0,9.618267148071125,8.42167123639455,0.000713006120130807,0.3025318148175195,8.894429585970377,0.000713006120130807,0.7231245559806169,-9.618267148071125
2020-01-02 00:00:00+00:00,6.0,8.08938735870081,8.319531509265692,0.000713006120130807,-0.4243627341296151,8.42167123639455,0.000713006120130807,-0.3329968838138719,-2.08938735870081
2020-01-03 00:00:00+00:00,0.0,-0.330576320031053,8.336517552513667,0.000713006120130807,-8.636365216908365,8.319531509265692,0.000713006120130807,-8.650820835416877,0.330576320031053
2020-01-04 00:00:00+00:00,0.0,-0.07937119920107705,8.341137706221863,0.000713006120130807,-8.4131309714939,8.336517552513667,0.000713006120130807,-8.416601757834876,0.07937119920107705
2020-01-05 00:00:00+00:00,14.0,10.874995365823057,8.495683014764229,0.000713006120130807,2.669796531101187,8.341137706221863,0.000713006120130807,2.533144653481064,3.1250046341769426
2020-01-06 00:00:00+00:00,12.0,11.053276291392391,8.542999691886973,0.000713006120130807,2.5982791122741626,8.495683014764229,0.000713006120130807,2.556880270508032,0.9467237086076086
2020-01-07 00:00:00+00:00,11.0,9.989924357831875,8.593434948001866,0.000713006120130807,1.4903807888977512,8.542999691886973,0.000713006120130807,1.44621165982477,1.0100756421681254
2020-01-08 00:00:00+00:00,13.0,8.896679768939517,8.796139078172287,0.000713006120130807,0.4819640012272955,8.593434948001866,0.000713006120130807,0.3025318148175195,4.103320231060483
2020-01-09 00:00:00+00:00,10.0,8.372489350162803,8.876968352839041,0.000713006120130807,-0.3531940761011847,8.796139078172287,0.000713006120130807,-0.4243627341296151,1.6275106498371965
2020-01-10 00:00:00+00:00,0.0,0.24131614205080787,8.86580226689725,0.000713006120130807,-8.646917618511434,8.876968352839041,0.000713006120130807,-8.636365216908365,-0.24131614205080787
2020-01-11 00:00:00+00:00,2.0,0.4533843015234815,8.942649385350201,0.000713006120130807,-8.345499731257599,8.86580226689725,0.000713006120130807,-8.4131309714939,1.5466156984765185
2020-01-12 00:00:00+00:00,13.0,11.613158922571518,9.011631396162784,0.000713006120130807,2.730441061070414,8.942649385350201,0.000713006120130807,2.669796531101187,1.3868410774284818
2020-01-13 00:00:00+00:00,5.0,11.610623514557078,8.68692810543358,0.000713006120130807,2.309206223989668,9.011631396162784,0.000713006120130807,2.5982791122741626,-6.610623514557078
2020-01-14 00:00:00+00:00,11.0,10.178021900451462,8.728104022299924,0.000713006120130807,1.526324687808324,8.68692810543358,0.000713006120130807,1.4903807888977512,0.821978099548538
2020-01-15 00:00:00+00:00,10.0,9.21078102964735,8.767667329631408,0.000713006120130807,0.5164753913777662,8.728104022299924,0.000713006120130807,0.4819640012272955,0.7892189703526498
2020-01-16 00:00:00+00:00,7.0,8.415186259650355,8.698716003642264,0.000713006120130807,-0.4150780993913945,8.767667329631408,0.000713006120130807,-0.3531940761011847,-1.4151862596503548
2020-01-17 00:00:00+00:00,0.0,0.05251139125096138,8.696844070165447,0.000713006120130807,-8.649213864773731,8.698716003642264,0.000713006120130807,-8.646917618511434,-0.05251139125096138
2020-01-18 00:00:00+00:00,0.0,0.3520573450279798,8.680226608555063,0.000713006120130807,-8.36089468354083,8.696844070165447,0.000713006120130807,-8.345499731257599,-0.3520573450279798
2020-01-19 00:00:00+00:00,9.0,11.411380675745608,8.562236353467352,0.000713006120130807,2.6249949144011606,8.680226608555063,0.000713006120130807,2.730441061070414,-2.411380675745608
2020-01-20 00:00:00+00:00,8.0,10.87215558357715,8.421563871225507,0.000713006120130807,2.1836110651791887,8.562236353467352,0.000713006120130807,2.309206223989668,-2.8721555835771504
2020-01-21 00:00:00+00:00,13.0,9.948601565153963,8.572485821584083,0.000713006120130807,1.6597578740917864,8.421563871225507,0.000713006120130807,1.526324687808324,3.0513984348460372
2020-01-22 00:00:00+00:00,3.0,9.08967421908198,8.273426918287694,0.000713006120130807,0.25018285311035293,8.572485821584083,0.000713006120130807,0.5164753913777662,-6.08967421908198
2020-01-23 00:00:00+00:00,8.0,7.859061825016431,8.28107778418563,0.000713006120130807,-0.408915079334008,8.273426918287694,0.000713006120130807,-0.4150780993913945,0.1409381749835692
2020-01-24 00:00:00+00:00,0.0,-0.36742307446797007,8.299877655486794,0.000713006120130807,-8.633146991637645,8.28107778418563,0.000713006120130807,-8.649213864773731,0.36742307446797007
2020-01-25 00:00:00+00:00,0.0,-0.06030402193390394,8.303559203297379,0.000713006120130807,-8.358257676947243,8.299877655486794,0.000713006120130807,-8.36089468354083,0.06030402193390394
2020-01-26 00:00:00+00:00,11.0,10.92926712381867,8.307754124638025,0.000713006120130807,2.6280879595230586,8.303559203297379,0.000713006120130807,2.6249949144011606,0.07073287618132973
2020-01-27 00:00:00+00:00,10.0,10.492078195937346,8.28424395968668,0.000713006120130807,2.1620932060773668,8.307754124638025,0.000713006120130807,2.1836110651791887,-0.4920781959373457
2020-01-28 00:00:00+00:00,15.0,9.944714839898598,8.533809766559271,0.000713006120130807,1.880818093164052,8.28424395968668,0.000713006120130807,1.6597578740917864,5.055285160101402
2020-01-29 00:00:00+00:00,12.0,8.784705625789755,8.692799701660753,0.000713006120130807,0.3907829688772115,8.533809766559271,0.000713006120130807,0.25018285311035293,3.215294374210245
2020-01-30 00:00:00+00:00,8.0,8.284597628446877,8.679503029853025,0.000713006120130807,-0.42136011697272585,8.692799701660753,0.000713006120130807,-0.408915079334008,-0.2845976284468765
2020-01-31 00:00:00+00:00,0.0,0.047069044335511734,8.677899002781027,0.000713006120130807,-8.63520525203697,8.679503029853025,0.000713006120130807,-8.633146991637645,-0.047069044335511734
2020-02-01 00:00:00+00:00,0.0,0.32035433195391505,8.66284216205471,0.000713006120130807,-8.372266302882217,8.677899002781027,0.000713006120130807,-8.358257676947243,-0.32035433195391505
2020-02-02 00:00:00+00:00,10.0,11.2916431276979,8.599972402866733,0.000713006120130807,2.5716062965249704,8.66284216205471,0.000713006120130807,2.6280879595230586,-1.2916431276979008
2020-02-03 00:00:00+00:00,9.0,10.762778615064232,8.513910403903575,0.000713006120130807,2.0850094779629695,8.599972402866733,0.000713006120130807,2.1620932060773668,-1.7627786150642315
2020-02-04 00:00:00+00:00,17.0,10.395441503187758,8.839741148709729,0.000713006120130807,2.1696257671018007,8.513910403903575,0.000713006120130807,1.880818093164052,6.604558496812242
2020-02-05 00:00:00+00:00,8.0,9.231237123707071,8.77984495140784,0.000713006120130807,0.33694277199875655,8.839741148709729,0.000713006120130807,0.3907829688772115,-1.2312371237070714
2020-02-06 00:00:00+00:00,12.0,8.359197840555245,8.959781044983885,0.000713006120130807,-0.26215316870445243,8.77984495140784,0.000713006120130807,-0.42136011697272585,3.640802159444755
2020-02-07 00:00:00+00:00,0.0,0.3252887990670459,8.944481298877864,0.000713006120130807,-8.649429654994702,8.959781044983885,0.000713006120130807,-8.63520525203697,-0.3252887990670459
2020-02-08 00:00:00+00:00,0.0,0.5729280021157788,8.916991200041368,0.000713006120130807,-8.397319605643442,8.944481298877864,0.000713006120130807,-8.372266302882217,-0.5729280021157788
2020-02-09 00:00:00+00:00,10.0,11.48931050268647,8.844391014512356,0.000713006120130807,2.506480928605292,8.916991200041368,0.000713006120130807,2.5716062965249704,-1.48931050268647
2020-02-10 00:00:00+00:00,10.0,10.930113498595457,8.799318008209301,0.000713006120130807,2.0443369763631867,8.844391014512356,0.000713006120130807,2.0850094779629695,-0.9301134985954569
2020-02-11 00:00:00+00:00,7.0,10.969656781431233,8.60461964250776,0.000713006120130807,1.9960384876599242,8.799318008209301,0.000713006120130807,2.1696257671018007,-3.969656781431233
2020-02-12 00:00:00+00:00,10.0,8.942275420626649,8.65740047777415,0.000713006120130807,0.38319551933728707,8.60461964250776,0.000713006120130807,0.33694277199875655,1.0577245793733514
2020-02-13 00:00:00+00:00,6.0,8.395960315189829,8.540169309422673,0.000713006120130807,-0.3669250055821358,8.65740047777415,0.000713006120130807,-0.26215316870445243,-2.3959603151898285
2020-02-14 00:00:00+00:00,0.0,-0.10854733945189743,8.546225695506811,0.000713006120130807,-8.644683038754668,8.540169309422673,0.000713006120130807,-8.649429654994702,0.10854733945189743
2020-02-15 00:00:00+00:00,1.0,0.14961909598349976,8.588799776317863,0.000713006120130807,-8.360133693675424,8.546225695506811,0.000713006120130807,-8.397319605643442,0.8503809040165002
2020-02-16 00:00:00+00:00,7.0,11.095993711043286,8.387882315594629,0.000713006120130807,2.3273691201897826,8.588799776317863,0.000713006120130807,2.506480928605292,-4.0959937110432865
2020-02-17 00:00:00+00:00,11.0,10.432932298077947,8.416509945988247,0.000713006120130807,2.069134016776468,8.387882315594629,0.000713006120130807,2.0443369763631867,0.5670677019220527
2020-02-18 00:00:00+00:00,9.0,10.413261439768302,8.347653371690338,0.000713006120130807,1.9342386339252045,8.416509945988247,0.000713006120130807,1.9960384876599242,-1.413261439768302
2020-02-19 00:00:00+00:00,9.0,8.731561897147756,8.36158058266892,0.000713006120130807,0.39493392457942966,8.347653371690338,0.000713006120130807,0.38319551933728707,0.2684381028522438
2020-02-20 00:00:00+00:00,5.0,7.995368583206915,8.214842784806706,0.000713006120130807,-0.49790808848158197,8.36158058266892,0.000713006120130807,-0.3669250055821358,-2.995368583206915
2020-02-21 00:00:00+00:00,0.0,-0.4291272478278305,8.236680122021744,0.000713006120130807,-8.62591793245297,8.214842784806706,0.000713006120130807,-8.644683038754668,0.4291272478278305
2020-02-22 00:00:00+00:00,2.0,-0.12274056553354917,8.341887715148177,0.000713006120130807,-8.267309356454254,8.236680122021744,0.000713006120130807,-8.360133693675424,2.122740565533549
2020-02-23 00:00:00+00:00,16.0,10.66996984145809,8.604978191785051,0.000713006120130807,2.5604435358149185,8.341887715148177,0.000713006120130807,2.3273691201897826,5.330030158541909
2020-02-24 00:00:00+00:00,7.0,10.67482521468165,8.424793282557724,0.000713006120130807,1.9084392901127172,8.604978191785051,0.000713006120130807,2.069134016776468,-3.6748252146816505
2020-02-25 00:00:00+00:00,12.0,10.35974492260306,8.506249917777204,0.000713006120130807,2.0059645871128757,8.424793282557724,0.000713006120130807,1.9342386339252045,1.6402550773969402
2020-02-26 00:00:00+00:00,8.0,8.901896848476765,8.462565911735759,0.000713006120130807,0.3554952957799298,8.506249917777204,0.000713006120130807,0.39493392457942966,-0.9018968484767651
2020-02-27 00:00:00+00:00,9.0,7.965370829374308,8.514209846319128,0.000713006120130807,-0.4526652695557187,8.462565911735759,0.000713006120130807,-0.49790808848158197,1.034629170625692
2020-02-28 00:00:00+00:00,0.0,-0.11099508001371028,8.520386725525817,0.000713006120130807,-8.62106428010168,8.514209846319128,0.000713006120130807,-8.62591793245297,0.11099508001371028
2020-02-29 00:00:00+00:00,0.0,0.253790375191695,8.508606579693032,0.000713006120130807,-8.278407238010194,8.520386725525817,0.000713006120130807,-8.267309356454254,-0.253790375191695
2020-03-01 00:00:00+00:00,6.0,11.069763121628082,8.259754089107657,0.000713006120130807,2.338750216680946,8.508606579693032,0.000713006120130807,2.5604435358149185,-5.069763121628082
2020-03-02 00:00:00+00:00,18.0,10.168906385340506,8.645962575155103,0.000713006120130807,2.250881549096446,8.259754089107657,0.000713006120130807,1.9084392901127172,7.831093614659494
2020-03-03 00:00:00+00:00,12.0,10.65264016838811,8.713001071746925,0.000713006120130807,2.064882660003411,8.645962575155103,0.000713006120130807,2.0059645871128757,1.3473598316118895
2020-03-04 00:00:00+00:00,13.0,9.069209373646986,8.907212214086902,0.000713006120130807,0.5273830151606056,8.713001071746925,0.000713006120130807,0.3554952957799298,3.930790626353014
2020-03-05 00:00:00+00:00,9.0,8.455259950651316,8.934740737565452,0.000713006120130807,-0.42884458470160425,8.907212214086902,0.000713006120130807,-0.4526652695557187,0.5447400493486843
2020-03-06 00:00:00+00:00,0.0,0.31438946358390396,8.919977525022906,0.000713006120130807,-8.634812071075448,8.934740737565452,0.000713006120130807,-8.62106428010168,-0.31438946358390396
2020-03-07 00:00:00+00:00,0.0,0.6422832931328433,8.889073324336564,0.000713006120130807,-8.306493346110882,8.919977525022906,0.000713006120130807,-8.278407238010194,-0.6422832931328433
2020-03-08 00:00:00+00:00,15.0,11.228536547137642,9.075441385207656,0.000713006120130807,2.5036707920211656,8.889073324336564,0.000713006120130807,2.338750216680946,3.771463452862358
2020-03-09 00:00:00+00:00,16.0,11.327035940424233,9.306186952738763,0.000713006120130807,2.455223426163955,9.075441385207656,0.000713006120130807,2.250881549096446,4.672964059575767
2020-03-10 00:00:00+00:00,10.0,11.371782618862305,9.239372225819878,0.000713006120130807,2.0048966143815763,9.306186952738763,0.000713006120130807,2.064882660003411,-1.371782618862305
2020-03-11 00:00:00+00:00,14.0,9.767468247100615,9.4484369564472,0.000713006120130807,0.7124654322536683,9.239372225819878,0.000713006120130807,0.5273830151606056,4.232531752899385
2020-03-12 00:00:00+00:00,5.0,9.020305377865727,9.251245349577706,0.000713006120130807,-0.6046466531156001,9.4484369564472,0.000713006120130807,-0.42884458470160425,-4.020305377865727
2020-03-13 00:00:00+00:00,0.0,0.6171462846223896,9.221578549902832,0.000713006120130807,-8.661798974594758,9.251245349577706,0.000713006120130807,-8.634812071075448,-0.6171462846223896
2020-03-14 00:00:00+00:00,3.0,0.9157982099120812,9.324889023103587,0.000713006120130807,-8.215354253118866,9.221578549902832,0.000713006120130807,-8.306493346110882,2.084201790087919
2020-03-15 00:00:00+00:00,8.0,11.829272821244885,9.137101235256054,0.000713006120130807,2.3362222976349685,9.324889023103587,0.000713006120130807,2.5036707920211656,-3.829272821244885
2020-03-16 00:00:00+00:00,9.0,11.593037667540141,9.010168685173568,0.000713006120130807,2.3418336851908537,9.137101235256054,0.000713006120130807,2.455223426163955,-2.593037667540141
2020-03-17 00:00:00+00:00,8.0,11.015778305675276,8.862426192929538,0.000713006120130807,1.87302104419859,9.010168685173568,0.000713006120130807,2.0048966143815763,-3.0157783056752763
2020-03-18 00:00:00+00:00,11.0,9.575604631303339,8.933256861189996,0.000713006120130807,0.774752156400262,8.862426192929538,0.000713006120130807,0.7124654322536683,1.4243953686966613
2020-03-19 00:00:00+00:00,10.0,8.329323214194527,9.0162110434521,0.000713006120130807,-0.5315904031568544,8.933256861189996,0.000713006120130807,-0.6046466531156001,1.6706767858054725
2020-03-20 00:00:00+00:00,0.0,0.35512507497747414,8.999442568958031,0.000713006120130807,-8.677328074217497,9.0162110434521,0.000713006120130807,-8.661798974594758,-0.35512507497747414
2020-03-21 00:00:00+00:00,1.0,0.7848013219592964,9.010749001967573,0.000713006120130807,-8.205943929980778,8.999442568958031,0.000713006120130807,-8.215354253118866,0.21519867804070358
2020-03-22 00:00:00+00:00,5.0,11.347684305722673,8.698989226089422,0.000713006120130807,2.058647356007642,9.010749001967573,0.000713006120130807,2.3362222976349685,-6.347684305722673
2020-03-23 00:00:00+00:00,8.0,11.041535917400406,8.549978782856378,0.000713006120130807,2.2088317723564823,8.698989226089422,0.000713006120130807,2.3418336851908537,-3.041535917400406
2020-03-24 00:00:00+00:00,6.0,10.423712833175099,8.332928934182748,0.000713006120130807,1.6795785583557412,8.549978782856378,0.000713006120130807,1.87302104419859,-4.423712833175099
2020-03-25 00:00:00+00:00,7.0,9.10839409670314,8.229853576355472,0.000713006120130807,0.6825551692576972,8.332928934182748,0.000713006120130807,0.774752156400262,-2.1083940967031403
2020-03-26 00:00:00+00:00,4.0,7.698976179318749,8.048479805372482,0.000713006120130807,-0.6933412161469751,8.229853576355472,0.000713006120130807,-0.5315904031568544,-3.6989761793187492
2020-03-27 00:00:00+00:00,3.0,-0.628135262724884,8.227792354949374,0.000713006120130807,-8.518675030798343,8.048479805372482,0.000713006120130807,-8.677328074217497,3.628135262724884
2020-03-28 00:00:00+00:00,1.0,0.02256143108872699,8.27662100988726,0.000713006120130807,-8.163201972340376,8.227792354949374,0.000713006120130807,-8.205943929980778,0.977438568911273
2020-03-29 00:00:00+00:00,8.0,10.335981372015032,8.162342380813492,0.000713006120130807,1.9564983105053275,8.27662100988726,0.000713006120130807,2.058647356007642,-2.3359813720150324
2020-03-30 00:00:00+00:00,12.0,10.371887159290106,8.243201299086989,0.000713006120130807,2.2800267633101634,8.162342380813492,0.000713006120130807,2.2088317723564823,1.6281128407098944
2020-03-31 00:00:00+00:00,16.0,9.923492863562862,8.54303804834021,0.000713006120130807,1.9452953193758127,8.243201299086989,0.000713006120130807,1.6795785583557412,6.076507136437138
2020-04-01 00:00:00+00:00,9.0,9.226306223718037,8.532610844597517,0.000713006120130807,0.6726591294086766,8.54303804834021,0.000713006120130807,0.6825551692576972,-0.2263062237180371
2020-04-02 00:00:00+00:00,11.0,7.839982634570673,8.68887969908402,0.000713006120130807,-0.5551582830481115,8.532610844597517,0.000713006120130807,-0.6933412161469751,3.1600173654293267
2020-04-03 00:00:00+00:00,0.0,0.17091767440580696,8.681179066679924,0.000713006120130807,-8.526149010475232,8.68887969908402,0.000713006120130807,-8.518675030798343,-0.17091767440580696
2020-04-04 00:00:00+00:00,1.0,0.5186901004596791,8.705585160872676,0.000713006120130807,-8.14215499507512,8.681179066679924,0.000713006120130807,-8.163201972340376,0.4813098995403209
2020-04-05 00:00:00+00:00,9.0,10.662796477498135,8.624444908986204,0.000713006120130807,1.8837866548920257,8.705585160872676,0.000713006120130807,1.9564983105053275,-1.6627964774981354
2020-04-06 00:00:00+00:00,9.0,10.905184678416498,8.531372791585211,0.000713006120130807,2.196715826529017,8.624444908986204,0.000713006120130807,2.2800267633101634,-1.9051846784164983
2020-04-07 00:00:00+00:00,11.0,10.477381117081155,8.557812372690059,0.000713006120130807,1.9681486780075197,8.531372791585211,0.000713006120130807,1.9452953193758127,0.5226188829188452
2020-04-08 00:00:00+00:00,6.0,9.231184508218867,8.399466237900699,0.000713006120130807,0.5313641613449076,8.557812372690059,0.000713006120130807,0.6726591294086766,-3.231184508218867
2020-04-09 00:00:00+00:00,10.0,7.845020960972718,8.50626081062706,0.000713006120130807,-0.46092420457845,8.399466237900699,0.000713006120130807,-0.5551582830481115,2.154979039027282
2020-04-10 00:00:00+00:00,1.0,-0.01917519372804044,8.557144003667284,0.000713006120130807,-8.481581971334354,8.50626081062706,0.000713006120130807,-8.526149010475232,1.0191751937280404
2020-04-11 00:00:00+00:00,1.0,0.41570201471229495,8.58661981653479,0.000713006120130807,-8.116604499595535,8.557144003667284,0.000713006120130807,-8.14215499507512,0.584297985287705
2020-04-12 00:00:00+00:00,8.0,10.471119477546948,8.465688843431963,0.000713006120130807,1.7757282178780962,8.58661981653479,0.000713006120130807,1.8837866548920257,-2.4711194775469476
2020-04-13 00:00:00+00:00,3.0,10.66311767608111,8.089175197485208,0.000713006120130807,1.861618909421168,8.465688843431963,0.000713006120130807,2.196715826529017,-7.663117676081111
2020-04-14 00:00:00+00:00,6.0,10.058036881612859,7.890126209659605,0.000713006120130807,1.790696666173893,8.089175197485208,0.000713006120130807,1.9681486780075197,-4.058036881612859
2020-04-15 00:00:00+00:00,5.0,8.422203377124642,7.722376929643357,0.000713006120130807,0.3817162177970811,7.890126209659605,0.000713006120130807,0.5313641613449076,-3.4222033771246423
2020-04-16 00:00:00+00:00,12.0,7.262165731185037,7.956315815205654,0.000713006120130807,-0.25374564823143003,7.722376929643357,0.000713006120130807,-0.46092420457845,4.737834268814963
2020-04-17 00:00:00+00:00,0.0,-0.5245531500085692,7.982850613052473,0.000713006120130807,-8.458644030034597,7.956315815205654,0.000713006120130807,-8.481581971334354,0.5245531500085692
2020-04-18 00:00:00+00:00,1.0,-0.13304088042293216,8.039338988420937,0.000713006120130807,-8.06705828067579,7.982850613052473,0.000713006120130807,-8.116604499595535,1.1330408804229322
2020-04-19 00:00:00+00:00,10.0,9.815780212419165,8.049120446397223,0.000713006120130807,1.783783879489725,8.039338988420937,0.000713006120130807,1.7757282178780962,0.1842197875808349
2020-04-20 00:00:00+00:00,10.0,9.911452361938522,8.054192321905283,0.000713006120130807,1.8654909679991274,8.049120446397223,0.000713006120130807,1.861618909421168,0.08854763806147758
2020-04-21 00:00:00+00:00,4.0,9.845601994199308,7.767148182331287,0.000713006120130807,1.5350770489768584,8.054192321905283,0.000713006120130807,1.790696666173893,-5.845601994199308
2020-04-22 00:00:00+00:00,6.0,8.149577406248499,7.662045524045175,0.000713006120130807,0.2877183448208011,7.767148182331287,0.000713006120130807,0.3817162177970811,-2.1495774062484987
2020-04-23 00:00:00+00:00,12.0,7.409012881933876,7.888755673030003,0.000713006120130807,-0.05298850280122275,7.662045524045175,0.000713006120130807,-0.25374564823143003,4.590987118066124
2020-04-24 00:00:00+00:00,5.0,-0.5691753508844632,8.163618373985818,0.000713006120130807,-8.215112145258844,7.888755673030003,0.000713006120130807,-8.458644030034597,5.569175350884463
2020-04-25 00:00:00+00:00,3.0,0.0972730994301596,8.307221780182179,0.000713006120130807,-7.940126282929879,8.163618373985818,0.000713006120130807,-8.06705828067579,2.9027269005698404
2020-04-26 00:00:00+00:00,3.0,10.091718665792035,7.958835972637079,0.000713006120130807,1.4736734045689759,8.307221780182179,0.000713006120130807,1.783783879489725,-7.091718665792035
2020-04-27 00:00:00+00:00,12.0,9.825039946756338,8.06661413603976,0.000713006120130807,1.9605987869681025,7.958835972637079,0.000713006120130807,1.8654909679991274,2.1749600532436624
2020-04-28 00:00:00+00:00,8.0,9.602404191136749,7.988446770771731,0.000713006120130807,1.465006259631337,8.06661413603976,0.000713006120130807,1.5350770489768584,-1.602404191136749
2020-04-29 00:00:00+00:00,10.0,8.276878121712661,8.073982628990088,0.000713006120130807,0.363067941893733,7.988446770771731,0.000713006120130807,0.2877183448208011,1.7231218782873388
2020-04-30 00:00:00+00:00,8.0,8.021707132308997,8.073627074089362,0.000713006120130807,-0.0539377239176753,8.073982628990088,0.000713006120130807,-0.05298850280122275,-0.02170713230899679
2020-05-01 00:00:00+00:00,1.0,-0.14077206504935091,8.130496026791546,0.000713006120130807,-8.165227852953903,8.073627074089362,0.000713006120130807,-8.215112145258844,1.140772065049351
2020-05-02 00:00:00+00:00,2.0,0.1910827499817982,8.22025527060946,0.000713006120130807,-7.8610249798562855,8.130496026791546,0.000713006120130807,-7.940126282929879,1.8089172500182018
2020-05-03 00:00:00+00:00,12.0,9.694641681298567,8.33445245342346,0.000713006120130807,1.5744833487822882,8.22025527060946,0.000713006120130807,1.4736734045689759,2.3053583187014333
2020-05-04 00:00:00+00:00,9.0,10.295764246511693,8.271379826953703,0.000713006120130807,1.903936913477639,8.33445245342346,0.000713006120130807,1.9605987869681025,-1.295764246511693
2020-05-05 00:00:00+00:00,10.0,9.737099092705172,8.285034462483196,0.000713006120130807,1.4765025314182534,8.271379826953703,0.000713006120130807,1.465006259631337,0.26290090729482785
2020-05-06 00:00:00+00:00,7.0,8.648815410497061,8.204582446288784,0.000713006120130807,0.29096765787199125,8.285034462483196,0.000713006120130807,0.363067941893733,-1.6488154104970612
2020-05-07 00:00:00+00:00,8.0,8.15135772849124,8.197844676941717,0.000713006120130807,-0.06055637579564033,8.204582446288784,0.000713006120130807,-0.0539377239176753,-0.15135772849123974
2020-05-08 00:00:00+00:00,0.0,0.03332983010794521,8.196916980053356,0.000713006120130807,-8.166685317629378,8.197844676941717,0.000713006120130807,-8.165227852953903,-0.03332983010794521
2020-05-09 00:00:00+00:00,2.0,0.33660500631720147,8.279512706895671,0.000713006120130807,-7.78828715200646,8.196916980053356,0.000713006120130807,-7.8610249798562855,1.6633949936827985
2020-05-10 00:00:00+00:00,14.0,9.85470906179809,8.484282898166688,0.000713006120130807,1.755750852769899,8.279512706895671,0.000713006120130807,1.5744833487822882,4.14529093820191
2020-05-11 00:00:00+00:00,5.0,10.388932817764458,8.219718875930099,0.000713006120130807,1.6682867707986777,8.484282898166688,0.000713006120130807,1.903936913477639,-5.3889328177644575
2020-05-12 00:00:00+00:00,15.0,9.696934413468483,8.481481987432591,0.000713006120130807,1.7083978257857297,8.219718875930099,0.000713006120130807,1.4765025314182534,5.303065586531517
2020-05-13 00:00:00+00:00,8.0,8.773162651424714,8.444135084932181,0.000713006120130807,0.25715838704165644,8.481481987432591,0.000713006120130807,0.29096765787199125,-0.7731626514247143
2020-05-14 00:00:00+00:00,5.0,8.384291715256673,8.27825205438322,0.000713006120130807,-0.20854649787296473,8.444135084932181,0.000713006120130807,-0.06055637579564033,-3.3842917152566727
2020-05-15 00:00:00+00:00,1.0,0.11227974287397302,8.322664212039657,0.000713006120130807,-8.127866610415,8.27825205438322,0.000713006120130807,-8.166685317629378,0.887720257126027
2020-05-16 00:00:00+00:00,1.0,0.5350900661533275,8.34626299719526,0.000713006120130807,-7.767957321231305,8.322664212039657,0.000713006120130807,-7.78828715200646,0.46490993384667245
2020-05-17 00:00:00+00:00,8.0,10.10272685608529,8.24346661644952,0.000713006120130807,1.663801685762666,8.34626299719526,0.000713006120130807,1.755750852769899,-2.1027268560852903
2020-05-18 00:00:00+00:00,18.0,9.91246639336833,8.642298685184423,0.000713006120130807,2.0219427752010968,8.24346661644952,0.000713006120130807,1.6682867707986777,8.08753360663167
2020-05-19 00:00:00+00:00,6.0,10.351409517090284,8.428808058620241,0.000713006120130807,1.5181170581026215,8.642298685184423,0.000713006120130807,1.7083978257857297,-4.351409517090284
2020-05-20 00:00:00+00:00,9.0,8.686679451782028,8.444944664693292,0.000713006120130807,0.27085943591137396,8.428808058620241,0.000713006120130807,0.25715838704165644,0.3133205482179715
2020-05-21 00:00:00+00:00,10.0,8.237111172940459,8.532438101221464,0.000713006120130807,-0.13145795034936383,8.444944664693292,0.000713006120130807,-0.20854649787296473,1.762888827059541
2020-05-22 00:00:00+00:00,5.0,0.40528449692659585,8.759331784670117,0.000713006120130807,-7.9269464281668105,8.532438101221464,0.000713006120130807,-8.127866610415,4.594715503073404
2020-05-23 00:00:00+00:00,3.0,0.9920874695589434,8.858886822652245,0.000713006120130807,-7.680154245875544,8.759331784670117,0.000713006120130807,-7.767957321231305,2.0079125304410566
2020-05-24 00:00:00+00:00,0.0,10.523401514535042,8.341572090000428,0.000713006120130807,1.2036287438782436,8.858886822652245,0.000713006120130807,1.663801685762666,-10.523401514535042
2020-05-25 00:00:00+00:00,1.0,10.364227871321656,7.881319144871254,0.000713006120130807,1.6124587996946675,8.341572090000428,0.000713006120130807,2.0219427752010968,-9.364227871321656
2020-05-26 00:00:00+00:00,7.0,9.400149209094007,7.76388177292352,0.000713006120130807,1.4131620470270836,7.881319144871254,0.000713006120130807,1.5181170581026215,-2.400149209094007
2020-05-27 00:00:00+00:00,9.0,8.035454214955024,7.8120757642820005,0.000713006120130807,0.31303761098844424,7.76388177292352,0.000713006120130807,0.27085943591137396,0.9645457850449759
2020-05-28 00:00:00+00:00,3.0,7.681330820052767,7.5823443446329675,0.000713006120130807,-0.3361656936035258,7.8120757642820005,0.000713006120130807,-0.13145795034936383,-4.681330820052767
2020-05-29 00:00:00+00:00,1.0,-0.34388907741371266,7.649211988963128,0.000713006120130807,-7.868180126276149,7.5823443446329675,0.000713006120130807,-7.9269464281668105,1.3438890774137127
2020-05-30 00:00:00+00:00,0.0,-0.03022925079228589,7.651413068156501,0.000713006120130807,-7.678832364994269,7.649211988963128,0.000713006120130807,-7.680154245875544,0.03022925079228589
2020-05-31 00:00:00+00:00,14.0,8.855754818154875,7.905358044524938,0.000713006120130807,1.4285790544631602,7.651413068156501,0.000713006120130807,1.2036287438782436,5.144245181845125
2020-06-01 00:00:00+00:00,15.0,9.518529850339736,8.175903346110792,0.000713006120130807,1.852155464422019,7.905358044524938,0.000713006120130807,1.6124587996946675,5.4814701496602645
2020-06-02 00:00:00+00:00,18.0,9.589778399258007,8.590620139161015,0.000713006120130807,1.7809287249940753,8.175903346110792,0.000713006120130807,1.4131620470270836,8.410221600741993
2020-06-03 00:00:00+00:00,13.0,8.90437075626959,8.79294567076043,0.000713006120130807,0.4921334817819447,8.590620139161015,0.000713006120130807,0.31303761098844424,4.095629243730411
2020-06-04 00:00:00+00:00,13.0,8.457492983277035,9.017269325488668,0.000713006120130807,-0.1375285120297886,8.79294567076043,0.000713006120130807,-0.3361656936035258,4.542507016722965
2020-06-05 00:00:00+00:00,0.0,1.1498022053326498,8.96138186495923,0.000713006120130807,-7.91845929339548,9.017269325488668,0.000713006120130807,-7.868180126276149,-1.1498022053326498
2020-06-06 00:00:00+00:00,0.0,1.2832625060850926,8.89892465246137,0.000713006120130807,-7.734947555678528,8.96138186495923,0.000713006120130807,-7.678832364994269,-1.2832625060850926
2020-06-07 00:00:00+00:00,14.0,10.328216713044661,9.080385831192318,0.000713006120130807,1.5891407620808469,8.89892465246137,0.000713006120130807,1.4285790544631602,3.671783286955339
2020-06-08 00:00:00+00:00,19.0,10.933254301734468,9.478194588866645,0.000713006120130807,2.2049024440252554,9.080385831192318,0.000713006120130807,1.852155464422019,8.066745698265532
2020-06-09 00:00:00+00:00,11.0,11.25983631998085,9.466116823760895,0.000713006120130807,1.769566463123818,9.478194588866645,0.000713006120130807,1.7809287249940753,-0.25983631998085066
2020-06-10 00:00:00+00:00,12.0,9.958963311662972,9.567302440276958,0.000713006120130807,0.5813850280684582,9.466116823760895,0.000713006120130807,0.4921334817819447,2.0410366883370283
2020-06-11 00:00:00+00:00,12.0,9.4304869343673,9.694502974340995,0.000713006120130807,-0.025167467457889697,9.567302440276958,0.000713006120130807,-0.1375285120297886,2.5695130656327
2020-06-12 00:00:00+00:00,3.0,1.7767566870656468,9.755431678445477,0.000713006120130807,-7.864968654159112,9.694502974340995,0.000713006120130807,-7.91845929339548,1.2232433129343532
2020-06-13 00:00:00+00:00,0.0,2.0211971288870805,9.656648701556355,0.000713006120130807,-7.823331547075574,9.755431678445477,0.000713006120130807,-7.734947555678528,-2.0211971288870805
2020-06-14 00:00:00+00:00,14.0,11.246502469757333,9.79290610340591,0.000713006120130807,1.7095471779353733,9.656648701556355,0.000713006120130807,1.5891407620808469,2.753497530242667
2020-06-15 00:00:00+00:00,8.0,11.998521553551296,9.596786832818163,0.000713006120130807,2.0300529503568323,9.79290610340591,0.000713006120130807,2.2049024440252554,-3.9985215535512957
2020-06-16 00:00:00+00:00,17.0,11.367066302062112,9.87478811898393,0.000713006120130807,2.0158864070734723,9.596786832818163,0.000713006120130807,1.769566463123818,5.632933697937888
2020-06-17 00:00:00+00:00,18.0,10.45688615317252,10.246820437018016,0.000713006120130807,0.911234353409637,9.87478811898393,0.000713006120130807,0.5813850280684582,7.543113846827479
2020-06-18 00:00:00+00:00,9.0,10.222365975680258,10.187360933188888,0.000713006120130807,-0.07861974202056567,10.246820437018016,0.000713006120130807,-0.025167467457889697,-1.2223659756802583
2020-06-19 00:00:00+00:00,3.0,2.323105285149907,10.221394937090597,0.000713006120130807,-7.835369039258136,10.187360933188888,0.000713006120130807,-7.864968654159112,0.6768947148500928
2020-06-20 00:00:00+00:00,2.0,2.3987763961351547,10.202477671147061,0.000713006120130807,-7.840769455066647,10.221394937090597,0.000713006120130807,-7.823331547075574,-0.3987763961351547
2020-06-21 00:00:00+00:00,12.0,11.912737855202566,10.207486266624622,0.000713006120130807,1.7133630237748687,10.202477671147061,0.000713006120130807,1.7095471779353733,0.08726214479743355
2020-06-22 00:00:00+00:00,10.0,12.238252223101586,10.098018478413842,0.000713006120130807,1.9321774574602264,10.207486266624622,0.000713006120130807,2.0300529503568323,-2.2382522231015862
2020-06-23 00:00:00+00:00,12.0,12.114617891607445,10.093089273968292,0.000713006120130807,2.010874334475013,10.098018478413842,0.000713006120130807,2.0158864070734723,-0.11461789160744473
2020-06-24 00:00:00+00:00,24.0,11.005036633498062,10.733495774523217,0.000713006120130807,1.4794850766937337,10.093089273968292,0.000713006120130807,0.911234353409637,12.994963366501938
2020-06-25 00:00:00+00:00,10.0,10.655589038622782,10.701936581699655,0.000713006120130807,-0.10728769089180622,10.733495774523217,0.000713006120130807,-0.07861974202056567,-0.6555890386227823
2020-06-26 00:00:00+00:00,1.0,2.8672805485616504,10.610730342993085,0.000713006120130807,-7.917022483932688,10.701936581699655,0.000713006120130807,-7.835369039258136,-1.8672805485616504
2020-06-27 00:00:00+00:00,0.0,2.7706738940465687,10.475053425168475,0.000713006120130807,-7.961926968163981,10.610730342993085,0.000713006120130807,-7.840769455066647,-2.7706738940465687
2020-06-28 00:00:00+00:00,7.0,12.189129455063476,10.220324975967474,0.000713006120130807,1.4864499896330583,10.475053425168475,0.000713006120130807,1.7133630237748687,-5.189129455063476
2020-06-29 00:00:00+00:00,7.0,12.153215439547832,9.96736443956749,0.000713006120130807,1.7068348906385018,10.220324975967474,0.000713006120130807,1.9321774574602264,-5.153215439547832
2020-06-30 00:00:00+00:00,10.0,11.978951780162634,9.870661043357973,0.000713006120130807,1.9243376703301507,9.96736443956749,0.000713006120130807,2.010874334475013,-1.9789517801626335
2020-07-01 00:00:00+00:00,19.0,11.350859126171839,10.247912675790547,0.000713006120130807,1.8139708087012147,9.870661043357973,0.000713006120130807,1.4794850766937337,7.649140873828161
2020-07-02 00:00:00+00:00,13.0,10.141337991018872,10.389346932010314,0.000713006120130807,0.01771741365629305,10.247912675790547,0.000713006120130807,-0.10728769089180622,2.8586620089811277
2020-07-03 00:00:00+00:00,1.0,2.4730374541977573,10.317547807858643,0.000713006120130807,-7.981436255265832,10.389346932010314,0.000713006120130807,-7.917022483932688,-1.4730374541977573
2020-07-04 00:00:00+00:00,0.0,2.3563338458147935,10.20226730254112,0.000713006120130807,-8.06496599754937,10.317547807858643,0.000713006120130807,-7.961926968163981,-2.3563338458147935
2020-07-05 00:00:00+00:00,14.0,11.68943029829431,10.316721022269522,0.000713006120130807,1.5874878199956395,10.20226730254112,0.000713006120130807,1.4864499896330583,2.31056970170569
2020-07-06 00:00:00+00:00,15.0,12.024268919028156,10.46391815150708,0.000713006120130807,1.8369592543146727,10.316721022269522,0.000713006120130807,1.7068348906385018,2.975731080971844
2020-07-07 00:00:00+00:00,13.0,12.388968827957362,10.49470993927735,0.000713006120130807,1.951057168928924,10.46391815150708,0.000713006120130807,1.9243376703301507,0.6110311720426385
2020-07-08 00:00:00+00:00,11.0,12.309393754098696,10.430966383071985,0.000713006120130807,1.7567129367976824,10.49470993927735,0.000713006120130807,1.8139708087012147,-1.3093937540986964
2020-07-09 00:00:00+00:00,8.0,10.449396802848408,10.31110473608378,0.000713006120130807,-0.08939112259524351,10.430966383071985,0.000713006120130807,0.01771741365629305,-2.4493968028484083
2020-07-10 00:00:00+00:00,3.0,2.33038148693808,10.34478055975698,0.000713006120130807,-7.952154818016634,10.31110473608378,0.000713006120130807,-7.981436255265832,0.6696185130619199
2020-07-11 00:00:00+00:00,0.0,2.2805275683277415,10.233231714250888,0.000713006120130807,-8.164690129401263,10.34478055975698,0.000713006120130807,-8.06496599754937,-2.2805275683277415
2020-07-12 00:00:00+00:00,24.0,11.821432540366658,10.833450094548908,0.000713006120130807,2.120038745482681,10.233231714250888,0.000713006120130807,1.5874878199956395,12.178567459633342
2020-07-13 00:00:00+00:00,13.0,12.671122354983712,10.850352518372537,0.000713006120130807,1.8513405922516633,10.833450094548908,0.000713006120130807,1.8369592543146727,0.3288776450162878
2020-07-14 00:00:00+00:00,22.0,12.802122693421593,11.303842658962687,0.000713006120130807,2.3532668777777235,10.850352518372537,0.000713006120130807,1.951057168928924,9.197877306578407
2020-07-15 00:00:00+00:00,19.0,13.0612686018805,11.596897223379594,0.000713006120130807,2.0164049664859354,11.303842658962687,0.000713006120130807,1.7567129367976824,5.938731398119501
2020-07-16 00:00:00+00:00,7.0,11.508219106904482,11.375687446584662,0.000713006120130807,-0.28652894407039986,11.596897223379594,0.000713006120130807,-0.08939112259524351,-4.508219106904482
2020-07-17 00:00:00+00:00,2.0,3.424245634688159,11.306290161410267,0.000713006120130807,-8.014434994514248,11.375687446584662,0.000713006120130807,-7.952154818016634,-1.424245634688159
2020-07-18 00:00:00+00:00,2.0,3.142313038129135,11.25077136460105,0.000713006120130807,-8.214641806202987,11.306290161410267,0.000713006120130807,-8.164690129401263,-1.142313038129135
2020-07-19 00:00:00+00:00,11.0,13.371523116203862,11.134743148252795,0.000713006120130807,2.0163355115403943,11.25077136460105,0.000713006120130807,2.120038745482681,-2.3715231162038624
2020-07-20 00:00:00+00:00,12.0,12.98679674662459,11.086879837430596,0.000713006120130807,1.8081894152003068,11.134743148252795,0.000713006120130807,1.8513405922516633,-0.9867967466245897
2020-07-21 00:00:00+00:00,6.0,13.44085972132845,10.72130712019074,0.000713006120130807,2.027888975643738,11.086879837430596,0.000713006120130807,2.3532668777777235,-7.440859721328451
2020-07-22 00:00:00+00:00,6.0,12.738425092796806,10.390312635260159,0.000713006120130807,1.7217435022875769,10.72130712019074,0.000713006120130807,2.0164049664859354,-6.738425092796806
2020-07-23 00:00:00+00:00,22.0,10.10449669730989,10.976596824703051,0.000713006120130807,0.23364400024176357,10.390312635260159,0.000713006120130807,-0.28652894407039986,11.89550330269011
2020-07-24 00:00:00+00:00,0.0,2.9628748363089343,10.831458572596699,0.000713006120130807,-8.143997173432957,10.976596824703051,0.000713006120130807,-8.014434994514248,-2.9628748363089343
2020-07-25 00:00:00+00:00,0.0,2.6175297725138424,10.703320367694353,0.000713006120130807,-8.329102551069946,10.831458572596699,0.000713006120130807,-8.214641806202987,-2.6175297725138424
2020-07-26 00:00:00+00:00,19.0,12.720368885354878,11.013156151478006,0.000713006120130807,2.2909345867523294,10.703320367694353,0.000713006120130807,2.0163355115403943,6.279631114645122
2020-07-27 00:00:00+00:00,21.0,12.822058572798444,11.416438659435666,0.000713006120130807,2.1657988212384556,11.013156151478006,0.000713006120130807,1.8081894152003068,8.177941427201556
2020-07-28 00:00:00+00:00,12.0,13.445040641199537,11.346017713785523,0.000713006120130807,1.9646994639554423,11.416438659435666,0.000713006120130807,2.027888975643738,-1.4450406411995367
2020-07-29 00:00:00+00:00,10.0,13.068474222193231,11.19568119845508,0.000713006120130807,1.5875636168225147,11.346017713785523,0.000713006120130807,1.7217435022875769,-3.068474222193231
2020-07-30 00:00:00+00:00,1.0,11.430038204816976,10.682962392714416,0.000713006120130807,-0.2224463007933396,11.19568119845508,0.000713006120130807,0.23364400024176357,-10.430038204816976
2020-07-31 00:00:00+00:00,0.0,2.5396782254015893,10.558656528605564,0.000713006120130807,-8.25505358412,10.682962392714416,0.000713006120130807,-8.143997173432957,-2.5396782254015893
2020-08-01 00:00:00+00:00,1.0,2.230266983655749,10.49880808767374,0.000713006120130807,-8.38290032514425,10.558656528605564,0.000713006120130807,-8.329102551069946,-1.2302669836557492
2020-08-02 00:00:00+00:00,0.0,12.790455680546202,9.869894748652092,0.000713006120130807,1.7316266851741464,10.49880808767374,0.000713006120130807,2.2909345867523294,-12.790455680546202
2020-08-03 00:00:00+00:00,5.0,12.036406576010679,9.524231748628555,0.000713006120130807,1.8581070630264918,9.869894748652092,0.000713006120130807,2.1657988212384556,-7.036406576010679
2020-08-04 00:00:00+00:00,12.0,11.489644218704129,9.550067663058204,0.000713006120130807,1.9870165751064577,9.524231748628555,0.000713006120130807,1.9646994639554423,0.5103557812958712
2020-08-05 00:00:00+00:00,12.0,11.13834428600085,9.593196760639485,0.000713006120130807,1.6252425597246596,9.550067663058204,0.000713006120130807,1.5875636168225147,0.8616557139991503
2020-08-06 00:00:00+00:00,15.0,9.371463465966276,9.870981590855042,0.000713006120130807,0.023681361616269492,9.593196760639485,0.000713006120130807,-0.2224463007933396,5.628536534033724
2020-08-07 00:00:00+00:00,2.0,1.6166410128551725,9.890565927597143,0.000713006120130807,-8.23828985685286,9.870981590855042,0.000713006120130807,-8.25505358412,0.3833589871448275
2020-08-08 00:00:00+00:00,0.0,1.5083786085730235,9.817027090458057,0.000713006120130807,-8.448859513418485,9.890565927597143,0.000713006120130807,-8.38290032514425,-1.5083786085730235
2020-08-09 00:00:00+00:00,13.0,11.549366781752335,9.88914935002142,0.000713006120130807,1.7950607520691784,9.817027090458057,0.000713006120130807,1.7316266851741464,1.4506332182476651
2020-08-10 00:00:00+00:00,21.0,11.747969419168042,10.345305253974294,0.000713006120130807,2.262684815277561,9.88914935002142,0.000713006120130807,1.8581070630264918,9.252030580831958
2020-08-11 00:00:00+00:00,14.0,12.333034835200882,10.428076727001706,0.000713006120130807,2.0599105213124393,10.345305253974294,0.000713006120130807,1.9870165751064577,1.6669651647991177
2020-08-12 00:00:00+00:00,31.0,12.054032292846497,11.361428936959793,0.000713006120130807,2.453721990506248,10.428076727001706,0.000713006120130807,1.6252425597246596,18.945967707153503
2020-08-13 00:00:00+00:00,29.0,11.385823304696194,12.22922205127448,0.000713006120130807,0.7939235212026434,11.361428936959793,0.000713006120130807,0.023681361616269492,17.614176695303804
2020-08-14 00:00:00+00:00,1.0,3.9916452005417504,12.08266754162948,0.000713006120130807,-8.369110121679421,12.22922205127448,0.000713006120130807,-8.23828985685286,-2.9916452005417504
2020-08-15 00:00:00+00:00,3.0,3.634521034331126,12.052145447942406,0.000713006120130807,-8.476606189305782,12.08266754162948,0.000713006120130807,-8.448859513418485,-0.6345210343311258
2020-08-16 00:00:00+00:00,9.0,13.847919206131715,11.814213504458287,0.000713006120130807,1.5830683425785488,12.052145447942406,0.000713006120130807,1.7950607520691784,-4.847919206131715
2020-08-17 00:00:00+00:00,6.0,14.07761132585598,11.417295884774369,0.000713006120130807,1.9094626976871625,11.814213504458287,0.000713006120130807,2.262684815277561,-8.07761132585598
2020-08-18 00:00:00+00:00,11.0,13.477919412206939,11.296030176294309,0.000713006120130807,1.9515547331109886,11.417295884774369,0.000713006120130807,2.0599105213124393,-2.477919412206939
2020-08-19 00:00:00+00:00,11.0,13.750465172920688,11.16134805830641,0.000713006120130807,2.333448175198016,11.296030176294309,0.000713006120130807,2.453721990506248,-2.7504651729206877
2020-08-20 00:00:00+00:00,8.0,11.955984585629185,10.967322723721814,0.000713006120130807,0.6209341068669838,11.16134805830641,0.000713006120130807,0.7939235212026434,-3.955984585629185
2020-08-21 00:00:00+00:00,2.0,2.5989256081625243,10.938552859872523,0.000713006120130807,-8.395300261692363,10.967322723721814,0.000713006120130807,-8.369110121679421,-0.5989256081625243
2020-08-22 00:00:00+00:00,0.0,2.4626596766868722,10.818038331158323,0.000713006120130807,-8.58429469161332,10.938552859872523,0.000713006120130807,-8.476606189305782,-2.4626596766868722
2020-08-23 00:00:00+00:00,15.0,12.401819679857004,10.946650047054609,0.000713006120130807,1.6966829642210872,10.818038331158323,0.000713006120130807,1.5830683425785488,2.598180320142996
2020-08-24 00:00:00+00:00,12.0,12.856825750861903,10.905184722753013,0.000713006120130807,1.8719949620019039,10.946650047054609,0.000713006120130807,1.9094626976871625,-0.856825750861903
2020-08-25 00:00:00+00:00,11.0,12.857452461984133,10.814462284028718,0.000713006120130807,1.8703310562740731,10.905184722753013,0.000713006120130807,1.9515547331109886,-1.857452461984133
2020-08-26 00:00:00+00:00,12.0,13.148623465346866,10.758632848464742,0.000713006120130807,2.283220552652579,10.814462284028718,0.000713006120130807,2.333448175198016,-1.1486234653468657
2020-08-27 00:00:00+00:00,7.0,11.380279961451858,10.543721037791094,0.000713006120130807,0.4293908769185117,10.758632848464742,0.000713006120130807,0.6209341068669838,-4.380279961451858
2020-08-28 00:00:00+00:00,2.0,2.149133782218863,10.537092745009854,0.000713006120130807,-8.401821663655712,10.543721037791094,0.000713006120130807,-8.395300261692363,-0.14913378221886298
2020-08-29 00:00:00+00:00,0.0,1.953511059516666,10.4416417004255,0.000713006120130807,-8.669718870289758,10.537092745009854,0.000713006120130807,-8.58429469161332,-1.953511059516666
2020-08-30 00:00:00+00:00,12.0,12.139037670766719,10.435510401489712,0.000713006120130807,1.6906030504307499,10.4416417004255,0.000713006120130807,1.6966829642210872,-0.1390376707667187
2020-08-31 00:00:00+00:00,12.0,12.308218369611748,10.421050968846822,0.000713006120130807,1.8585170239330053,10.435510401489712,0.000713006120130807,1.8719949620019039,-0.30821836961174753
2020-09-01 00:00:00+00:00,8.0,12.292095031241027,10.210480172808774,0.000713006120130807,1.682644024220259,10.421050968846822,0.000713006120130807,1.8703310562740731,-4.292095031241027
2020-09-02 00:00:00+00:00,14.0,12.494413731581485,10.285307565715126,0.000713006120130807,2.3490576359798654,10.210480172808774,0.000713006120130807,2.283220552652579,1.505586268418515
2020-09-03 00:00:00+00:00,9.0,10.715411448753768,10.201577275375074,0.000713006120130807,0.3543784456409507,10.285307565715126,0.000713006120130807,0.4293908769185117,-1.715411448753768
2020-09-04 00:00:00+00:00,0.0,1.8004686178394937,10.113659938393596,0.000713006120130807,-8.480553520412998,10.201577275375074,0.000713006120130807,-8.401821663655712,-1.8004686178394937
2020-09-05 00:00:00+00:00,0.0,1.444654074223969,10.04325802199136,0.000713006120130807,-8.73289147797015,10.113659938393596,0.000713006120130807,-8.669718870289758,-1.444654074223969
2020-09-06 00:00:00+00:00,18.0,11.734574078542241,10.352394537188188,0.000713006120130807,1.9645809533411212,10.04325802199136,0.000713006120130807,1.6906030504307499,6.265425921457759
2020-09-07 00:00:00+00:00,14.0,12.211624567241325,10.441142584091253,0.000713006120130807,1.9367200634112294,10.352394537188188,0.000713006120130807,1.8585170239330053,1.7883754327586754
2020-09-08 00:00:00+00:00,18.0,12.124499614431643,10.731084522005514,0.000713006120130807,1.9395710543003717,10.441142584091253,0.000713006120130807,1.682644024220259,5.8755003855683565
2020-09-09 00:00:00+00:00,13.0,13.080855164105511,10.72781733048976,0.000713006120130807,2.3455219580261555,10.731084522005514,0.000713006120130807,2.3490576359798654,-0.08085516410551108
2020-09-10 00:00:00+00:00,10.0,11.082908782250842,10.675222783249804,0.000713006120130807,0.3070244299804673,10.72781733048976,0.000713006120130807,0.3543784456409507,-1.0829087822508416
2020-09-11 00:00:00+00:00,1.0,2.195382268956937,10.617091586485483,0.000713006120130807,-8.532825836985033,10.675222783249804,0.000713006120130807,-8.480553520412998,-1.195382268956937
2020-09-12 00:00:00+00:00,1.0,1.8849131146354647,10.574243626206005,0.000713006120130807,-8.771587432953094,10.617091586485483,0.000713006120130807,-8.73289147797015,-0.8849131146354647
2020-09-13 00:00:00+00:00,16.0,12.539537585667258,10.745302267919927,0.000713006120130807,2.1159019085745134,10.574243626206005,0.000713006120130807,1.9645809533411212,3.460462414332742
2020-09-14 00:00:00+00:00,18.0,12.682735337451287,11.00776434688381,0.000713006120130807,2.1692362625853736,10.745302267919927,0.000713006120130807,1.9367200634112294,5.3172646625487126
2020-09-15 00:00:00+00:00,19.0,12.948048407304313,11.306392318463658,0.000713006120130807,2.204214037342147,11.00776434688381,0.000713006120130807,1.9395710543003717,6.051951592695687
2020-09-16 00:00:00+00:00,6.0,13.652627282609945,10.930395075393026,0.000713006120130807,2.010883770466778,11.306392318463658,0.000713006120130807,2.3455219580261555,-7.652627282609945
2020-09-17 00:00:00+00:00,18.0,11.238132511493625,11.263969554118603,0.000713006120130807,0.6027109958233454,10.930395075393026,0.000713006120130807,0.3070244299804673,6.761867488506375
2020-09-18 00:00:00+00:00,2.0,2.731856723253701,11.22865598813384,0.000713006120130807,-8.564828860048667,11.263969554118603,0.000713006120130807,-8.532825836985033,-0.731856723253701
2020-09-19 00:00:00+00:00,3.0,2.4577815613008767,11.256060382141413,0.000713006120130807,-8.747877014441027,11.22865598813384,0.000713006120130807,-8.771587432953094,0.5422184386991233
2020-09-20 00:00:00+00:00,7.0,13.372675296836057,10.9430703931427,0.000713006120130807,1.8372341474928153,11.256060382141413,0.000713006120130807,2.1159019085745134,-6.372675296836057
2020-09-21 00:00:00+00:00,22.0,13.113019661848204,11.38125623755802,0.000713006120130807,2.5578509021605913,10.9430703931427,0.000713006120130807,2.1692362625853736,8.886980338151796
2020-09-22 00:00:00+00:00,25.0,13.586183281020299,11.943828796173975,0.000713006120130807,2.7033235325417664,11.38125623755802,0.000713006120130807,2.204214037342147,11.413816718979701
2020-09-23 00:00:00+00:00,12.0,13.955425572760884,11.848283507255658,0.000713006120130807,1.9253758729290338,11.943828796173975,0.000713006120130807,2.010883770466778,-1.955425572760884
2020-09-24 00:00:00+00:00,13.0,12.451707509199135,11.87598690415418,0.000713006120130807,0.6266870237413602,11.848283507255658,0.000713006120130807,0.6027109958233454,0.5482924908008648
2020-09-25 00:00:00+00:00,3.0,3.311871050225644,11.861347663691905,0.000713006120130807,-8.578466524493258,11.87598690415418,0.000713006120130807,-8.564828860048667,-0.3118710502256441
2020-09-26 00:00:00+00:00,3.0,3.1141836553710096,11.856439835073871,0.000713006120130807,-8.752870098524593,11.861347663691905,0.000713006120130807,-8.747877014441027,-0.1141836553710096
2020-09-27 00:00:00+00:00,23.0,13.694386988686817,12.315233401883356,0.000713006120130807,2.2441549809837102,11.856439835073871,0.000713006120130807,1.8372341474928153,9.305613011313183
2020-09-28 00:00:00+00:00,15.0,14.873797310164079,12.32215889490255,0.000713006120130807,2.5633695610253424,12.315233401883356,0.000713006120130807,2.5578509021605913,0.12620268983592098
2020-09-29 00:00:00+00:00,11.0,15.026195433564448,12.124677342597579,0.000713006120130807,2.5272639006151554,12.32215889490255,0.000713006120130807,2.7033235325417664,-4.026195433564448
2020-09-30 00:00:00+00:00,22.0,14.050766221646743,12.516701427505517,0.000713006120130807,2.2729842283129216,12.124677342597579,0.000713006120130807,1.9253758729290338,7.949233778353257
2020-10-01 00:00:00+00:00,14.0,13.144101457367007,12.559547121050525,0.000713006120130807,0.6641142139682092,12.516701427505517,0.000713006120130807,0.6266870237413602,0.8558985426329926
2020-10-02 00:00:00+00:00,0.0,3.9817936026773975,12.364251304984922,0.000713006120130807,-8.752584529359824,12.559547121050525,0.000713006120130807,-8.578466524493258,-3.9817936026773975
2020-10-03 00:00:00+00:00,2.0,3.6120942125804607,12.285606936165312,0.000713006120130807,-8.823364618321577,12.364251304984922,0.000713006120130807,-8.752870098524593,-1.6120942125804607
2020-10-04 00:00:00+00:00,24.0,14.530474923269153,12.752469281543064,0.000713006120130807,2.6582434491267106,12.285606936165312,0.000713006120130807,2.2441549809837102,9.469525076730847
2020-10-05 00:00:00+00:00,21.0,15.316551848688537,13.032957205515086,0.000713006120130807,2.8118984280674484,12.752469281543064,0.000713006120130807,2.5633695610253424,5.683448151311463
2020-10-06 00:00:00+00:00,20.0,15.560934112250372,13.252188839943228,0.000713006120130807,2.7213777530575505,13.032957205515086,0.000713006120130807,2.5272639006151554,4.439065887749628
2020-10-07 00:00:00+00:00,10.0,15.525886074376281,12.980883120571727,0.000713006120130807,2.031345320223017,13.252188839943228,0.000713006120130807,2.2729842283129216,-5.525886074376281
2020-10-08 00:00:00+00:00,6.0,13.645710340660068,12.60522637271004,0.000713006120130807,0.32977849415384036,12.980883120571727,0.000713006120130807,0.6641142139682092,-7.645710340660068
2020-10-09 00:00:00+00:00,0.0,3.853354849470348,12.416253116588827,0.000713006120130807,-8.921086095584036,12.60522637271004,0.000713006120130807,-8.752584529359824,-3.853354849470348
2020-10-10 00:00:00+00:00,5.0,3.5936015043873812,12.486197866027712,0.000713006120130807,-8.76186487108738,12.416253116588827,0.000713006120130807,-8.823364618321577,1.4063984956126188
2020-10-11 00:00:00+00:00,14.0,15.145154321274553,12.430539203464917,0.000713006120130807,2.6081675271727005,12.486197866027712,0.000713006120130807,2.6582434491267106,-1.1451543212745534
2020-10-12 00:00:00+00:00,13.0,15.243150637652498,12.32083028460737,0.000713006120130807,2.7138087346738504,12.430539203464917,0.000713006120130807,2.8118984280674484,-2.243150637652498
2020-10-13 00:00:00+00:00,14.0,15.042921043785052,12.270204184328925,0.000713006120130807,2.6757723426577993,12.32083028460737,0.000713006120130807,2.7213777530575505,-1.0429210437850518
2020-10-14 00:00:00+00:00,15.0,14.302262510672072,12.305264200144897,0.000713006120130807,2.0618563591379155,12.270204184328925,0.000713006120130807,2.031345320223017,0.6977374893279276
2020-10-15 00:00:00+00:00,9.0,12.63575570041887,12.127002537132256,0.000713006120130807,0.17079222015071144,12.305264200144897,0.000713006120130807,0.32977849415384036,-3.635755700418869
2020-10-16 00:00:00+00:00,0.0,3.2066294476683517,11.969865156230584,0.000713006120130807,-9.06130730679874,12.127002537132256,0.000713006120130807,-8.921086095584036,-3.2066294476683517
2020-10-17 00:00:00+00:00,1.0,3.2087132912633365,11.861851459270126,0.000713006120130807,-8.858448669739937,11.969865156230584,0.000713006120130807,-8.76186487108738,-2.2087132912633365
2020-10-18 00:00:00+00:00,13.0,14.470731992562957,11.790165824381015,0.000713006120130807,2.5438545703016313,11.861851459270126,0.000713006120130807,2.6081675271727005,-1.470731992562957
2020-10-19 00:00:00+00:00,19.0,14.504687565174997,12.01216626617196,0.000713006120130807,2.910382166274445,11.790165824381015,0.000713006120130807,2.7138087346738504,4.495312434825003
2020-10-20 00:00:00+00:00,19.0,14.68865161494989,12.225110845123444,0.000713006120130807,2.8643012956866167,12.01216626617196,0.000713006120130807,2.6757723426577993,4.31134838505011
2020-10-21 00:00:00+00:00,10.0,14.287680210381492,12.01475737422155,0.000713006120130807,1.8743623807369547,12.225110845123444,0.000713006120130807,2.0618563591379155,-4.287680210381492
2020-10-22 00:00:00+00:00,18.0,12.186262600492391,12.30165895109241,0.000713006120130807,0.42501844527190624,12.01475737422155,0.000713006120130807,0.17079222015071144,5.813737399507609
2020-10-23 00:00:00+00:00,0.0,3.2410646504138008,12.142826453817221,0.000713006120130807,-9.203034319016085,12.30165895109241,0.000713006120130807,-9.06130730679874,-3.2410646504138008
2020-10-24 00:00:00+00:00,2.0,3.2850907901974153,12.08027924172339,0.000713006120130807,-8.914643808611807,12.142826453817221,0.000713006120130807,-8.858448669739937,-1.2850907901974153
2020-10-25 00:00:00+00:00,15.0,14.624846818145153,12.099459637329796,0.000713006120130807,2.560259469716806,12.08027924172339,0.000713006120130807,2.5438545703016313,0.3751531818548468
2020-10-26 00:00:00+00:00,17.0,15.010554809724372,12.198105597153704,0.000713006120130807,2.9973776918811104,12.099459637329796,0.000713006120130807,2.910382166274445,1.989445190275628
2020-10-27 00:00:00+00:00,13.0,15.063119898960451,12.097258918926743,0.000713006120130807,2.7740840829295426,12.198105597153704,0.000713006120130807,2.8643012956866167,-2.0631198989604513
2020-10-28 00:00:00+00:00,16.0,13.972334305783829,12.197786331359268,0.000713006120130807,1.9630292330258083,12.097258918926743,0.000713006120130807,1.8743623807369547,2.0276656942161715
2020-10-29 00:00:00+00:00,2.0,12.623517782751305,11.675543248879999,0.000713006120130807,-0.03953243445057503,12.197786331359268,0.000713006120130807,0.42501844527190624,-10.623517782751305
2020-10-30 00:00:00+00:00,3.0,2.4732219359840446,11.702187570930624,0.000713006120130807,-9.179999085484077,11.675543248879999,0.000713006120130807,-9.203034319016085,0.5267780640159554
2020-10-31 00:00:00+00:00,1.0,2.7882567684389485,11.614871377668925,0.000713006120130807,-8.992841659073056,11.702187570930624,0.000713006120130807,-8.914643808611807,-1.7882567684389485
2020-11-01 00:00:00+00:00,16.0,14.175843853505862,11.705380775424414,0.000713006120130807,2.6400271474234236,11.614871377668925,0.000713006120130807,2.560259469716806,1.824156146494138
2020-11-02 00:00:00+00:00,28.0,14.703471473425656,12.36063220209462,0.000713006120130807,3.578815418121304,11.705380775424414,0.000713006120130807,2.9973776918811104,13.296528526574344
2020-11-03 00:00:00+00:00,8.0,15.135429291144295,12.010094683776131,0.000713006120130807,2.462062206354853,12.36063220209462,0.000713006120130807,2.7740840829295426,-7.135429291144295
2020-11-04 00:00:00+00:00,11.0,13.973836922922072,11.864416809102629,0.000713006120130807,1.832987698108091,12.010094683776131,0.000713006120130807,1.9630292330258083,-2.9738369229220716
2020-11-05 00:00:00+00:00,16.0,11.825597380772185,12.070620059662781,0.000713006120130807,0.14300808072855867,11.864416809102629,0.000713006120130807,-0.03953243445057503,4.1744026192278145
2020-11-06 00:00:00+00:00,1.0,2.8913339802988354,11.978229760380804,0.000713006120130807,-9.262704351514074,12.070620059662781,0.000713006120130807,-9.179999085484077,-1.8913339802988354
2020-11-07 00:00:00+00:00,1.0,2.9861011074278796,11.88117442950151,0.000713006120130807,-9.079690952832554,11.978229760380804,0.000713006120130807,-8.992841659073056,-1.9861011074278796
2020-11-08 00:00:00+00:00,16.0,14.521914583045064,11.954648058239659,0.000713006120130807,2.70466165877768,11.88117442950151,0.000713006120130807,2.6400271474234236,1.4780854169549364
2020-11-09 00:00:00+00:00,15.0,15.534176482481094,11.929065551930409,0.000713006120130807,3.5554566625811606,11.954648058239659,0.000713006120130807,3.578815418121304,-0.5341764824810937
2020-11-10 00:00:00+00:00,6.0,14.391840764405393,11.51667959101837,0.000713006120130807,2.095099295451166,11.929065551930409,0.000713006120130807,2.462062206354853,-8.391840764405393
2020-11-11 00:00:00+00:00,13.0,13.350380295246593,11.500144684302889,0.000713006120130807,1.8176660807565859,11.51667959101837,0.000713006120130807,1.832987698108091,-0.35038029524659287
2020-11-12 00:00:00+00:00,9.0,11.643865771151578,11.370710056584805,0.000713006120130807,0.027395701197290317,11.500144684302889,0.000713006120130807,0.14300808072855867,-2.643865771151578
2020-11-13 00:00:00+00:00,1.0,2.1087187111908623,11.316844982974818,0.000713006120130807,-9.311186997581157,11.370710056584805,0.000713006120130807,-9.262704351514074,-1.1087187111908623
2020-11-14 00:00:00+00:00,0.0,2.2378670362623954,11.207396156072985,0.000713006120130807,-9.177549602072599,11.316844982974818,0.000713006120130807,-9.079690952832554,-2.2378670362623954
2020-11-15 00:00:00+00:00,15.0,13.912770820970795,11.26162939254463,0.000713006120130807,2.7522045990641852,11.207396156072985,0.000713006120130807,2.70466165877768,1.0872291790292046
2020-11-16 00:00:00+00:00,10.0,14.817799061245923,11.02518015125762,0.000713006120130807,3.3447813629302474,11.26162939254463,0.000713006120130807,3.5554566625811606,-4.817799061245923
2020-11-17 00:00:00+00:00,10.0,13.120992452828919,10.872258359652871,0.000713006120130807,1.9586228646475259,11.02518015125762,0.000713006120130807,2.095099295451166,-3.1209924528289186
2020-11-18 00:00:00+00:00,11.0,12.690637446529589,10.789747600881086,0.000713006120130807,1.7437369803269456,10.872258359652871,0.000713006120130807,1.8176660807565859,-1.690637446529589
2020-11-19 00:00:00+00:00,12.0,10.817856308198508,10.8486531241946,0.000713006120130807,0.0790891141717016,10.789747600881086,0.000713006120130807,0.027395701197290317,1.1821436918014925
2020-11-20 00:00:00+00:00,0.0,1.5381791327335748,10.773647318592532,0.000713006120130807,-9.37844931914872,10.8486531241946,0.000713006120130807,-9.311186997581157,-1.5381791327335748
2020-11-21 00:00:00+00:00,2.0,1.5968107226400647,10.794207826431512,0.000713006120130807,-9.159918725246062,10.773647318592532,0.000713006120130807,-9.177549602072599,0.40318927735993526
2020-11-22 00:00:00+00:00,13.0,13.547125431615829,10.767987891736537,0.000713006120130807,2.728279604935748,10.794207826431512,0.000713006120130807,2.7522045990641852,-0.5471254316158287
2020-11-23 00:00:00+00:00,16.0,14.113482260786915,10.861567117704682,0.000713006120130807,3.4272760217885807,10.767987891736537,0.000713006120130807,3.3447813629302474,1.886517739213085
2020-11-24 00:00:00+00:00,14.0,12.820902988472339,10.920322664331398,0.000713006120130807,2.0101830507539273,10.861567117704682,0.000713006120130807,1.9586228646475259,1.179097011527661
2020-11-25 00:00:00+00:00,12.0,12.664772650778474,10.888311396593448,0.000713006120130807,1.7146674455410202,10.920322664331398,0.000713006120130807,1.7437369803269456,-0.6647726507784739
2020-11-26 00:00:00+00:00,14.0,10.96811351688528,11.038272846469319,0.000713006120130807,0.2116690713716109,10.888311396593448,0.000713006120130807,0.0790891141717016,3.03188648311472
2020-11-27 00:00:00+00:00,2.0,1.6605365334407303,11.055696370736504,0.000713006120130807,-9.363605078733384,11.038272846469319,0.000713006120130807,-9.37844931914872,0.33946346655926973
2020-11-28 00:00:00+00:00,0.0,1.8964906516105735,10.96305222779233,0.000713006120130807,-9.242849484963113,11.055696370736504,0.000713006120130807,-9.159918725246062,-1.8964906516105735
2020-11-29 00:00:00+00:00,19.0,13.69204483884821,11.22505603478483,0.000713006120130807,2.9603887132429914,10.96305222779233,0.000713006120130807,2.728279604935748,5.30795516115179
2020-11-30 00:00:00+00:00,8.0,14.653045062693542,10.898264489737286,0.000713006120130807,3.136348101309573,11.22505603478483,0.000713006120130807,3.4272760217885807,-6.653045062693542
2020-12-01 00:00:00+00:00,16.0,12.909160546611345,11.051127974078224,0.000713006120130807,2.1453409350362835,10.898264489737286,0.000713006120130807,2.0101830507539273,3.0908394533886554
2020-12-02 00:00:00+00:00,11.0,12.766508425739374,10.964882370470939,0.000713006120130807,1.6374206182662725,11.051127974078224,0.000713006120130807,1.7146674455410202,-1.7665084257393744
2020-12-03 00:00:00+00:00,14.0,11.177264447962681,11.104548101444665,0.000713006120130807,0.3351031645541853,10.964882370470939,0.000713006120130807,0.2116690713716109,2.8227355520373187
2020-12-04 00:00:00+00:00,1.0,1.7416560288314127,11.068752152258716,0.000713006120130807,-9.396036611083668,11.104548101444665,0.000713006120130807,-9.363605078733384,-0.7416560288314127
2020-12-05 00:00:00+00:00,2.0,1.8266156734157342,11.078000220973856,0.000713006120130807,-9.23526764219766,11.068752152258716,0.000713006120130807,-9.242849484963113,0.17338432658426584
2020-12-06 00:00:00+00:00,16.0,14.039101940336979,11.175240912216188,0.000713006120130807,3.0461359146212006,11.078000220973856,0.000713006120130807,2.9603887132429914,1.9608980596630214
2020-12-07 00:00:00+00:00,8.0,14.312302019645891,10.865222874085438,0.000713006120130807,2.860320375252427,11.175240912216188,0.000713006120130807,3.136348101309573,-6.312302019645891
2020-12-08 00:00:00+00:00,11.0,13.011276815241853,10.766928237172554,0.000713006120130807,2.057390744431524,10.865222874085438,0.000713006120130807,2.1453409350362835,-2.011276815241853
2020-12-09 00:00:00+00:00,16.0,12.405061861558957,10.944606616352855,0.000713006120130807,1.7946220000413569,10.766928237172554,0.000713006120130807,1.6374206182662725,3.5949381384410426
2020-12-10 00:00:00+00:00,13.0,11.280422787027172,11.029967983941447,0.000713006120130807,0.4102977586023327,10.944606616352855,0.000713006120130807,0.3351031645541853,1.719577212972828
2020-12-11 00:00:00+00:00,0.0,1.6346443789779102,10.95021355468257,0.000713006120130807,-9.467517216643584,11.029967983941447,0.000713006120130807,-9.396036611083668,-1.6346443789779102
2020-12-12 00:00:00+00:00,1.0,1.7156589186050404,10.915697346102029,0.000713006120130807,-9.266562358977728,10.95021355468257,0.000713006120130807,-9.23526764219766,-0.7156589186050404
2020-12-13 00:00:00+00:00,18.0,13.962546266843361,11.115159114672654,0.000713006120130807,3.222687855506735,10.915697346102029,0.000713006120130807,3.0461359146212006,4.037453733156639
2020-12-14 00:00:00+00:00,21.0,13.976192496045211,11.461627921692102,0.000713006120130807,3.167461194488532,11.115159114672654,0.000713006120130807,2.860320375252427,7.023807503954789
2020-12-15 00:00:00+00:00,17.0,13.519731672243758,11.633661534524526,0.000713006120130807,2.209577783262906,11.461627921692102,0.000713006120130807,2.057390744431524,3.4802683277562423
2020-12-16 00:00:00+00:00,13.0,13.428996540686015,11.61325664377399,0.000713006120130807,1.775862609371614,11.633661534524526,0.000713006120130807,1.7946220000413569,-0.4289965406860148
2020-12-17 00:00:00+00:00,10.0,12.024267408496454,11.51432252849095,0.000713006120130807,0.3217795083728843,11.61325664377399,0.000713006120130807,0.4102977586023327,-2.0242674084964545
2020-12-18 00:00:00+00:00,0.0,2.047518317967498,11.414243857805266,0.000713006120130807,-9.55705219510468,11.51432252849095,0.000713006120130807,-9.467517216643584,-2.047518317967498
2020-12-19 00:00:00+00:00,2.0,2.148394504947669,11.407651956881981,0.000713006120130807,-9.273051433428316,11.414243857805266,0.000713006120130807,-9.266562358977728,-0.14839450494766915
2020-12-20 00:00:00+00:00,15.0,14.631052818508847,11.426526854277492,0.000713006120130807,3.238821375611641,11.407651956881981,0.000713006120130807,3.222687855506735,0.36894718149115313
2020-12-21 00:00:00+00:00,15.0,14.594701054886155,11.447191213177804,0.000713006120130807,3.185184323997378,11.426526854277492,0.000713006120130807,3.167461194488532,0.4052989451138451
2020-12-22 00:00:00+00:00,9.0,13.657482002560842,11.218633781709368,0.000713006120130807,2.0059129138828014,11.447191213177804,0.000713006120130807,2.209577783262906,-4.657482002560842
2020-12-23 00:00:00+00:00,10.0,12.995209397201114,11.071903819979466,0.000713006120130807,1.6448864874431521,11.218633781709368,0.000713006120130807,1.775862609371614,-2.995209397201114
2020-12-24 00:00:00+00:00,16.0,11.394396334472482,11.29933348698512,0.000713006120130807,0.5231758140248329,11.071903819979466,0.000713006120130807,0.3217795083728843,4.605603665527518
2020-12-25 00:00:00+00:00,0.0,1.7429942980005713,11.214245396032359,0.000713006120130807,-9.633270783998285,11.29933348698512,0.000713006120130807,-9.55705219510468,-1.7429942980005713
2020-12-26 00:00:00+00:00,0.0,1.9419069687241741,11.119365577482233,0.000713006120130807,-9.357968182202882,11.214245396032359,0.000713006120130807,-9.273051433428316,-1.9419069687241741
2020-12-27 00:00:00+00:00,20.0,14.358899959214005,11.397768862195125,0.000713006120130807,3.48549842177845,11.119365577482233,0.000713006120130807,3.238821375611641,5.641100040785995
2020-12-28 00:00:00+00:00,9.0,14.583666192312634,11.123618843497098,0.000713006120130807,2.9410187759406834,11.397768862195125,0.000713006120130807,3.185184323997378,-5.583666192312634
2020-12-29 00:00:00+00:00,6.0,13.13024476350003,10.773336540103978,0.000713006120130807,1.694117749111805,11.123618843497098,0.000713006120130807,2.0059129138828014,-7.130244763500031
2020-12-30 00:00:00+00:00,17.0,12.418936033667261,10.999558209404093,0.000713006120130807,1.8452097079756342,10.773336540103978,0.000713006120130807,1.6448864874431521,4.581063966332739
2020-12-31 00:00:00+00:00,8.0,11.523447029549057,10.826825082647987,0.000713006120130807,0.3691006337780249,10.999558209404093,0.000713006120130807,0.5231758140248329,-3.5234470295490574
2021-01-01 00:00:00+00:00,0.0,1.1942673047698342,10.768748771404843,0.000713006120130807,-9.685494344818734,10.826825082647987,0.000713006120130807,-9.633270783998285,-1.1942673047698342
2021-01-02 00:00:00+00:00,4.0,1.4114935953220922,10.8968842765867,0.000713006120130807,-9.24477658672094,10.768748771404843,0.000713006120130807,-9.357968182202882,2.588506404677908
2021-01-03 00:00:00+00:00,11.0,14.383095704485282,10.73106012117945,0.000713006120130807,3.337560599501189,10.8968842765867,0.000713006120130807,3.48549842177845,-3.3830957044852816
2021-01-04 00:00:00+00:00,13.0,13.672791903240265,10.698654095604532,0.000713006120130807,2.9115985709848555,10.73106012117945,0.000713006120130807,2.9410187759406834,-0.6727919032402649
2021-01-05 00:00:00+00:00,21.0,12.393484850836469,11.123033686646819,0.000713006120130807,2.0704680565759044,10.698654095604532,0.000713006120130807,1.694117749111805,8.606515149163531
2021-01-06 00:00:00+00:00,12.0,12.968956400742584,11.076048589396857,0.000713006120130807,1.8028386631312852,11.123033686646819,0.000713006120130807,1.8452097079756342,-0.9689564007425844
2021-01-07 00:00:00+00:00,13.0,11.445862229295013,11.153265991361467,0.000713006120130807,0.437060803220501,11.076048589396857,0.000713006120130807,0.3691006337780249,1.5541377707049868
2021-01-08 00:00:00+00:00,0.0,1.4684846526628643,11.08169098461907,0.000713006120130807,-9.749709028806096,11.153265991361467,0.000713006120130807,-9.685494344818734,-1.4684846526628643
2021-01-09 00:00:00+00:00,3.0,1.8376274040182619,11.139623250754628,0.000713006120130807,-9.19394773482168,11.08169098461907,0.000713006120130807,-9.24477658672094,1.1623725959817381
2021-01-10 00:00:00+00:00,14.0,14.47789685637595,11.116811180165227,0.000713006120130807,3.3166628696167892,11.139623250754628,0.000713006120130807,3.337560599501189,-0.47789685637594914
2021-01-11 00:00:00+00:00,15.0,14.029122757270214,11.165316845529784,0.000713006120130807,2.954053611437177,11.116811180165227,0.000713006120130807,2.9115985709848555,0.9708772427297863
2021-01-12 00:00:00+00:00,10.0,13.23649790822582,11.006709151910137,0.000713006120130807,1.9289407413086925,11.165316845529784,0.000713006120130807,2.0704680565759044,-3.23649790822582
2021-01-13 00:00:00+00:00,19.0,12.810260821161553,11.312119891550465,0.000713006120130807,2.0735068955929266,11.006709151910137,0.000713006120130807,1.8028386631312852,6.1897391788384475
2021-01-14 00:00:00+00:00,21.0,11.749893700891096,11.76818107030366,0.000713006120130807,0.8415544094489853,11.312119891550465,0.000713006120130807,0.437060803220501,9.250106299108904
2021-01-15 00:00:00+00:00,0.0,2.019185047617695,11.669497140657842,0.000713006120130807,-9.838005034834936,11.76818107030366,0.000713006120130807,-9.749709028806096,-2.019185047617695
2021-01-16 00:00:00+00:00,2.0,2.4762624119562933,11.646765527660568,0.000713006120130807,-9.21477399284445,11.669497140657842,0.000713006120130807,-9.19394773482168,-0.47626241195629326
2021-01-17 00:00:00+00:00,15.0,14.964141403397488,11.649243718515681,0.000713006120130807,3.318230913548937,11.646765527660568,0.000713006120130807,3.3166628696167892,0.03585859660251245
2021-01-18 00:00:00+00:00,29.0,14.604010336072989,12.358617509144324,0.000713006120130807,3.583569163593673,11.649243718515681,0.000713006120130807,2.954053611437177,14.395989663927011
2021-01-19 00:00:00+00:00,17.0,14.288271256573147,12.492818789676493,0.000713006120130807,2.04752066926561,12.358617509144324,0.000713006120130807,1.9289407413086925,2.7117287434268533
2021-01-20 00:00:00+00:00,21.0,14.56703869138955,12.810202446033061,0.000713006120130807,2.354810875710303,12.492818789676493,0.000713006120130807,2.0735068955929266,6.43296130861045
2021-01-21 00:00:00+00:00,10.0,13.652469861602178,12.631118007313223,0.000713006120130807,0.6818372496469796,12.810202446033061,0.000713006120130807,0.8415544094489853,-3.652469861602178
2021-01-22 00:00:00+00:00,1.0,2.7938259785984183,12.543527662643191,0.000713006120130807,-9.916446418703087,12.631118007313223,0.000713006120130807,-9.838005034834936,-1.7938259785984183
2021-01-23 00:00:00+00:00,1.0,3.329466675918873,12.42956972771787,0.000713006120130807,-9.316638160224048,12.543527662643191,0.000713006120130807,-9.21477399284445,-2.329466675918873
2021-01-24 00:00:00+00:00,21.0,15.74851364738694,12.688793786246146,0.000713006120130807,3.5478707235295808,12.42956972771787,0.000713006120130807,3.318230913548937,5.25148635261306
2021-01-25 00:00:00+00:00,29.0,16.27307595595995,13.316005712411306,0.000713006120130807,4.14009891971828,12.688793786246146,0.000713006120130807,3.583569163593673,12.72692404404005
2021-01-26 00:00:00+00:00,19.0,15.364239387797047,13.495693629452987,0.000713006120130807,2.206507158053866,13.316005712411306,0.000713006120130807,2.04752066926561,3.6357606122029527
2021-01-27 00:00:00+00:00,19.0,15.851217511283421,13.651409432934939,0.000713006120130807,2.49250252409847,13.495693629452987,0.000713006120130807,2.354810875710303,3.148782488716579
2021-01-28 00:00:00+00:00,11.0,14.33395968870205,13.48800406000152,0.000713006120130807,0.5360480734043889,13.651409432934939,0.000713006120130807,0.6818372496469796,-3.33395968870205
2021-01-29 00:00:00+00:00,2.0,3.5722706474185646,13.411320056505058,0.000713006120130807,-9.985199512297568,13.48800406000152,0.000713006120130807,-9.916446418703087,-1.5722706474185646
2021-01-30 00:00:00+00:00,2.0,4.095394902401141,13.308884600445364,0.000713006120130807,-9.408266711630715,13.411320056505058,0.000713006120130807,-9.316638160224048,-2.095394902401141
2021-01-31 00:00:00+00:00,22.0,16.857468330095074,13.56274522702305,0.000713006120130807,3.7727461047459476,13.308884600445364,0.000713006120130807,3.5478707235295808,5.142531669904926
2021-02-01 00:00:00+00:00,20.0,17.703557152861464,13.67650353448221,0.000713006120130807,4.240519003412471,13.56274522702305,0.000713006120130807,4.14009891971828,2.296442847138536
2021-02-02 00:00:00+00:00,27.0,15.883723698656208,14.224429290015692,0.000713006120130807,2.692605646391881,13.67650353448221,0.000713006120130807,2.206507158053866,11.116276301343792
2021-02-03 00:00:00+00:00,20.0,16.717644820234295,14.386720378020458,0.000713006120130807,2.6360351107146993,14.224429290015692,0.000713006120130807,2.49250252409847,3.2823551797657053
2021-02-04 00:00:00+00:00,20.0,14.923481457544979,14.637331424973638,0.000713006120130807,0.758036797201132,14.386720378020458,0.000713006120130807,0.5360480734043889,5.076518542455021
2021-02-05 00:00:00+00:00,0.0,4.652844918796202,14.40900225981375,0.000713006120130807,-10.188661608793373,14.637331424973638,0.000713006120130807,-9.985199512297568,-4.652844918796202
2021-02-06 00:00:00+00:00,2.0,5.001448554303167,14.261965167690605,0.000713006120130807,-9.539515662765073,14.40900225981375,0.000713006120130807,-9.408266711630715,-3.001448554303167
2021-02-07 00:00:00+00:00,21.0,18.035424278556683,14.408613160257499,0.000713006120130807,3.902382660881474,14.261965167690605,0.000713006120130807,3.7727461047459476,2.9645757214433175
2021-02-08 00:00:00+00:00,13.0,18.6498451697901,14.13120539775776,0.000713006120130807,3.9934595455572532,14.408613160257499,0.000713006120130807,4.240519003412471,-5.649845169790101
2021-02-09 00:00:00+00:00,12.0,16.824524050269773,13.894425110387175,0.000713006120130807,2.4816362728163934,14.13120539775776,0.000713006120130807,2.692605646391881,-4.824524050269773
2021-02-10 00:00:00+00:00,20.0,16.531173227222006,14.065895498216236,0.000713006120130807,2.787721827097413,13.894425110387175,0.000713006120130807,2.6360351107146993,3.4688267727779944
2021-02-11 00:00:00+00:00,15.0,14.8246453015375,14.07524056097719,0.000713006120130807,0.7657048014441794,14.065895498216236,0.000713006120130807,0.758036797201132,0.17535469846250074
2021-02-12 00:00:00+00:00,1.0,3.8872919583039476,13.933822971560435,0.000713006120130807,-10.314918659110878,14.07524056097719,0.000713006120130807,-10.188661608793373,-2.8872919583039476
2021-02-13 00:00:00+00:00,1.0,4.395020314915493,13.767411812134725,0.000713006120130807,-9.68797493079872,13.933822971560435,0.000713006120130807,-9.539515662765073,-3.3950203149154934
2021-02-14 00:00:00+00:00,15.0,17.67050747913633,13.63666571267195,0.000713006120130807,3.7856052784637115,13.767411812134725,0.000713006120130807,3.902382660881474,-2.6705074791363295
2021-02-15 00:00:00+00:00,17.0,17.630838264349336,13.606324907991427,0.000713006120130807,3.9658739118096538,13.63666571267195,0.000713006120130807,3.9934595455572532,-0.630838264349336
2021-02-16 00:00:00+00:00,11.0,16.088674186927953,13.356541496317321,0.000713006120130807,2.2591160004828126,13.606324907991427,0.000713006120130807,2.4816362728163934,-5.088674186927953
2021-02-17 00:00:00+00:00,13.0,16.144976329534867,13.202439068071484,0.000713006120130807,2.6501966164780146,13.356541496317321,0.000713006120130807,2.787721827097413,-3.1449763295348667
2021-02-18 00:00:00+00:00,10.0,13.968856875635796,13.007780078743627,0.000713006120130807,0.592152500711669,13.202439068071484,0.000713006120130807,0.7657048014441794,-3.9688568756357956
2021-02-19 00:00:00+00:00,1.0,2.69357442575288,12.925124743457891,0.000713006120130807,-10.388976189342191,13.007780078743627,0.000713006120130807,-10.314918659110878,-1.69357442575288
2021-02-20 00:00:00+00:00,11.0,3.237862818779302,13.307938761923849,0.000713006120130807,-9.348548035696487,12.925124743457891,0.000713006120130807,-9.68797493079872,7.762137181220698
2021-02-21 00:00:00+00:00,27.0,17.094257046507693,13.79627448356673,0.000713006120130807,4.218768915730939,13.307938761923849,0.000713006120130807,3.7856052784637115,9.905742953492307
2021-02-22 00:00:00+00:00,18.0,17.762861401496515,13.80866093688819,0.000713006120130807,3.9762436355493564,13.79627448356673,0.000713006120130807,3.9658739118096538,0.23713859850348484
2021-02-23 00:00:00+00:00,12.0,16.068489943491134,13.609097383881304,0.000713006120130807,2.0812068915566178,13.80866093688819,0.000713006120130807,2.2591160004828126,-4.068489943491134
2021-02-24 00:00:00+00:00,9.0,16.260007006479448,13.252427370087155,0.000713006120130807,2.332727138794517,13.609097383881304,0.000713006120130807,2.6501966164780146,-7.260007006479448
2021-02-25 00:00:00+00:00,2.0,13.845292876918954,12.670040864547826,0.000713006120130807,0.0741751848100029,13.252427370087155,0.000713006120130807,0.592152500711669,-11.845292876918954
2021-02-26 00:00:00+00:00,1.0,2.2817776813257655,12.607656744425228,0.000713006120130807,-10.445026450813522,12.670040864547826,0.000713006120130807,-10.388976189342191,-1.2817776813257655
2021-02-27 00:00:00+00:00,0.0,3.259821714848872,12.447900906948501,0.000713006120130807,-9.49109526688108,12.607656744425228,0.000713006120130807,-9.348548035696487,-3.259821714848872
2021-02-28 00:00:00+00:00,19.0,16.66738282879957,12.563439941225838,0.000713006120130807,4.320770849656848,12.447900906948501,0.000713006120130807,4.218768915730939,2.332617171200429
2021-03-01 00:00:00+00:00,14.0,16.540396582895326,12.439098715061514,0.000713006120130807,3.8651558121407934,12.563439941225838,0.000713006120130807,3.9762436355493564,-2.540396582895326
2021-03-02 00:00:00+00:00,24.0,14.521018612738263,12.906426559275804,0.000713006120130807,2.495708870315018,12.439098715061514,0.000713006120130807,2.0812068915566178,9.478981387261737
2021-03-03 00:00:00+00:00,22.0,15.239866704190453,13.23991567017425,0.000713006120130807,2.6283378709296352,12.906426559275804,0.000713006120130807,2.332727138794517,6.760133295809547
2021-03-04 00:00:00+00:00,13.0,13.314803861104384,13.225132058390054,0.000713006120130807,0.06040927283934476,13.23991567017425,0.000713006120130807,0.0741751848100029,-0.31480386110438374
2021-03-05 00:00:00+00:00,0.0,2.7808186136966633,13.088955753920017,0.000713006120130807,-10.5666275776492,13.225132058390054,0.000713006120130807,-10.445026450813522,-2.7808186136966633
2021-03-06 00:00:00+00:00,2.0,3.5985734931590674,13.01097695960108,0.000713006120130807,-9.560998545412211,13.088955753920017,0.000713006120130807,-9.49109526688108,-1.5985734931590674
2021-03-07 00:00:00+00:00,15.0,17.33246081537806,12.89687163437696,0.000713006120130807,4.218775752942145,13.01097695960108,0.000713006120130807,4.320770849656848,-2.3324608153780595
2021-03-08 00:00:00+00:00,9.0,16.762740452637885,12.515453931353356,0.000713006120130807,3.525702536862679,12.89687163437696,0.000713006120130807,3.8651558121407934,-7.762740452637885
2021-03-09 00:00:00+00:00,12.0,15.011875807788506,12.367903544499685,0.000713006120130807,2.364003950651331,12.515453931353356,0.000713006120130807,2.495708870315018,-3.011875807788506
2021-03-10 00:00:00+00:00,8.0,14.99695442154945,12.024182626638174,0.000713006120130807,2.3223712976739828,12.367903544499685,0.000713006120130807,2.6283378709296352,-6.99695442154945
2021-03-11 00:00:00+00:00,10.0,12.08530490559765,11.922243863422626,0.000713006120130807,-0.03077805777894216,12.024182626638174,0.000713006120130807,0.06040927283934476,-2.085304905597649
2021-03-12 00:00:00+00:00,0.0,1.356329291893557,11.856189846053315,0.000713006120130807,-10.625937871906489,11.922243863422626,0.000713006120130807,-10.5666275776492,-1.356329291893557
2021-03-13 00:00:00+00:00,1.0,2.2959043067612352,11.79311032494077,0.000713006120130807,-9.617666543532337,11.856189846053315,0.000713006120130807,-9.560998545412211,-1.2959043067612352
2021-03-14 00:00:00+00:00,12.0,16.012599084003046,11.596298070125695,0.000713006120130807,4.0433106694766865,11.79311032494077,0.000713006120130807,4.218775752942145,-4.012599084003046
2021-03-15 00:00:00+00:00,15.0,15.122713613108505,11.59097034355808,0.000713006120130807,3.520336450215181,11.596298070125695,0.000713006120130807,3.525702536862679,-0.12271361310850537
2021-03-16 00:00:00+00:00,12.0,13.955687300329542,11.495412170769432,0.000713006120130807,2.27848460815018,11.59097034355808,0.000713006120130807,2.364003950651331,-1.9556873003295419
2021-03-17 00:00:00+00:00,19.0,13.818496474563545,11.751191236187342,0.000713006120130807,2.5489508610776275,11.495412170769432,0.000713006120130807,2.3223712976739828,5.1815035254364545
2021-03-18 00:00:00+00:00,6.0,11.721126184528531,11.47027457565389,0.000713006120130807,-0.2809545300526808,11.751191236187342,0.000713006120130807,-0.03077805777894216,-5.721126184528531
2021-03-19 00:00:00+00:00,0.0,0.8450497098675331,11.429388941852517,0.000713006120130807,-10.662890658559284,11.47027457565389,0.000713006120130807,-10.625937871906489,-0.8450497098675331
2021-03-20 00:00:00+00:00,2.0,1.8124354044403113,11.43933505222865,0.000713006120130807,-9.609464618364619,11.429388941852517,0.000713006120130807,-9.617666543532337,0.18756459555968874
2021-03-21 00:00:00+00:00,13.0,15.483358727825468,11.317801586563194,0.000713006120130807,3.9347170279664403,11.43933505222865,0.000713006120130807,4.0433106694766865,-2.4833587278254683
2021-03-22 00:00:00+00:00,14.0,14.838851042898506,11.277221089977095,0.000713006120130807,3.4836547221940415,11.317801586563194,0.000713006120130807,3.520336450215181,-0.8388510428985061
2021-03-23 00:00:00+00:00,11.0,13.556418704247406,11.152091154640848,0.000713006120130807,2.1666961608314077,11.277221089977095,0.000713006120130807,2.27848460815018,-2.556418704247406
2021-03-24 00:00:00+00:00,19.0,13.701755021838608,11.413616965604152,0.000713006120130807,2.7806353572984883,11.152091154640848,0.000713006120130807,2.5489508610776275,5.298244978161392
2021-03-25 00:00:00+00:00,23.0,11.133375441671603,11.998479562359583,0.000713006120130807,0.23795558904726372,11.413616965604152,0.000713006120130807,-0.2809545300526808,11.866624558328397
2021-03-26 00:00:00+00:00,0.0,1.3363019099204294,11.933411418178018,0.000713006120130807,-10.72132518472314,11.998479562359583,0.000713006120130807,-10.662890658559284,-1.3363019099204294
2021-03-27 00:00:00+00:00,2.0,2.32465980593353,11.918142635053904,0.000713006120130807,-9.623661516373472,11.933411418178018,0.000713006120130807,-9.609464618364619,-0.32465980593353017
2021-03-28 00:00:00+00:00,17.0,15.853572669140476,11.975289975362582,0.000713006120130807,3.9848486167659045,11.918142635053904,0.000713006120130807,3.9347170279664403,1.1464273308595239
2021-03-29 00:00:00+00:00,15.0,15.459657703676754,11.953375750114995,0.000713006120130807,3.4635545637549083,11.975289975362582,0.000713006120130807,3.4836547221940415,-0.4596577036767542
2021-03-30 00:00:00+00:00,16.0,14.120784917066533,12.046595493598856,0.000713006120130807,2.2488714852217817,11.953375750114995,0.000713006120130807,2.1666961608314077,1.8792150829334666
2021-03-31 00:00:00+00:00,14.0,14.827943857017475,12.006551917021987,0.000713006120130807,2.744430584547717,12.046595493598856,0.000713006120130807,2.7806353572984883,-0.8279438570174751
2021-04-01 00:00:00+00:00,23.0,12.245220512189382,12.536682535058414,0.000713006120130807,0.7082463509637751,12.006551917021987,0.000713006120130807,0.23795558904726372,10.754779487810618
2021-04-02 00:00:00+00:00,0.0,1.8160703564554055,12.447997182776469,0.000713006120130807,-10.800739282669028,12.536682535058414,0.000713006120130807,-10.72132518472314,-1.8160703564554055
2021-04-03 00:00:00+00:00,4.0,2.8250486725231276,12.506548652866567,0.000713006120130807,-9.572282614961296,12.447997182776469,0.000713006120130807,-9.623661516373472,1.1749513274768724
2021-04-04 00:00:00+00:00,20.0,16.4921102757526,12.679941963848517,0.000713006120130807,4.138243498827894,12.506548652866567,0.000713006120130807,3.9848486167659045,3.5078897242473985
2021-04-05 00:00:00+00:00,20.0,16.144209533723558,12.870461128525346,0.000713006120130807,3.632162635936286,12.679941963848517,0.000713006120130807,3.4635545637549083,3.855790466276442
2021-04-06 00:00:00+00:00,17.0,15.120045619867259,12.963717264848146,0.000713006120130807,2.331079137996343,12.870461128525346,0.000713006120130807,2.2488714852217817,1.879954380132741
2021-04-07 00:00:00+00:00,19.0,15.708860855515994,13.126440754617132,0.000713006120130807,2.888347281081281,12.963717264848146,0.000713006120130807,2.744430584547717,3.2911391444840064
2021-04-08 00:00:00+00:00,14.0,13.835400111701038,13.135256398256116,0.000713006120130807,0.7154440631035013,13.126440754617132,0.000713006120130807,0.7082463509637751,0.16459988829896233
2021-04-09 00:00:00+00:00,2.0,2.3352301217072196,13.119467277979533,0.000713006120130807,-10.815398405111635,13.135256398256116,0.000713006120130807,-10.800739282669028,-0.33523012170721955
2021-04-10 00:00:00+00:00,0.0,3.5478976691383686,12.94553053758952,0.000713006120130807,-9.727426985881406,13.119467277979533,0.000713006120130807,-9.572282614961296,-3.5478976691383686
2021-04-11 00:00:00+00:00,12.0,17.084487042537546,12.695953243389642,0.000713006120130807,3.9159063241884917,12.94553053758952,0.000713006120130807,4.138243498827894,-5.084487042537546
2021-04-12 00:00:00+00:00,12.0,16.328828885446057,12.483574176954999,0.000713006120130807,3.44286928621675,12.695953243389642,0.000713006120130807,3.632162635936286,-4.3288288854460575
2021-04-13 00:00:00+00:00,12.0,14.815366321071473,12.345697217928887,0.000713006120130807,2.207967290495291,12.483574176954999,0.000713006120130807,2.331079137996343,-2.8153663210714726
2021-04-14 00:00:00+00:00,9.0,15.234757505130299,12.039496406524039,0.000713006120130807,2.615710463118096,12.345697217928887,0.000713006120130807,2.888347281081281,-6.234757505130299
2021-04-15 00:00:00+00:00,10.0,12.755653475747671,11.904558887772632,0.000713006120130807,0.5949433709083629,12.039496406524039,0.000713006120130807,0.7154440631035013,-2.755653475747671
2021-04-16 00:00:00+00:00,3.0,1.0898734887811283,11.999300285378954,0.000713006120130807,-10.731871369216925,11.904558887772632,0.000713006120130807,-10.815398405111635,1.9101265112188717
2021-04-17 00:00:00+00:00,2.0,2.272586305617679,11.986594886117109,0.000713006120130807,-9.739346785957478,11.999300285378954,0.000713006120130807,-9.727426985881406,-0.27258630561767916
2021-04-18 00:00:00+00:00,14.0,15.90321421642573,11.893619767197833,0.000713006120130807,3.8326815528254294,11.986594886117109,0.000713006120130807,3.9159063241884917,-1.9032142164257309
2021-04-19 00:00:00+00:00,17.0,15.337202059534714,11.976186103340975,0.000713006120130807,3.515581005803463,11.893619767197833,0.000713006120130807,3.44286928621675,1.6627979404652855
2021-04-20 00:00:00+00:00,14.0,14.184866399956398,11.967798827293592,0.000713006120130807,2.1998833534711246,11.976186103340975,0.000713006120130807,2.207967290495291,-0.1848663999563982
2021-04-21 00:00:00+00:00,11.0,14.58422229653182,11.792073961213955,0.000713006120130807,2.458977669421621,11.967798827293592,0.000713006120130807,2.615710463118096,-3.58422229653182
2021-04-22 00:00:00+00:00,12.0,12.387730338242449,11.773700451429928,0.000713006120130807,0.5779884908574183,11.792073961213955,0.000713006120130807,0.5949433709083629,-0.3877303382424486
2021-04-23 00:00:00+00:00,0.0,1.0425420883331338,11.723093005712519,0.000713006120130807,-10.77746020844956,11.773700451429928,0.000713006120130807,-10.731871369216925,-1.0425420883331338
2021-04-24 00:00:00+00:00,0.0,1.984459225875172,11.626118498527626,0.000713006120130807,-9.826124282640404,11.723093005712519,0.000713006120130807,-9.739346785957478,-1.984459225875172
2021-04-25 00:00:00+00:00,19.0,15.459513057473186,11.801116448774954,0.000713006120130807,3.9875018635201824,11.626118498527626,0.000713006120130807,3.8326815528254294,3.5404869425268135
2021-04-26 00:00:00+00:00,5.0,15.317410460698548,11.293941886074723,0.000713006120130807,3.064415751130717,11.801116448774954,0.000713006120130807,3.515581005803463,-10.317410460698548
2021-04-27 00:00:00+00:00,20.0,13.494538245665979,11.614894468496335,0.000713006120130807,2.4843576719387457,11.293941886074723,0.000713006120130807,2.1998833534711246,6.505461754334021
2021-04-28 00:00:00+00:00,17.0,14.074585144038087,11.759614717969356,0.000713006120130807,2.586901778241474,11.614894468496335,0.000713006120130807,2.458977669421621,2.925414855961913
2021-04-29 00:00:00+00:00,17.0,12.338316214946905,11.989804999731348,0.000713006120130807,0.7818370980344651,11.759614717969356,0.000713006120130807,0.5779884908574183,4.6616837850530946
2021-04-30 00:00:00+00:00,3.0,1.2130577974019197,12.078482494068478,0.000713006120130807,-10.699319842027998,11.989804999731348,0.000713006120130807,-10.77746020844956,1.7869422025980803
2021-05-01 00:00:00+00:00,2.0,2.2530712175482055,12.066737749679547,0.000713006120130807,-9.837190716485447,12.078482494068478,0.000713006120130807,-9.826124282640404,-0.2530712175482055
2021-05-02 00:00:00+00:00,7.0,16.05495261931986,11.621709269684706,0.000713006120130807,3.591542042002284,12.066737749679547,0.000713006120130807,3.9875018635201824,-9.05495261931986
2021-05-03 00:00:00+00:00,19.0,14.686838026935554,11.834743124798162,0.000713006120130807,3.2530240097082936,11.621709269684706,0.000713006120130807,3.064415751130717,4.313161973064446
2021-05-04 00:00:00+00:00,14.0,14.31981380285704,11.819712892299748,0.000713006120130807,2.47037268254984,11.834743124798162,0.000713006120130807,2.4843576719387457,-0.3198138028570394
2021-05-05 00:00:00+00:00,18.0,14.407327676661353,11.997279733868151,0.000713006120130807,2.7440040792393026,11.819712892299748,0.000713006120130807,2.586901778241474,3.592672323338647
2021-05-06 00:00:00+00:00,10.0,12.779829838022748,11.861152103130253,0.000713006120130807,0.6602792089114304,11.997279733868151,0.000713006120130807,0.7818370980344651,-2.7798298380227475
2021-05-07 00:00:00+00:00,3.0,1.1625452672223862,11.952316140601978,0.000713006120130807,-10.618970636612444,11.861152103130253,0.000713006120130807,-10.699319842027998,1.8374547327776138
2021-05-08 00:00:00+00:00,1.0,2.1158384302366624,11.898100589824233,0.000713006120130807,-9.885984697443075,11.952316140601978,0.000713006120130807,-9.837190716485447,-1.1158384302366624
2021-05-09 00:00:00+00:00,23.0,15.49035563794665,12.268485330172393,0.000713006120130807,3.9199277957738907,11.898100589824233,0.000713006120130807,3.591542042002284,7.509644362053351
2021-05-10 00:00:00+00:00,16.0,15.522222346000817,12.292717545114416,0.000713006120130807,3.273916527047271,12.268485330172393,0.000713006120130807,3.2530240097082936,0.47777765399918337
2021-05-11 00:00:00+00:00,5.0,14.763803233784387,11.812794997794386,0.000713006120130807,2.043415861424526,12.292717545114416,0.000713006120130807,2.47037268254984,-9.763803233784387
2021-05-12 00:00:00+00:00,6.0,14.55751208315382,11.392253656845574,0.000713006120130807,2.3697966041109173,11.812794997794386,0.000713006120130807,2.7440040792393026,-8.55751208315382
2021-05-13 00:00:00+00:00,1.0,12.053245871877134,10.848856666099175,0.000713006120130807,0.17693694897692647,11.392253656845574,0.000713006120130807,0.6602792089114304,-11.053245871877134
2021-05-14 00:00:00+00:00,1.0,0.230599035606863,10.88744440704179,0.000713006120130807,-10.58532585884886,10.848856666099175,0.000713006120130807,-10.618970636612444,0.769400964393137
2021-05-15 00:00:00+00:00,0.0,1.0021727157188476,10.83882419470915,0.000713006120130807,-9.92980824311238,10.88744440704179,0.000713006120130807,-9.885984697443075,-1.0021727157188476
2021-05-16 00:00:00+00:00,21.0,14.759464996603173,11.146735423007893,0.000713006120130807,4.192817255277966,10.83882419470915,0.000713006120130807,3.9199277957738907,6.240535003396827
2021-05-17 00:00:00+00:00,22.0,14.421364956175296,11.520516316854993,0.000713006120130807,3.6053191423298148,11.146735423007893,0.000713006120130807,3.273916527047271,7.578635043824704
2021-05-18 00:00:00+00:00,21.0,13.56464518439965,11.88724406039368,0.000713006120130807,2.368553042090249,11.520516316854993,0.000713006120130807,2.043415861424526,7.43535481560035
2021-05-19 00:00:00+00:00,22.0,14.257753670624728,12.269078926539972,0.000713006120130807,2.7083537013823227,11.88724406039368,0.000713006120130807,2.3697966041109173,7.742246329375272
2021-05-20 00:00:00+00:00,13.0,12.44672888163703,12.297027402672107,0.000713006120130807,0.20113068498948056,12.269078926539972,0.000713006120130807,0.17693694897692647,0.5532711183629697
2021-05-21 00:00:00+00:00,0.0,1.7124145499433787,12.213444638463404,0.000713006120130807,-10.660207240128928,12.297027402672107,0.000713006120130807,-10.58532585884886,-1.7124145499433787
2021-05-22 00:00:00+00:00,1.0,2.2843494014711556,12.150933922166573,0.000713006120130807,-9.985970962140648,12.213444638463404,0.000713006120130807,-9.92980824311238,-1.2843494014711556
2021-05-23 00:00:00+00:00,24.0,16.344464183564668,12.528500353730758,0.000713006120130807,4.52758262876341,12.150933922166573,0.000713006120130807,4.192817255277966,7.655535816435332
2021-05-24 00:00:00+00:00,17.0,16.134532502180704,12.571817091187825,0.000713006120130807,3.6431647689579316,12.528500353730758,0.000713006120130807,3.6053191423298148,0.8654674978192958
2021-05-25 00:00:00+00:00,8.0,14.941083139398206,12.230846507798978,0.000713006120130807,2.0650296382070548,12.571817091187825,0.000713006120130807,2.368553042090249,-6.941083139398206
2021-05-26 00:00:00+00:00,19.0,14.93991321530143,12.431422416934856,0.000713006120130807,2.8858953524768127,12.230846507798978,0.000713006120130807,2.7083537013823227,4.060086784698569
2021-05-27 00:00:00+00:00,15.0,12.633266108044468,12.548640889907245,0.000713006120130807,0.30462449316685175,12.431422416934856,0.000713006120130807,0.20113068498948056,2.3667338919555316
2021-05-28 00:00:00+00:00,1.0,1.8891466558984487,12.505584528208852,0.000713006120130807,-10.699088321673365,12.548640889907245,0.000713006120130807,-10.660207240128928,-0.8891466558984487
2021-05-29 00:00:00+00:00,2.0,2.520326572188335,12.480683801236943,0.000713006120130807,-10.008724081380072,12.505584528208852,0.000713006120130807,-9.985970962140648,-0.5203265721883348
2021-05-30 00:00:00+00:00,13.0,17.008979436120484,12.284049728163309,0.000713006120130807,4.352275827200661,12.480683801236943,0.000713006120130807,4.52758262876341,-4.008979436120484
2021-05-31 00:00:00+00:00,21.0,15.92792750324137,12.53444191289828,0.000713006120130807,3.864959073685419,12.284049728163309,0.000713006120130807,3.6431647689579316,5.072072496758629
2021-06-01 00:00:00+00:00,21.0,14.600184557225466,12.850193922120138,0.000713006120130807,2.3448841981372466,12.53444191289828,0.000713006120130807,2.0650296382070548,6.399815442774534
2021-06-02 00:00:00+00:00,19.0,15.736802280717082,13.011541959921905,0.000713006120130807,3.0285902113928094,12.850193922120138,0.000713006120130807,2.8858953524768127,3.2631977192829176
2021-06-03 00:00:00+00:00,13.0,13.316879459208888,12.996656174197922,0.000713006120130807,0.2907678183297763,13.011541959921905,0.000713006120130807,0.30462449316685175,-0.31687945920888794
2021-06-04 00:00:00+00:00,0.0,2.298280858644688,12.8842334005398,0.000713006120130807,-10.799588778919857,12.996656174197922,0.000713006120130807,-10.699088321673365,-2.298280858644688
2021-06-05 00:00:00+00:00,4.0,2.87622232527986,12.940265782900932,0.000713006120130807,-9.9595829288843,12.8842334005398,0.000713006120130807,-10.008724081380072,1.1237776747201398
2021-06-06 00:00:00+00:00,18.0,17.293254616221724,12.97576922370518,0.000713006120130807,4.383180768152243,12.940265782900932,0.000713006120130807,4.352275827200661,0.7067453837782764
2021-06-07 00:00:00+00:00,28.0,16.84144130351073,13.525776383575161,0.000713006120130807,4.352906509261372,12.97576922370518,0.000713006120130807,3.864959073685419,11.15855869648927
2021-06-08 00:00:00+00:00,13.0,15.87137358783254,13.385142396062111,0.000713006120130807,2.219323234855831,13.525776383575161,0.000713006120130807,2.3448841981372466,-2.87137358783254
2021-06-09 00:00:00+00:00,19.0,16.41444561357505,13.513132584414777,0.000713006120130807,3.141652719438328,13.385142396062111,0.000713006120130807,3.0285902113928094,2.585554386424949
2021-06-10 00:00:00+00:00,25.0,13.804613408864684,14.064952643940906,0.000713006120130807,0.7803256838222609,13.513132584414777,0.000713006120130807,0.2907678183297763,11.195386591135316
2021-06-11 00:00:00+00:00,0.0,3.2660768711411805,13.904888888490575,0.000713006120130807,-10.942409538931512,14.064952643940906,0.000713006120130807,-10.799588778919857,-3.2660768711411805
2021-06-12 00:00:00+00:00,1.0,3.946018965726406,13.760580387915688,0.000713006120130807,-10.088408025259568,13.904888888490575,0.000713006120130807,-9.9595829288843,-2.946018965726406
2021-06-13 00:00:00+00:00,21.0,18.14447416218806,13.901860262146236,0.000713006120130807,4.508048732526493,13.760580387915688,0.000713006120130807,4.383180768152243,2.855525837811939
2021-06-14 00:00:00+00:00,38.0,18.25547977752774,14.874522228862142,0.000713006120130807,5.216305472450413,13.901860262146236,0.000713006120130807,4.352906509261372,19.74452022247226
2021-06-15 00:00:00+00:00,24.0,17.094558469838105,15.215164321233598,0.000713006120130807,2.5212880833467297,14.874522228862142,0.000713006120130807,2.219323234855831,6.9054415301618945
2021-06-16 00:00:00+00:00,20.0,18.357530046792057,15.29672998651398,0.000713006120130807,3.213475525902618,15.215164321233598,0.000713006120130807,3.141652719438328,1.642469953207943
2021-06-17 00:00:00+00:00,16.0,16.077768676456373,15.293614731253385,0.000713006120130807,0.7769249734548044,15.29672998651398,0.000713006120130807,0.7803256838222609,-0.07776867645637253
2021-06-18 00:00:00+00:00,1.0,4.351918198442004,15.12932532798249,0.000713006120130807,-11.088984014513626,15.293614731253385,0.000713006120130807,-10.942409538931512,-3.3519181984420037
2021-06-19 00:00:00+00:00,0.0,5.041630308843054,14.881857710660023,0.000713006120130807,-10.308871137677121,15.12932532798249,0.000713006120130807,-10.088408025259568,-5.041630308843054
2021-06-20 00:00:00+00:00,11.0,19.390619449306648,14.46953187052719,0.000713006120130807,4.141139227944059,14.881857710660023,0.000713006120130807,4.508048732526493,-8.390619449306648
2021-06-21 00:00:00+00:00,11.0,19.686550349097736,14.042638457861864,0.000713006120130807,4.8364553428653805,14.46953187052719,0.000713006120130807,5.216305472450413,-8.686550349097736
2021-06-22 00:00:00+00:00,13.0,16.564639547328724,13.867877577359952,0.000713006120130807,2.365411614603601,14.042638457861864,0.000713006120130807,2.5212880833467297,-3.5646395473287242
2021-06-23 00:00:00+00:00,17.0,17.0820661093827,13.864550775532567,0.000713006120130807,3.2098868950847703,13.867877577359952,0.000713006120130807,3.213475525902618,-0.08206610938270131
2021-06-24 00:00:00+00:00,18.0,14.642188755107503,14.030556283702738,0.000713006120130807,0.9237571433307293,13.864550775532567,0.000713006120130807,0.7769249734548044,3.3578112448924973
2021-06-25 00:00:00+00:00,1.0,2.942285275309244,13.935657842532867,0.000713006120130807,-11.173917306081313,14.030556283702738,0.000713006120130807,-11.088984014513626,-1.9422852753092439
2021-06-26 00:00:00+00:00,1.0,3.6274997109758775,13.807028854809962,0.000713006120130807,-10.423767853356953,13.935657842532867,0.000713006120130807,-10.308871137677121,-2.6274997109758775
2021-06-27 00:00:00+00:00,16.0,17.948881088874153,13.71180572638173,0.000713006120130807,4.055917511105504,13.807028854809962,0.000713006120130807,4.141139227944059,-1.9488810888741526
2021-06-28 00:00:00+00:00,27.0,18.54897407536724,14.12853116384299,0.000713006120130807,5.206006334178251,13.71180572638173,0.000713006120130807,4.8364553428653805,8.45102592463276
2021-06-29 00:00:00+00:00,15.0,16.49465578456672,14.055667850058185,0.000713006120130807,2.300052505332835,14.12853116384299,0.000713006120130807,2.365411614603601,-1.4946557845667208
2021-06-30 00:00:00+00:00,22.0,17.266267751263086,14.289404808498109,0.000713006120130807,3.4168860760991686,14.055667850058185,0.000713006120130807,3.2098868950847703,4.733732248736914
2021-07-01 00:00:00+00:00,18.0,15.213874957948969,14.427268340850288,0.000713006120130807,1.0455903125096904,14.289404808498109,0.000713006120130807,0.9237571433307293,2.7861250420510313
2021-07-02 00:00:00+00:00,0.0,3.254064040889107,14.26779593215064,0.000713006120130807,-11.31621276261293,14.427268340850288,0.000713006120130807,-11.173917306081313,-3.254064040889107
2021-07-03 00:00:00+00:00,2.0,3.844741084913819,14.17769922702696,0.000713006120130807,-10.504435680284145,14.26779593215064,0.000713006120130807,-10.423767853356953,-1.844741084913819
2021-07-04 00:00:00+00:00,19.0,18.234329744252594,14.216103319121709,0.000713006120130807,4.089399150441799,14.17769922702696,0.000713006120130807,4.055917511105504,0.7656702557474055
2021-07-05 00:00:00+00:00,25.0,19.422822659420092,14.491359928133003,0.000713006120130807,5.449888134248405,14.216103319121709,0.000713006120130807,5.206006334178251,5.577177340579908
2021-07-06 00:00:00+00:00,15.0,16.79212543958597,14.403853294644959,0.000713006120130807,2.221685483546094,14.491359928133003,0.000713006120130807,2.300052505332835,-1.7921254395859698
2021-07-07 00:00:00+00:00,16.0,17.821452376864258,14.314903005606721,0.000713006120130807,3.337236630280125,14.403853294644959,0.000713006120130807,3.4168860760991686,-1.8214523768642579
2021-07-08 00:00:00+00:00,21.0,15.361206324236543,14.593192756586651,0.000713006120130807,1.292166504710601,14.314903005606721,0.000713006120130807,1.0455903125096904,5.638793675763457
2021-07-09 00:00:00+00:00,1.0,3.277693000093853,14.48178344628413,0.000713006120130807,-11.415812942945786,14.593192756586651,0.000713006120130807,-11.31621276261293,-2.277693000093853
2021-07-10 00:00:00+00:00,2.0,3.9780607721201164,14.38512391107154,0.000713006120130807,-10.590933381951752,14.48178344628413,0.000713006120130807,-10.504435680284145,-1.9780607721201164
2021-07-11 00:00:00+00:00,17.0,18.47523606763347,14.313216557394941,0.000713006120130807,4.024889236961899,14.38512391107154,0.000713006120130807,4.089399150441799,-1.475236067633471
2021-07-12 00:00:00+00:00,13.0,19.76381769776348,13.980972089394319,0.000713006120130807,5.154116288609836,14.313216557394941,0.000713006120130807,5.449888134248405,-6.7638176977634785
2021-07-13 00:00:00+00:00,18.0,16.203370579060543,14.070126449296772,0.000713006120130807,2.3002494578435577,13.980972089394319,0.000713006120130807,2.221685483546094,1.7966294209394569
2021-07-14 00:00:00+00:00,9.0,17.40807608569703,13.65694128417635,0.000713006120130807,2.9695637725449977,14.070126449296772,0.000713006120130807,3.337236630280125,-8.40807608569703
2021-07-15 00:00:00+00:00,15.0,14.949820795007081,13.660124425077518,0.000713006120130807,1.2943607678821734,13.65694128417635,0.000713006120130807,1.292166504710601,0.050179204992918613
2021-07-16 00:00:00+00:00,1.0,2.245024488251863,13.599549527331776,0.000713006120130807,-11.47025604109097,13.660124425077518,0.000713006120130807,-11.415812942945786,-1.2450244882518628
2021-07-17 00:00:00+00:00,5.0,3.0093291515001557,13.69825582173073,0.000713006120130807,-10.503884260105316,13.599549527331776,0.000713006120130807,-10.590933381951752,1.9906708484998443
2021-07-18 00:00:00+00:00,18.0,17.72385806481276,13.712562263591916,0.000713006120130807,4.036964519513577,13.69825582173073,0.000713006120130807,4.024889236961899,0.2761419351872405
2021-07-19 00:00:00+00:00,2.0,18.867391558321884,12.882956603654327,0.000713006120130807,4.4165299497641115,13.712562263591916,0.000713006120130807,5.154116288609836,-16.867391558321884
2021-07-20 00:00:00+00:00,0.0,15.183919067618016,12.136222004603235,0.000713006120130807,1.6362789063987688,12.882956603654327,0.000713006120130807,2.3002494578435577,-15.183919067618016
2021-07-21 00:00:00+00:00,4.0,15.106498783268364,11.59020357199387,0.000713006120130807,2.4838928407580547,12.136222004603235,0.000713006120130807,2.9695637725449977,-11.106498783268364
2021-07-22 00:00:00+00:00,3.0,12.885277345996174,11.104301307984187,0.000713006120130807,0.8620920616689352,11.59020357199387,0.000713006120130807,1.2943607678821734,-9.885277345996174
2021-07-23 00:00:00+00:00,0.0,-0.36524172698665147,11.122993799698849,0.000713006120130807,-11.45428455508673,11.104301307984187,0.000713006120130807,-11.47025604109097,0.36524172698665147
2021-07-24 00:00:00+00:00,0.0,0.6198225457136637,11.093195257689562,0.000713006120130807,-10.530988192604081,11.122993799698849,0.000713006120130807,-10.503884260105316,-0.6198225457136637
2021-07-25 00:00:00+00:00,15.0,15.13087278332327,11.087465885656762,0.000713006120130807,4.03124164429768,11.093195257689562,0.000713006120130807,4.036964519513577,-0.13087278332326946
2021-07-26 00:00:00+00:00,24.0,15.504708841541005,11.506370335194445,0.000713006120130807,4.788016594947536,11.087465885656762,0.000713006120130807,4.4165299497641115,8.495291158458995
2021-07-27 00:00:00+00:00,17.0,13.143362247713345,11.696931208595906,0.000713006120130807,1.804924029156939,11.506370335194445,0.000713006120130807,1.6362789063987688,3.8566377522866553
2021-07-28 00:00:00+00:00,17.0,14.181537055474092,11.836386615065265,0.000713006120130807,2.6071400990692877,11.696931208595906,0.000713006120130807,2.4838928407580547,2.8184629445259084
2021-07-29 00:00:00+00:00,17.0,12.699191682854332,12.048812345853872,0.000713006120130807,1.0501601129590372,11.836386615065265,0.000713006120130807,0.8620920616689352,4.300808317145668
2021-07-30 00:00:00+00:00,1.0,0.595240796887273,12.069450135272067,0.000713006120130807,-11.436585027705407,12.048812345853872,0.000713006120130807,-11.45428455508673,0.40475920311272695
2021-07-31 00:00:00+00:00,2.0,1.5391749487881174,12.0928478369176,0.000713006120130807,-10.510836987766243,12.069450135272067,0.000713006120130807,-10.530988192604081,0.46082505121188255
2021-08-01 00:00:00+00:00,25.0,16.12480248733541,12.530453656857466,0.000713006120130807,4.419341038164495,12.0928478369176,0.000713006120130807,4.03124164429768,8.875197512664592
2021-08-02 00:00:00+00:00,25.0,17.319183257925133,12.909264573935676,0.000713006120130807,5.123887466299714,12.530453656857466,0.000713006120130807,4.788016594947536,7.680816742074867
2021-08-03 00:00:00+00:00,18.0,14.714901609212747,13.07169069996978,0.000713006120130807,1.9485765723750568,12.909264573935676,0.000713006120130807,1.804924029156939,3.285098390787253
2021-08-04 00:00:00+00:00,12.0,15.679543805159199,12.891273512162956,0.000713006120130807,2.446239035352009,13.07169069996978,0.000713006120130807,2.6071400990692877,-3.6795438051591987
2021-08-05 00:00:00+00:00,22.0,13.942146631242124,13.288644533679356,0.000713006120130807,1.4025182440113473,12.891273512162956,0.000713006120130807,1.0501601129590372,8.057853368757876
2021-08-06 00:00:00+00:00,3.0,1.8527725120940808,13.345831262729861,0.000713006120130807,-11.38641844920974,13.288644533679356,0.000713006120130807,-11.436585027705407,1.1472274879059192
2021-08-07 00:00:00+00:00,1.0,2.8357072810837494,13.256179258016417,0.000713006120130807,-10.591109779677508,13.345831262729861,0.000713006120130807,-10.510836987766243,-1.8357072810837494
2021-08-08 00:00:00+00:00,18.0,17.676233302301043,13.272830088999259,0.000713006120130807,4.433498881857767,13.256179258016417,0.000713006120130807,4.419341038164495,0.3237666976989573
2021-08-09 00:00:00+00:00,15.0,18.397430561419103,13.106300282143398,0.000713006120130807,4.975322801715086,13.272830088999259,0.000713006120130807,5.123887466299714,-3.397430561419103
2021-08-10 00:00:00+00:00,14.0,15.055589860638586,13.055050543344795,0.000713006120130807,1.902417173161552,13.106300282143398,0.000713006120130807,1.9485765723750568,-1.0555898606385856
2021-08-11 00:00:00+00:00,18.0,15.502002584816935,13.178730629135707,0.000713006120130807,2.555472805229245,13.055050543344795,0.000713006120130807,2.446239035352009,2.4979974151830646
2021-08-12 00:00:00+00:00,13.0,14.581961879267185,13.101569562503952,0.000713006120130807,1.3333413670361696,13.178730629135707,0.000713006120130807,1.4025182440113473,-1.581961879267185
2021-08-13 00:00:00+00:00,0.0,1.7158641194143431,13.017816988878558,0.000713006120130807,-11.461450675112575,13.101569562503952,0.000713006120130807,-11.38641844920974,-1.7158641194143431
2021-08-14 00:00:00+00:00,1.0,2.427420215321181,12.948263430960543,0.000713006120130807,-10.653528775938591,13.017816988878558,0.000713006120130807,-10.591109779677508,-1.427420215321181
2021-08-15 00:00:00+00:00,22.0,17.38247531893844,13.17627992502135,0.000713006120130807,4.635416476066555,12.948263430960543,0.000713006120130807,4.433498881857767,4.61752468106156
2021-08-16 00:00:00+00:00,21.0,18.152315732856565,13.317173788025752,0.000713006120130807,5.099847865684127,13.17627992502135,0.000713006120130807,4.975322801715086,2.8476842671434355
2021-08-17 00:00:00+00:00,13.0,15.220303967307435,13.208589525389007,0.000713006120130807,1.8053265312144307,13.317173788025752,0.000713006120130807,1.902417173161552,-2.2203039673074354
2021-08-18 00:00:00+00:00,11.0,15.764775336738383,12.974750443950974,0.000713006120130807,2.347116155423879,13.208589525389007,0.000713006120130807,2.555472805229245,-4.764775336738383
2021-08-19 00:00:00+00:00,10.0,14.308804817107275,12.763357087586238,0.000713006120130807,1.144923640509688,12.974750443950974,0.000713006120130807,1.3333413670361696,-4.308804817107275
2021-08-20 00:00:00+00:00,0.0,1.3026194185937943,12.69994700660734,0.000713006120130807,-11.518412315242161,12.763357087586238,0.000713006120130807,-11.461450675112575,-1.3026194185937943
2021-08-21 00:00:00+00:00,1.0,2.0471312367888803,12.649113654257544,0.000713006120130807,-10.699318291914643,12.69994700660734,0.000713006120130807,-10.653528775938591,-1.0471312367888803
2021-08-22 00:00:00+00:00,22.0,17.28524313644423,12.881916525381294,0.000713006120130807,4.841585891267101,12.649113654257544,0.000713006120130807,4.635416476066555,4.71475686355577
2021-08-23 00:00:00+00:00,19.0,17.98247739718555,12.932718367545293,0.000713006120130807,5.14434263944376,12.881916525381294,0.000713006120130807,5.099847865684127,1.0175226028144486
2021-08-24 00:00:00+00:00,21.0,14.738757904879854,13.241648928603235,0.000713006120130807,2.079121481524214,12.932718367545293,0.000713006120130807,1.8053265312144307,6.261242095120146
2021-08-25 00:00:00+00:00,12.0,15.589478090147246,13.065665339440736,0.000713006120130807,2.190153533567127,13.241648928603235,0.000713006120130807,2.347116155423879,-3.589478090147246
2021-08-26 00:00:00+00:00,17.0,14.211301986070556,13.203655529585287,0.000713006120130807,1.2668693219820404,13.065665339440736,0.000713006120130807,1.144923640509688,2.7886980139294444
2021-08-27 00:00:00+00:00,1.0,1.6859562204632574,13.170601473858323,0.000713006120130807,-11.548408176517482,13.203655529585287,0.000713006120130807,-11.518412315242161,-0.6859562204632574
2021-08-28 00:00:00+00:00,2.0,2.4719961880638106,13.148079871123706,0.000713006120130807,-10.71995799421238,13.170601473858323,0.000713006120130807,-10.699318291914643,-0.4719961880638106
2021-08-29 00:00:00+00:00,26.0,17.990378768510936,13.543076604728448,0.000713006120130807,5.191834901568892,13.148079871123706,0.000713006120130807,4.841585891267101,8.009621231489064
2021-08-30 00:00:00+00:00,22.0,18.68813225029234,13.706820486285874,0.000713006120130807,5.289165767536907,13.543076604728448,0.000713006120130807,5.14434263944376,3.311867749707659
2021-08-31 00:00:00+00:00,21.0,15.786654973930219,13.964166989812975,0.000713006120130807,2.3070934271343355,13.706820486285874,0.000713006120130807,2.079121481524214,5.213345026069781
2021-09-01 00:00:00+00:00,19.0,16.155033529500233,14.104927065842908,0.000713006120130807,2.314559752267817,13.964166989812975,0.000713006120130807,2.190153533567127,2.8449664704997666
2021-09-02 00:00:00+00:00,11.0,15.37250939394508,13.890397771175037,0.000713006120130807,1.075665887574465,14.104927065842908,0.000713006120130807,1.2668693219820404,-4.37250939394508
2021-09-03 00:00:00+00:00,0.0,2.3427026007776863,13.7757882811213,0.000713006120130807,-11.650851131513653,13.890397771175037,0.000713006120130807,-11.548408176517482,-2.3427026007776863
2021-09-04 00:00:00+00:00,2.0,3.0565432930290513,13.724491608408353,0.000713006120130807,-10.766159085628487,13.7757882811213,0.000713006120130807,-10.71995799421238,-1.0565432930290513
2021-09-05 00:00:00+00:00,21.0,18.917039516097375,13.827740976743405,0.000713006120130807,5.282919714058708,13.724491608408353,0.000713006120130807,5.191834901568892,2.0829604839026246
2021-09-06 00:00:00+00:00,34.0,19.117619750400443,14.561057958640374,0.000713006120130807,5.939950467925053,13.827740976743405,0.000713006120130807,5.289165767536907,14.882380249599557
2021-09-07 00:00:00+00:00,20.0,16.868864391894842,14.715905072122531,0.000713006120130807,2.4440134032685434,14.561057958640374,0.000713006120130807,2.3070934271343355,3.131135608105158
2021-09-08 00:00:00+00:00,23.0,17.03117783051048,15.010440892788113,0.000713006120130807,2.5755676073349445,14.715905072122531,0.000713006120130807,2.314559752267817,5.9688221694895205
2021-09-09 00:00:00+00:00,20.0,16.08681978648271,15.20378514030064,0.000713006120130807,1.2467835293836236,15.010440892788113,0.000713006120130807,1.075665887574465,3.9131802135172897
2021-09-10 00:00:00+00:00,1.0,3.553647014907119,15.078791644874961,0.000713006120130807,-11.76251837691535,15.20378514030064,0.000713006120130807,-11.650851131513653,-2.553647014907119
2021-09-11 00:00:00+00:00,2.0,4.313345565366605,14.965627291990044,0.000713006120130807,-10.867318300445074,15.078791644874961,0.000713006120130807,-10.766159085628487,-2.313345565366605
2021-09-12 00:00:00+00:00,19.0,20.249260012168882,14.904843895226735,0.000713006120130807,5.228291402653475,14.965627291990044,0.000713006120130807,5.282919714058708,-1.2492600121688824
2021-09-13 00:00:00+00:00,17.0,20.84550736927192,14.716256941235745,0.000713006120130807,5.771792060521145,14.904843895226735,0.000713006120130807,5.939950467925053,-3.845507369271921
2021-09-14 00:00:00+00:00,26.0,17.16098335062442,15.152081712455715,0.000713006120130807,2.830530660952811,14.716256941235745,0.000713006120130807,2.4440134032685434,8.83901664937558
2021-09-15 00:00:00+00:00,17.0,17.72836232591079,15.11694016259629,0.000713006120130807,2.5437173891512894,15.152081712455715,0.000713006120130807,2.5755676073349445,-0.7283623259107905
2021-09-16 00:00:00+00:00,28.0,16.364436698100043,15.690428476994434,0.000713006120130807,1.7555896780155285,15.11694016259629,0.000713006120130807,1.2467835293836236,11.635563301899957
2021-09-17 00:00:00+00:00,1.0,3.9286231061992147,15.546976309589235,0.000713006120130807,-11.890582777821177,15.690428476994434,0.000713006120130807,-11.76251837691535,-2.9286231061992147
2021-09-18 00:00:00+00:00,0.0,4.680371015264292,15.317292137543895,0.000713006120130807,-11.071984072840998,15.546976309589235,0.000713006120130807,-10.867318300445074,-4.680371015264292
2021-09-19 00:00:00+00:00,17.0,20.5462965463175,15.143434214448199,0.000713006120130807,5.073217046490263,15.317292137543895,0.000713006120130807,5.228291402653475,-3.5462965463174996
2021-09-20 00:00:00+00:00,20.0,20.915939281089475,15.099058951914907,0.000713006120130807,5.731739376701728,15.143434214448199,0.000713006120130807,5.771792060521145,-0.9159392810894751
2021-09-21 00:00:00+00:00,15.0,17.93030261898785,14.95552410837016,0.000713006120130807,2.702392817411559,15.099058951914907,0.000713006120130807,2.830530660952811,-2.9303026189878487
2021-09-22 00:00:00+00:00,9.0,17.49995450364158,14.537816112012706,0.000713006120130807,2.1720268227102055,14.95552410837016,0.000713006120130807,2.5437173891512894,-8.499954503641579
2021-09-23 00:00:00+00:00,18.0,16.294118796148364,14.622503276243622,0.000713006120130807,1.830185365635876,14.537816112012706,0.000713006120130807,1.7555896780155285,1.7058812038516358
2021-09-24 00:00:00+00:00,0.0,2.7326335045425765,14.488698944666865,0.000713006120130807,-12.010076840376945,14.622503276243622,0.000713006120130807,-11.890582777821177,-2.7326335045425765
2021-09-25 00:00:00+00:00,0.0,3.4174278779459986,14.321184744632845,0.000713006120130807,-11.221423190801113,14.488698944666865,0.000713006120130807,-11.071984072840998,-3.4174278779459986
2021-09-26 00:00:00+00:00,13.0,19.395114797243238,14.007090142868092,0.000713006120130807,4.793568038907372,14.321184744632845,0.000713006120130807,5.073217046490263,-6.395114797243238
2021-09-27 00:00:00+00:00,15.0,19.739542525689952,13.774493178442533,0.000713006120130807,5.524486120782466,14.007090142868092,0.000713006120130807,5.731739376701728,-4.739542525689952
2021-09-28 00:00:00+00:00,22.0,16.477599001974223,14.04705335276659,0.000713006120130807,2.9438793282148366,13.774493178442533,0.000713006120130807,2.702392817411559,5.522400998025777
2021-09-29 00:00:00+00:00,14.0,16.219793181596927,13.938494234201963,0.000713006120130807,2.0749585166744104,14.04705335276659,0.000713006120130807,2.1720268227102055,-2.219793181596927
2021-09-30 00:00:00+00:00,14.0,15.76939260595797,13.85210665317846,0.000713006120130807,1.7528124173826325,13.938494234201963,0.000713006120130807,1.830185365635876,-1.7693926059579699
2021-10-01 00:00:00+00:00,0.0,1.8427428189216464,13.762108315223605,0.000713006120130807,-12.090657286057777,13.85210665317846,0.000713006120130807,-12.010076840376945,-1.8427428189216464
2021-10-02 00:00:00+00:00,1.0,2.541398130542623,13.686944050386296,0.000713006120130807,-11.288826274430226,13.762108315223605,0.000713006120130807,-11.221423190801113,-1.541398130542623
2021-10-03 00:00:00+00:00,19.0,18.481225095413798,13.713194406799794,0.000713006120130807,4.816253305994208,13.686944050386296,0.000713006120130807,4.793568038907372,0.518774904586202
2021-10-04 00:00:00+00:00,20.0,19.238393533702393,13.751398453723159,0.000713006120130807,5.557790056555543,13.713194406799794,0.000713006120130807,5.524486120782466,0.7616064662976072
2021-10-05 00:00:00+00:00,14.0,16.695990788058126,13.619397906173523,0.000713006120130807,2.8259875980056974,13.751398453723159,0.000713006120130807,2.9438793282148366,-2.6959907880581255
2021-10-06 00:00:00+00:00,8.0,15.695069428968065,13.24131139481106,0.000713006120130807,1.7384643961904431,13.619397906173523,0.000713006120130807,2.0749585166744104,-7.695069428968065
2021-10-07 00:00:00+00:00,10.0,14.994836818313823,12.996147246196369,0.000713006120130807,1.5343955157998694,13.24131139481106,0.000713006120130807,1.7528124173826325,-4.994836818313823
2021-10-08 00:00:00+00:00,0.0,0.9062029662587232,12.952251266065138,0.000713006120130807,-12.13028421508369,12.996147246196369,0.000713006120130807,-12.090657286057777,-0.9062029662587232
2021-10-09 00:00:00+00:00,2.0,1.6641379977550432,12.96949750370001,0.000713006120130807,-11.274139520776782,12.952251266065138,0.000713006120130807,-11.288826274430226,0.33586200224495677
2021-10-10 00:00:00+00:00,21.0,17.78646381581435,13.128400889675573,0.000713006120130807,4.956776538685296,12.96949750370001,0.000713006120130807,4.816253305994208,3.2135361841856493
2021-10-11 00:00:00+00:00,14.0,18.686903952351248,12.89839512554596,0.000713006120130807,5.35283860838508,13.128400889675573,0.000713006120130807,5.557790056555543,-4.686903952351248
2021-10-12 00:00:00+00:00,22.0,15.72509572967179,13.207998224444443,0.000713006120130807,3.100379975235793,12.89839512554596,0.000713006120130807,2.8259875980056974,6.274904270328211
2021-10-13 00:00:00+00:00,9.0,14.947175626755017,12.915953994441605,0.000713006120130807,1.478403112746379,13.207998224444443,0.000713006120130807,1.7384643961904431,-5.947175626755017
2021-10-14 00:00:00+00:00,13.0,14.451062516361606,12.84523661437631,0.000713006120130807,1.470942676326811,12.915953994441605,0.000713006120130807,1.5343955157998694,-1.4510625163616062
2021-10-15 00:00:00+00:00,1.0,0.7156654054127518,12.859946350250146,0.000713006120130807,-12.11785067953057,12.84523661437631,0.000713006120130807,-12.13028421508369,0.2843345945872482
2021-10-16 00:00:00+00:00,0.0,1.5865198355934957,12.782560912457996,0.000713006120130807,-11.343515710509223,12.859946350250146,0.000713006120130807,-11.274139520776782,-1.5865198355934957
2021-10-17 00:00:00+00:00,16.0,17.740050457263422,12.697617735785876,0.000713006120130807,4.880686679637319,12.782560912457996,0.000713006120130807,4.956776538685296,-1.740050457263422
2021-10-18 00:00:00+00:00,16.0,18.051169350291087,12.597359338419976,0.000713006120130807,5.263143975625616,12.697617735785876,0.000713006120130807,5.35283860838508,-2.0511693502910866
2021-10-19 00:00:00+00:00,7.0,15.6984523197759,12.169880036206596,0.000713006120130807,2.7200093898975872,12.597359338419976,0.000713006120130807,3.100379975235793,-8.6984523197759
2021-10-20 00:00:00+00:00,15.0,13.648996155073107,12.237097913959063,0.000713006120130807,1.537480533004314,12.169880036206596,0.000713006120130807,1.478403112746379,1.3510038449268933
2021-10-21 00:00:00+00:00,13.0,13.708753596406005,12.202921628590547,0.000713006120130807,1.439949919177059,12.237097913959063,0.000713006120130807,1.470942676326811,-0.7087535964060052
2021-10-22 00:00:00+00:00,0.0,0.0857839551801085,12.19941181110526,0.000713006120130807,-12.121601886302182,12.202921628590547,0.000713006120130807,-12.11785067953057,-0.0857839551801085
2021-10-23 00:00:00+00:00,0.0,0.856609106716169,12.157957151385528,0.000713006120130807,-11.380973972663158,12.19941181110526,0.000713006120130807,-11.343515710509223,-0.856609106716169
2021-10-24 00:00:00+00:00,16.0,17.03935683714298,12.107506503683398,0.000713006120130807,4.835237126775997,12.157957151385528,0.000713006120130807,4.880686679637319,-1.0393568371429787
2021-10-25 00:00:00+00:00,18.0,17.371363485429146,12.139164936688822,0.000713006120130807,5.290633330078783,12.107506503683398,0.000713006120130807,5.263143975625616,0.6286365145708537
2021-10-26 00:00:00+00:00,19.0,14.85988733270654,12.343680221030198,0.000713006120130807,2.901050455679403,12.139164936688822,0.000713006120130807,2.7200093898975872,4.14011266729346
2021-10-27 00:00:00+00:00,21.0,13.881873760154644,12.694791987021583,0.000713006120130807,1.8487457724775096,12.343680221030198,0.000713006120130807,1.537480533004314,7.118126239845356
2021-10-28 00:00:00+00:00,11.0,14.135454912318773,12.541158262571141,0.000713006120130807,1.302841066193087,12.694791987021583,0.000713006120130807,1.439949919177059,-3.1354549123187727
2021-10-29 00:00:00+00:00,2.0,0.4202693823890904,12.619635504768313,0.000713006120130807,-12.05252257913265,12.541158262571141,0.000713006120130807,-12.121601886302182,1.5797306176109096
2021-10-30 00:00:00+00:00,0.0,1.2393745382252863,12.559338732952899,0.000713006120130807,-11.435170006765253,12.619635504768313,0.000713006120130807,-11.380973972663158,-1.2393745382252863
2021-10-31 00:00:00+00:00,13.0,17.395288865849025,12.343688089992412,0.000713006120130807,4.643037579411396,12.559338732952899,0.000713006120130807,4.835237126775997,-4.395288865849025
2021-11-01 00:00:00+00:00,25.0,17.635034426191325,12.70695083414769,0.000713006120130807,5.612692492251383,12.343688089992412,0.000713006120130807,5.290633330078783,7.364965573808675
2021-11-02 00:00:00+00:00,19.0,15.608714295947225,12.874604164874235,0.000713006120130807,3.0493464146475238,12.70695083414769,0.000713006120130807,2.901050455679403,3.391285704052775
2021-11-03 00:00:00+00:00,18.0,14.724062943471875,13.036579312651561,0.000713006120130807,1.9919977039607444,12.874604164874235,0.000713006120130807,1.8487457724775096,3.275937056528125
2021-11-04 00:00:00+00:00,20.0,14.34013338496478,13.31590640569861,0.000713006120130807,1.5503387471773957,13.036579312651561,0.000713006120130807,1.302841066193087,5.65986661503522
2021-11-05 00:00:00+00:00,0.0,1.2640968326860929,13.254392647694928,0.000713006120130807,-12.107799682977873,13.31590640569861,0.000713006120130807,-12.05252257913265,-1.2640968326860929
2021-11-06 00:00:00+00:00,1.0,1.8199356470498067,13.214743285374299,0.000713006120130807,-11.471024592218225,13.254392647694928,0.000713006120130807,-11.435170006765253,-0.8199356470498067
2021-11-07 00:00:00+00:00,23.0,17.858493870905825,13.468553428409525,0.000713006120130807,4.867868115229509,13.214743285374299,0.000713006120130807,4.643037579411396,5.141506129094175
2021-11-08 00:00:00+00:00,10.0,19.081958926781038,13.022195528799992,0.000713006120130807,5.215551724445663,13.468553428409525,0.000713006120130807,5.612692492251383,-9.081958926781038
2021-11-09 00:00:00+00:00,17.0,16.072254949567647,13.068577957489293,0.000713006120130807,3.0899153474765617,13.022195528799992,0.000713006120130807,3.0493464146475238,0.9277450504323532
2021-11-10 00:00:00+00:00,11.0,15.061288667570167,12.869368896390414,0.000713006120130807,1.814403496287846,13.068577957489293,0.000713006120130807,1.9919977039607444,-4.061288667570167
2021-11-11 00:00:00+00:00,21.0,14.42042064968794,13.19397001114206,0.000713006120130807,1.8380541196083668,12.869368896390414,0.000713006120130807,1.5503387471773957,6.579579350312059
2021-11-12 00:00:00+00:00,0.0,1.0868833342843178,13.141179811555315,0.000713006120130807,-12.155327499980004,13.19397001114206,0.000713006120130807,-12.107799682977873,-1.0868833342843178
2021-11-13 00:00:00+00:00,1.0,1.6708682254572214,13.108868481450363,0.000713006120130807,-11.500360677560879,13.141179811555315,0.000713006120130807,-11.471024592218225,-0.6708682254572214
2021-11-14 00:00:00+00:00,9.0,17.977449602800004,12.66765518539014,0.000713006120130807,4.475297387158972,13.108868481450363,0.000713006120130807,4.867868115229509,-8.977449602800004
2021-11-15 00:00:00+00:00,8.0,17.883919915955936,12.181819742589674,0.000713006120130807,4.783342376660796,12.66765518539014,0.000713006120130807,5.215551724445663,-9.883919915955936
2021-11-16 00:00:00+00:00,24.0,15.272448096186366,12.61215752084292,0.000713006120130807,3.4715584150227077,12.181819742589674,0.000713006120130807,3.0899153474765617,8.727551903813634
2021-11-17 00:00:00+00:00,8.0,14.427274023250899,12.296479840535893,0.000713006120130807,1.53334821283301,12.61215752084292,0.000713006120130807,1.814403496287846,-6.427274023250899
2021-11-18 00:00:00+00:00,8.0,14.135246966264392,11.99517756116572,0.000713006120130807,1.5697687518255428,12.296479840535893,0.000713006120130807,1.8380541196083668,-6.135246966264392
2021-11-19 00:00:00+00:00,0.0,-0.1594369326941525,12.003739051790241,0.000713006120130807,-12.148355556330268,11.99517756116572,0.000713006120130807,-12.155327499980004,0.1594369326941525
2021-11-20 00:00:00+00:00,1.0,0.5040913803494931,12.028863786429923,0.000713006120130807,-11.478675319637851,12.003739051790241,0.000713006120130807,-11.500360677560879,0.4959086196505069
2021-11-21 00:00:00+00:00,19.0,16.504874179709027,12.152402514333222,0.000713006120130807,4.584405586395615,12.028863786429923,0.000713006120130807,4.475297387158972,2.4951258202909727
2021-11-22 00:00:00+00:00,13.0,16.93645789711415,11.959338405668133,0.000713006120130807,4.611206835826667,12.152402514333222,0.000713006120130807,4.783342376660796,-3.936457897114149
2021-11-23 00:00:00+00:00,15.0,15.431609826810972,11.93880487260549,0.000713006120130807,3.4526847491765933,11.959338405668133,0.000713006120130807,3.4715584150227077,-0.4316098268109716
2021-11-24 00:00:00+00:00,19.0,13.47286609155863,12.21159803042609,0.000713006120130807,1.7750416868797418,11.93880487260549,0.000713006120130807,1.53334821283301,5.527133908441369
2021-11-25 00:00:00+00:00,19.0,13.782079788371764,12.469169753244312,0.000713006120130807,1.7979407636020264,12.21159803042609,0.000713006120130807,1.5697687518255428,5.217920211628236
2021-11-26 00:00:00+00:00,0.0,0.3215272030341758,12.454055176456826,0.000713006120130807,-12.162415470200488,12.469169753244312,0.000713006120130807,-12.148355556330268,-0.3215272030341758
2021-11-27 00:00:00+00:00,1.0,0.9760928629391064,12.455945041612038,0.000713006120130807,-11.477629895534424,12.454055176456826,0.000713006120130807,-11.478675319637851,0.023907137060893646
2021-11-28 00:00:00+00:00,52.0,17.041063634127784,14.177555870595997,0.000713006120130807,6.11310869350542,12.455945041612038,0.000713006120130807,4.584405586395615,34.95893636587222
2021-11-29 00:00:00+00:00,25.0,18.789475712542796,14.483989783475797,0.000713006120130807,4.882783970658637,14.177555870595997,0.000713006120130807,4.611206835826667,6.210524287457204
2021-11-30 00:00:00+00:00,16.0,17.937387538772523,14.389332439576586,0.000713006120130807,3.36796562845733,14.483989783475797,0.000713006120130807,3.4526847491765933,-1.9373875387725228
2021-12-01 00:00:00+00:00,29.0,16.16508713257646,15.021860252046446,0.000713006120130807,2.3362936361543847,14.389332439576586,0.000713006120130807,1.7750416868797418,12.83491286742354
2021-12-02 00:00:00+00:00,21.0,16.820514021768602,15.228313737377775,0.000713006120130807,1.9807035666283075,15.021860252046446,0.000713006120130807,1.7979407636020264,4.179485978231398
2021-12-03 00:00:00+00:00,2.0,3.0666112732974184,15.176521455612448,0.000713006120130807,-12.209056819654124,15.228313737377775,0.000713006120130807,-12.162415470200488,-1.0666112732974184
2021-12-04 00:00:00+00:00,3.0,3.699604566198156,15.142795542818234,0.000713006120130807,-11.508222578987443,15.176521455612448,0.000713006120130807,-11.477629895534424,-0.6996045661981558
2021-12-05 00:00:00+00:00,28.0,21.256617242443784,15.475460087302237,0.000713006120130807,6.407986949125645,15.142795542818234,0.000713006120130807,6.11310869350542,6.7433827575562155
2021-12-06 00:00:00+00:00,20.0,20.358957064081004,15.458502978301771,0.000713006120130807,4.867087303762463,15.475460087302237,0.000713006120130807,4.882783970658637,-0.3589570640810038
2021-12-07 00:00:00+00:00,21.0,18.827181612879233,15.566175715482968,0.000713006120130807,3.4629797955021675,15.458502978301771,0.000713006120130807,3.36796562845733,2.172818387120767
2021-12-08 00:00:00+00:00,17.0,17.903182357757483,15.522428428622584,0.000713006120130807,2.296798793916035,15.566175715482968,0.000713006120130807,2.3362936361543847,-0.9031823577574833
2021-12-09 00:00:00+00:00,12.0,17.503845001371023,15.252207708924738,0.000713006120130807,1.7400284823926109,15.522428428622584,0.000713006120130807,1.9807035666283075,-5.5038450013710225
2021-12-10 00:00:00+00:00,1.0,3.0438638953907446,15.152308931808765,0.000713006120130807,-12.298431995566043,15.252207708924738,0.000713006120130807,-12.209056819654124,-2.0438638953907446
2021-12-11 00:00:00+00:00,8.0,3.6447993589414533,15.367412193481679,0.000713006120130807,-11.31777603100344,15.152308931808765,0.000713006120130807,-11.508222578987443,4.355200641058547
2021-12-12 00:00:00+00:00,43.0,21.776112148727456,16.412897901314118,0.000713006120130807,7.336076492915771,15.367412193481679,0.000713006120130807,6.407986949125645,21.223887851272544
2021-12-13 00:00:00+00:00,25.0,21.28069821119671,16.596698238351255,0.000713006120130807,5.029726925898483,16.412897901314118,0.000713006120130807,4.867087303762463,3.719301788803289
2021-12-14 00:00:00+00:00,30.0,20.060391039973553,17.086701056964813,0.000713006120130807,3.897624343655021,16.596698238351255,0.000713006120130807,3.4629797955021675,9.939608960026447
2021-12-15 00:00:00+00:00,17.0,19.38421285700098,16.97004817208883,0.000713006120130807,2.192540656186575,17.086701056964813,0.000713006120130807,2.296798793916035,-2.3842128570009784
2021-12-16 00:00:00+00:00,24.0,18.71078966060157,17.231129241541268,0.000713006120130807,1.971317907087153,16.97004817208883,0.000713006120130807,1.7400284823926109,5.28921033939843
2021-12-17 00:00:00+00:00,1.0,4.933410252095355,17.038215157053767,0.000713006120130807,-12.47043426734528,17.231129241541268,0.000713006120130807,-12.298431995566043,-3.9334102520953547
2021-12-18 00:00:00+00:00,3.0,5.721152132170456,16.904976010541905,0.000713006120130807,-11.436768029954198,17.038215157053767,0.000713006120130807,-11.31777603100344,-2.721152132170456
2021-12-19 00:00:00+00:00,31.0,24.241765509577803,17.238371650345492,0.000713006120130807,7.631604193071167,16.904976010541905,0.000713006120130807,7.336076492915771,6.758234490422197
2021-12-20 00:00:00+00:00,32.0,22.268811582364105,17.71811470436306,0.000713006120130807,5.455257548861983,17.238371650345492,0.000713006120130807,5.029726925898483,9.731188417635895
2021-12-21 00:00:00+00:00,41.0,21.61645205413821,18.67300735457483,0.000713006120130807,4.745238517654261,17.71811470436306,0.000713006120130807,3.897624343655021,19.38354794586179
2021-12-22 00:00:00+00:00,31.0,20.866261016881534,19.172566468911892,0.000713006120130807,2.6356742260412953,18.67300735457483,0.000713006120130807,2.192540656186575,10.133738983118466
2021-12-23 00:00:00+00:00,13.0,21.144597382119173,18.77235137595307,0.000713006120130807,1.615166587324501,19.172566468911892,0.000713006120130807,1.971317907087153,-8.144597382119173
2021-12-24 00:00:00+00:00,1.0,6.3026301147279185,18.51203571334071,0.000713006120130807,-12.70231051916832,18.77235137595307,0.000713006120130807,-12.47043426734528,-5.3026301147279185
2021-12-25 00:00:00+00:00,0.0,7.07598068950664,18.16442462756753,0.000713006120130807,-11.746190306212513,18.51203571334071,0.000713006120130807,-11.436768029954198,-7.07598068950664
2021-12-26 00:00:00+00:00,19.0,25.796741826758826,17.830559427708398,0.000713006120130807,7.334392623472827,18.16442462756753,0.000713006120130807,7.631604193071167,-6.796741826758826
2021-12-27 00:00:00+00:00,18.0,23.28652998269051,17.571036314442534,0.000713006120130807,5.224085332242214,17.830559427708398,0.000713006120130807,5.455257548861983,-5.28652998269051
2021-12-28 00:00:00+00:00,24.0,22.316987838216924,17.65459772117628,0.000713006120130807,4.818834175545415,17.571036314442534,0.000713006120130807,4.745238517654261,1.6830121617830756
2021-12-29 00:00:00+00:00,11.0,20.290984953337706,17.197950251247484,0.000713006120130807,2.2293930561100708,17.65459772117628,0.000713006120130807,2.6356742260412953,-9.290984953337706
2021-12-30 00:00:00+00:00,13.0,18.813829844692116,16.912470135885847,0.000713006120130807,1.3609363197107283,17.197950251247484,0.000713006120130807,1.615166587324501,-5.8138298446921155
2021-12-31 00:00:00+00:00,0.0,4.210872622837657,16.70589761554836,0.000713006120130807,-12.886445814212927,16.912470135885847,0.000713006120130807,-12.70231051916832,-4.210872622837657
2022-01-01 00:00:00+00:00,1.0,4.960420315455975,16.51165392655727,0.000713006120130807,-11.919373688519553,16.70589761554836,0.000713006120130807,-11.746190306212513,-3.960420315455975
2022-01-02 00:00:00+00:00,19.0,23.846759556150225,16.27377906830902,0.000713006120130807,7.1224509237781515,16.51165392655727,0.000713006120130807,7.334392623472827,-4.846759556150225
2022-01-03 00:00:00+00:00,24.0,21.498577406671366,16.397627762822808,0.000713006120130807,5.333468880145267,16.27377906830902,0.000713006120130807,5.224085332242214,2.501422593328634
2022-01-04 00:00:00+00:00,21.0,21.217174944488352,16.387650057840084,0.000713006120130807,4.8093374331688405,16.397627762822808,0.000713006120130807,4.818834175545415,-0.2171749444883524
2022-01-05 00:00:00+00:00,27.0,18.617756120070283,16.80098961222576,0.000713006120130807,2.5959363093055545,16.387650057840084,0.000713006120130807,2.2293930561100708,8.382243879929717
2022-01-06 00:00:00+00:00,9.0,18.162638938056617,16.350660137099748,0.000713006120130807,0.9602675331281261,16.80098961222576,0.000713006120130807,1.3609363197107283,-9.162638938056617
2022-01-07 00:00:00+00:00,0.0,3.464927329006951,16.1808077165586,0.000713006120130807,-13.03796201362835,16.350660137099748,0.000713006120130807,-12.886445814212927,-3.464927329006951
2022-01-08 00:00:00+00:00,2.0,4.262147034159177,16.070163676075826,0.000713006120130807,-12.018294066521507,16.1808077165586,0.000713006120130807,-11.919373688519553,-2.2621470341591774
2022-01-09 00:00:00+00:00,16.0,23.193327605974105,15.716776040039354,0.000713006120130807,6.807897238659564,16.070163676075826,0.000713006120130807,7.1224509237781515,-7.193327605974105
2022-01-10 00:00:00+00:00,20.0,21.050957926304754,15.665754314062061,0.000713006120130807,5.28751202863899,15.716776040039354,0.000713006120130807,5.333468880145267,-1.0509579263047542
2022-01-11 00:00:00+00:00,25.0,20.475804753351035,15.889176548766436,0.000713006120130807,5.0071738678458235,15.665754314062061,0.000713006120130807,4.8093374331688405,4.524195246648965
2022-01-12 00:00:00+00:00,19.0,18.485825864192122,15.91520042652248,0.000713006120130807,2.618420391509278,15.889176548766436,0.000713006120130807,2.5959363093055545,0.5141741358078775
2022-01-13 00:00:00+00:00,14.0,16.876180965770736,15.774329789754976,0.000713006120130807,0.8344963502475138,15.91520042652248,0.000713006120130807,0.9602675331281261,-2.876180965770736
2022-01-14 00:00:00+00:00,2.0,2.737080782246757,15.73875906286424,0.000713006120130807,-13.070193477143686,15.774329789754976,0.000713006120130807,-13.03796201362835,-0.7370807822467569
2022-01-15 00:00:00+00:00,0.0,3.721178002462864,15.556292379078858,0.000713006120130807,-12.18101573273407,15.73875906286424,0.000713006120130807,-12.018294066521507,-3.721178002462864
2022-01-16 00:00:00+00:00,22.0,22.364902623858555,15.539042592384488,0.000713006120130807,6.791940581138666,15.556292379078858,0.000713006120130807,6.807897238659564,-0.3649026238585549
2022-01-17 00:00:00+00:00,21.0,20.82726762714361,15.548258567853448,0.000713006120130807,5.295065362422389,15.539042592384488,0.000713006120130807,5.28751202863899,0.17273237285639098
2022-01-18 00:00:00+00:00,8.0,20.556145441819403,14.930879446448706,0.000713006120130807,4.458112009975051,15.548258567853448,0.000713006120130807,5.0071738678458235,-12.556145441819403
2022-01-19 00:00:00+00:00,12.0,17.550012844078115,14.658386056347807,0.000713006120130807,2.375726455102101,14.930879446448706,0.000713006120130807,2.618420391509278,-5.550012844078115
2022-01-20 00:00:00+00:00,17.0,15.493595412715452,14.733253732034509,0.000713006120130807,0.9003692174607866,14.658386056347807,0.000713006120130807,0.8344963502475138,1.506404587284548
2022-01-21 00:00:00+00:00,1.0,1.6637732610109541,14.701291660520868,0.000713006120130807,-13.099219310078194,14.733253732034509,0.000713006120130807,-13.070193477143686,-0.6637732610109541
2022-01-22 00:00:00+00:00,1.0,2.5209889339069296,14.627132064180598,0.000713006120130807,-12.247526352073535,14.701291660520868,0.000713006120130807,-12.18101573273407,-1.5209889339069296
2022-01-23 00:00:00+00:00,29.0,21.419785651439398,15.000990701299209,0.000713006120130807,7.123412257105196,14.627132064180598,0.000713006120130807,6.791940581138666,7.580214348560602
2022-01-24 00:00:00+00:00,24.0,20.29676906984173,15.183999930009588,0.000713006120130807,5.457002229437732,15.000990701299209,0.000713006120130807,5.295065362422389,3.70323093015827
2022-01-25 00:00:00+00:00,29.0,19.64282494610477,15.64533170352803,0.000713006120130807,4.867287576100805,15.183999930009588,0.000713006120130807,4.458112009975051,9.35717505389523
2022-01-26 00:00:00+00:00,22.0,18.021771164750263,15.841878051652202,0.000713006120130807,2.5496885779079035,15.64533170352803,0.000713006120130807,2.375726455102101,3.9782288352497375
2022-01-27 00:00:00+00:00,15.0,16.74296027523312,15.756791635513167,0.000713006120130807,0.8241521163329917,15.841878051652202,0.000713006120130807,0.9003692174607866,-1.74296027523312
2022-01-28 00:00:00+00:00,2.0,2.6582853315551045,15.725099714262504,0.000713006120130807,-13.12800516389197,15.756791635513167,0.000713006120130807,-13.099219310078194,-0.6582853315551045
2022-01-29 00:00:00+00:00,4.0,3.4782863683090994,15.751494733231622,0.000713006120130807,-12.224712578752733,15.725099714262504,0.000713006120130807,-12.247526352073535,0.5217136316909006
2022-01-30 00:00:00+00:00,26.0,22.875619996456948,15.906009293541642,0.000713006120130807,7.2600368205421635,15.751494733231622,0.000713006120130807,7.123412257105196,3.1243800035430525
2022-01-31 00:00:00+00:00,27.0,21.363724529099507,16.184175082704744,0.000713006120130807,5.703468304226658,15.906009293541642,0.000713006120130807,5.457002229437732,5.636275470900493
2022-02-01 00:00:00+00:00,21.0,21.052175664925677,16.182319675780573,0.000713006120130807,4.865006010659208,16.184175082704744,0.000713006120130807,4.867287576100805,-0.05217566492567727
2022-02-02 00:00:00+00:00,22.0,18.732721259808606,16.343868606994054,0.000713006120130807,2.692561893893579,16.182319675780573,0.000713006120130807,2.5496885779079035,3.2672787401913936
2022-02-03 00:00:00+00:00,23.0,17.168733729447176,16.631633064694675,0.000713006120130807,1.0791448533225827,16.343868606994054,0.000713006120130807,0.8241521163329917,5.831266270552824
2022-02-04 00:00:00+00:00,1.0,3.5043409069228346,16.509066724746383,0.000713006120130807,-13.237516325376061,16.631633064694675,0.000713006120130807,-13.12800516389197,-2.5043409069228346
2022-02-05 00:00:00+00:00,5.0,4.285067152113779,16.54497320381846,0.000713006120130807,-12.193449611982228,16.509066724746383,0.000713006120130807,-12.224712578752733,0.7149328478862209
2022-02-06 00:00:00+00:00,22.0,23.805723030480756,16.456797211734315,0.000713006120130807,7.1810751960125785,16.54497320381846,0.000713006120130807,7.2600368205421635,-1.805723030480756
2022-02-07 00:00:00+00:00,30.0,22.160978522081102,16.843395956869745,0.000713006120130807,6.046257237064264,16.456797211734315,0.000713006120130807,5.703468304226658,7.839021477918898
2022-02-08 00:00:00+00:00,26.0,21.709114973649083,17.055333201128164,0.000713006120130807,5.052640130970635,16.843395956869745,0.000713006120130807,4.865006010659208,4.290885026350917
2022-02-09 00:00:00+00:00,24.0,19.748608101141873,17.265326346275295,0.000713006120130807,2.878469037558009,17.055333201128164,0.000713006120130807,2.692561893893579,4.251391898858127
2022-02-10 00:00:00+00:00,22.0,18.345184205718006,17.44595227873629,0.000713006120130807,1.2389645973262122,17.265326346275295,0.000713006120130807,1.0791448533225827,3.654815794281994
2022-02-11 00:00:00+00:00,1.0,4.209148959480357,17.28869087168157,0.000713006120130807,-13.37784771115372,17.44595227873629,0.000713006120130807,-13.237516325376061,-3.2091489594803573
2022-02-12 00:00:00+00:00,5.0,5.095954265819472,17.284680407802067,0.000713006120130807,-12.19764555154868,17.28869087168157,0.000713006120130807,-12.193449611982228,-0.09595426581947208
2022-02-13 00:00:00+00:00,30.0,24.466468609934775,17.55778848974058,0.000713006120130807,7.423048422564756,17.284680407802067,0.000713006120130807,7.1810751960125785,5.5335313900652245
2022-02-14 00:00:00+00:00,22.0,23.604758732924974,17.479505219177412,0.000713006120130807,5.976083487053412,17.55778848974058,0.000713006120130807,6.046257237064264,-1.6047587329249744
2022-02-15 00:00:00+00:00,22.0,22.532858356268175,17.453987599296806,0.000713006120130807,5.029339015160034,17.479505219177412,0.000713006120130807,5.052640130970635,-0.532858356268175
2022-02-16 00:00:00+00:00,22.0,20.333169642974944,17.536752436241173,0.000713006120130807,2.9513570888173906,17.453987599296806,0.000713006120130807,2.878469037558009,1.6668303570250558
2022-02-17 00:00:00+00:00,15.0,18.776430039687515,17.351565901097224,0.000713006120130807,1.073826840415253,17.536752436241173,0.000713006120130807,1.2389645973262122,-3.776430039687515
2022-02-18 00:00:00+00:00,1.0,3.974431196063634,17.2058587725773,0.000713006120130807,-13.507915232765898,17.351565901097224,0.000713006120130807,-13.37784771115372,-2.974431196063634
2022-02-19 00:00:00+00:00,4.0,5.00892622714875,17.1569061101096,0.000713006120130807,-12.241764418385618,17.2058587725773,0.000713006120130807,-12.19764555154868,-1.0089262271487502
2022-02-20 00:00:00+00:00,19.0,24.580667538794486,16.882903703920626,0.000713006120130807,7.179014001236357,17.1569061101096,0.000713006120130807,7.423048422564756,-5.580667538794486
2022-02-21 00:00:00+00:00,21.0,22.859700197094167,16.792070617594906,0.000713006120130807,5.894761520050838,16.882903703920626,0.000713006120130807,5.976083487053412,-1.859700197094167
2022-02-22 00:00:00+00:00,19.0,21.82212263887507,16.65386107028644,0.000713006120130807,4.905931723772735,16.792070617594906,0.000713006120130807,5.029339015160034,-2.8221226388750686
2022-02-23 00:00:00+00:00,14.0,19.605931165223957,16.37861503015892,0.000713006120130807,2.7062179260913872,16.65386107028644,0.000713006120130807,2.9513570888173906,-5.605931165223957
2022-02-24 00:00:00+00:00,14.0,17.453154876694303,16.2093421234606,0.000713006120130807,0.9228254331044947,16.37861503015892,0.000713006120130807,1.073826840415253,-3.4531548766943025
2022-02-25 00:00:00+00:00,2.0,2.702139896814833,16.175491405812693,0.000713006120130807,-13.538618782515039,16.2093421234606,0.000713006120130807,-13.507915232765898,-0.7021398968148329
2022-02-26 00:00:00+00:00,0.0,3.9344399935472048,15.98252663100086,0.000713006120130807,-12.413811719250992,16.175491405812693,0.000713006120130807,-12.241764418385618,-3.9344399935472048
2022-02-27 00:00:00+00:00,47.0,23.16225363835735,17.1566828273371,0.000713006120130807,8.221403750974654,15.98252663100086,0.000713006120130807,7.179014001236357,23.83774636164265
2022-02-28 00:00:00+00:00,23.0,23.05215735350807,17.1548283218156,0.000713006120130807,5.892480755340723,17.1566828273371,0.000713006120130807,5.894761520050838,-0.05215735350806838
2022-03-01 00:00:00+00:00,18.0,22.061473051708465,16.955610184174493,0.000713006120130807,4.728329453251408,17.1548283218156,0.000713006120130807,4.905931723772735,-4.0614730517084645
2022-03-02 00:00:00+00:00,27.0,19.66254111638601,17.31751887674265,0.000713006120130807,3.027074260971794,16.955610184174493,0.000713006120130807,2.7062179260913872,7.337458883613991
2022-03-03 00:00:00+00:00,18.0,18.241057315967275,17.306365531841916,0.000713006120130807,0.912284349587135,17.31751887674265,0.000713006120130807,0.9228254331044947,-0.2410573159672751
2022-03-04 00:00:00+00:00,2.0,3.7684597554470063,17.22002387156373,0.000713006120130807,-13.61595093858114,17.306365531841916,0.000713006120130807,-13.538618782515039,-1.7684597554470063
2022-03-05 00:00:00+00:00,0.0,4.8069251584328665,16.984109911884865,0.000713006120130807,-12.624011519051374,17.22002387156373,0.000713006120130807,-12.413811719250992,-4.8069251584328665
2022-03-06 00:00:00+00:00,15.0,25.206226668979646,16.482408511843367,0.000713006120130807,7.775100400739792,16.984109911884865,0.000713006120130807,8.221403750974654,-10.206226668979646
2022-03-07 00:00:00+00:00,15.0,22.37560227330422,16.12004817495328,0.000713006120130807,5.569956465871398,16.482408511843367,0.000713006120130807,5.892480755340723,-7.375602273304221
2022-03-08 00:00:00+00:00,13.0,20.849090634324817,15.734379775108874,0.000713006120130807,4.3851002109455,16.12004817495328,0.000713006120130807,4.728329453251408,-7.849090634324817
2022-03-09 00:00:00+00:00,16.0,18.7621670422008,15.599121617817124,0.000713006120130807,2.9062887400515756,15.734379775108874,0.000713006120130807,3.027074260971794,-2.762167042200801
2022-03-10 00:00:00+00:00,19.0,16.51211897352439,15.722303711589067,0.000713006120130807,1.0210757445966698,15.599121617817124,0.000713006120130807,0.912284349587135,2.487881026475609
2022-03-11 00:00:00+00:00,3.0,2.1070657791280585,15.766972533200176,0.000713006120130807,-13.576904232365438,15.722303711589067,0.000713006120130807,-13.61595093858114,0.8929342208719415
2022-03-12 00:00:00+00:00,0.0,3.143674020268934,15.61293421277378,0.000713006120130807,-12.761479781593165,15.766972533200176,0.000713006120130807,-12.624011519051374,-3.143674020268934
2022-03-13 00:00:00+00:00,20.0,23.388747619633705,15.446831834700598,0.000713006120130807,7.626915428487541,15.61293421277378,0.000713006120130807,7.775100400739792,-3.3887476196337047
2022-03-14 00:00:00+00:00,30.0,21.017501306692125,15.889719690862252,0.000713006120130807,5.962747983277934,15.446831834700598,0.000713006120130807,5.569956465871398,8.982498693307875
2022-03-15 00:00:00+00:00,18.0,20.275532907927882,15.778416713826473,0.000713006120130807,4.285594488280669,15.889719690862252,0.000713006120130807,4.3851002109455,-2.2755329079278823
2022-03-16 00:00:00+00:00,21.0,18.685418459998182,15.893067921365066,0.000713006120130807,3.007502002229482,15.778416713826473,0.000713006120130807,2.9062887400515756,2.314581540001818
2022-03-17 00:00:00+00:00,10.0,16.914856672081868,15.553388368974238,0.000713006120130807,0.7186991857334559,15.893067921365066,0.000713006120130807,1.0210757445966698,-6.914856672081868
2022-03-18 00:00:00+00:00,0.0,1.9771971427289312,15.456771347009864,0.000713006120130807,-13.663364168784128,15.553388368974238,0.000713006120130807,-13.576904232365438,-1.9771971427289312
2022-03-19 00:00:00+00:00,0.0,2.6960045715368306,15.32477012095107,0.000713006120130807,-12.879372114533648,15.456771347009864,0.000713006120130807,-12.761479781593165,-2.6960045715368306
2022-03-20 00:00:00+00:00,12.0,22.952398555558744,14.786337466798832,0.000713006120130807,7.147983074054341,15.32477012095107,0.000713006120130807,7.626915428487541,-10.952398555558744
2022-03-21 00:00:00+00:00,22.0,20.7497984561969,14.848593223886985,0.000713006120130807,6.0174174664831215,14.786337466798832,0.000713006120130807,5.962747983277934,1.250201543803101
2022-03-22 00:00:00+00:00,12.0,19.134900718287785,14.498081725235354,0.000713006120130807,3.97359572542316,14.848593223886985,0.000713006120130807,4.285594488280669,-7.134900718287785
2022-03-23 00:00:00+00:00,14.0,17.506296733584968,14.326192843472207,0.000713006120130807,2.85417677931701,14.498081725235354,0.000713006120130807,3.007502002229482,-3.5062967335849677
2022-03-24 00:00:00+00:00,15.0,15.045605035325794,14.324660884093891,0.000713006120130807,0.716704944304805,14.326192843472207,0.000713006120130807,0.7186991857334559,-0.04560503532579396
2022-03-25 00:00:00+00:00,0.0,0.6620097214298948,14.292785625044846,0.000713006120130807,-13.69231288471459,14.324660884093891,0.000713006120130807,-13.663364168784128,-0.6620097214298948
2022-03-26 00:00:00+00:00,0.0,1.4141265166313293,14.223886466245094,0.000713006120130807,-12.94120979681311,14.292785625044846,0.000713006120130807,-12.879372114533648,-1.4141265166313293
2022-03-27 00:00:00+00:00,24.0,21.372582546419565,14.353937416984017,0.000713006120130807,7.262876192738695,14.223886466245094,0.000713006120130807,7.147983074054341,2.627417453580435
2022-03-28 00:00:00+00:00,32.0,20.37206788958727,14.927050076337087,0.000713006120130807,6.525889914283417,14.353937416984017,0.000713006120130807,6.0174174664831215,11.62793211041273
2022-03-29 00:00:00+00:00,19.0,18.901358807880378,14.932618819799648,0.000713006120130807,3.9779091603430365,14.927050076337087,0.000713006120130807,3.97359572542316,0.09864119211962219
2022-03-30 00:00:00+00:00,12.0,17.787508605236788,14.648434400714343,0.000713006120130807,2.6010975009701083,14.932618819799648,0.000713006120130807,2.85417677931701,-5.787508605236788
2022-03-31 00:00:00+00:00,26.0,15.36585235113928,15.172626764026878,0.000713006120130807,1.1817206525100397,14.648434400714343,0.000713006120130807,0.716704944304805,10.63414764886072
2022-04-01 00:00:00+00:00,1.0,1.481026885432419,15.149660613801517,0.000713006120130807,-13.713347486187242,15.172626764026878,0.000713006120130807,-13.69231288471459,-0.4810268854324189
2022-04-02 00:00:00+00:00,3.0,2.209163823108538,15.189303530168663,0.000713006120130807,-12.906627688588301,15.149660613801517,0.000713006120130807,-12.94120979681311,0.790836176891462
2022-04-03 00:00:00+00:00,18.0,22.45289272902749,14.970817264244856,0.000713006120130807,7.068157712769827,15.189303530168663,0.000713006120130807,7.262876192738695,-4.452892729027489
2022-04-04 00:00:00+00:00,18.0,21.497420184648405,14.799365341821078,0.000713006120130807,6.3729528498606,14.970817264244856,0.000713006120130807,6.525889914283417,-3.497420184648405
2022-04-05 00:00:00+00:00,17.0,18.777987508284244,14.712554665868536,0.000713006120130807,3.9001603695940728,14.799365341821078,0.000713006120130807,3.9779091603430365,-1.7779875082842445
2022-04-06 00:00:00+00:00,26.0,17.314365172958777,15.140829023043878,0.000713006120130807,2.9809075961159412,14.712554665868536,0.000713006120130807,2.6010975009701083,8.685634827041223
2022-04-07 00:00:00+00:00,16.0,16.32326268167405,15.125629015127087,0.000713006120130807,1.167584848699653,15.140829023043878,0.000713006120130807,1.1817206525100397,-0.3232626816740485
2022-04-08 00:00:00+00:00,1.0,1.4129945350599762,15.106011843326439,0.000713006120130807,-13.731407132578026,15.125629015127087,0.000713006120130807,-13.713347486187242,-0.4129945350599762
2022-04-09 00:00:00+00:00,0.0,2.2000971608582685,14.998422286274025,0.000713006120130807,-13.002834716472332,15.106011843326439,0.000713006120130807,-12.906627688588301,-2.2000971608582685
2022-04-10 00:00:00+00:00,20.0,22.067293005163982,14.897370181620325,0.000713006120130807,6.977758016187935,14.998422286274025,0.000713006120130807,7.068157712769827,-2.0672930051639824
2022-04-11 00:00:00+00:00,29.0,21.271036037601057,15.278551206466274,0.000713006120130807,6.710929128669624,14.897370181620325,0.000713006120130807,6.3729528498606,7.728963962398943
2022-04-12 00:00:00+00:00,19.0,19.179424582180477,15.270431810776147,0.000713006120130807,3.8923143952943815,15.278551206466274,0.000713006120130807,3.9001603695940728,-0.1794245821804772
2022-04-13 00:00:00+00:00,21.0,18.25205241301222,15.406416009655096,0.000713006120130807,3.1010713210770944,15.270431810776147,0.000713006120130807,2.9809075961159412,2.747947586987781
2022-04-14 00:00:00+00:00,12.0,16.57471386447488,15.181932944384302,0.000713006120130807,0.9675393088248141,15.406416009655096,0.000713006120130807,1.167584848699653,-4.57471386447488
2022-04-15 00:00:00+00:00,2.0,1.4512388179264075,15.209659413203045,0.000713006120130807,-13.707410609476822,15.181932944384302,0.000713006120130807,-13.731407132578026,0.5487611820735925
2022-04-16 00:00:00+00:00,0.0,2.2075377028508445,15.10170358606787,0.000713006120130807,-13.099367108364682,15.209659413203045,0.000713006120130807,-13.002834716472332,-2.2075377028508445
2022-04-17 00:00:00+00:00,27.0,22.080174608375938,15.344601214646403,0.000713006120130807,7.192894777898899,15.10170358606787,0.000713006120130807,6.977758016187935,4.919825391624062
2022-04-18 00:00:00+00:00,17.0,22.05624334943616,15.096414251933135,0.000713006120130807,6.489827009380547,15.344601214646403,0.000713006120130807,6.710929128669624,-5.0562433494361585
2022-04-19 00:00:00+00:00,19.0,18.989441653347647,15.097647006010611,0.000713006120130807,3.8927760963359828,15.096414251933135,0.000713006120130807,3.8923143952943815,0.010558346652352668
2022-04-20 00:00:00+00:00,31.0,18.199431333207837,15.728484181801027,0.000713006120130807,3.660821448738319,15.097647006010611,0.000713006120130807,3.1010713210770944,12.800568666792163
2022-04-21 00:00:00+00:00,20.0,16.696736496745974,15.891804508452935,0.000713006120130807,1.1119861858172304,15.728484181801027,0.000713006120130807,0.9675393088248141,3.3032635032540263
2022-04-22 00:00:00+00:00,1.0,2.1851069050962444,15.834179129460413,0.000713006120130807,-13.759233599430445,15.891804508452935,0.000713006120130807,-13.707410609476822,-1.1851069050962444
2022-04-23 00:00:00+00:00,2.0,2.7355250272158624,15.798684986577198,0.000713006120130807,-13.131530540990155,15.834179129460413,0.000713006120130807,-13.099367108364682,-0.7355250272158624
2022-04-24 00:00:00+00:00,15.0,22.99229277059623,15.405967280599457,0.000713006120130807,6.843403515822944,15.798684986577198,0.000713006120130807,7.192894777898899,-7.9922927705962294
2022-04-25 00:00:00+00:00,18.0,21.896507296100136,15.21486979075788,0.000713006120130807,6.319438449840753,15.405967280599457,0.000713006120130807,6.489827009380547,-3.896507296100136
2022-04-26 00:00:00+00:00,12.0,19.108358893213996,14.865664846988421,0.000713006120130807,3.581937968631501,15.21486979075788,0.000713006120130807,3.8927760963359828,-7.108358893213996
2022-04-27 00:00:00+00:00,10.0,18.52719930184687,14.446615691007999,0.000713006120130807,3.2879395071583257,14.865664846988421,0.000713006120130807,3.660821448738319,-8.52719930184687
2022-04-28 00:00:00+00:00,19.0,15.55931488294536,14.616700770269336,0.000713006120130807,1.262442308794777,14.446615691007999,0.000713006120130807,1.1119861858172304,3.44068511705464
2022-04-29 00:00:00+00:00,1.0,0.8581801769590225,14.624395036407105,0.000713006120130807,-13.75303202619425,14.616700770269336,0.000713006120130807,-13.759233599430445,0.1418198230409775
2022-04-30 00:00:00+00:00,0.0,1.4935775015370805,14.551584802467143,0.000713006120130807,-13.196842498522651,14.624395036407105,0.000713006120130807,-13.131530540990155,-1.4935775015370805
2022-05-01 00:00:00+00:00,0.0,21.39570132441022,13.499067371526076,0.000713006120130807,5.907800820388843,14.551584802467143,0.000713006120130807,6.843403515822944,-21.39570132441022
2022-05-02 00:00:00+00:00,2.0,19.81921882748696,12.622606811367675,0.000713006120130807,5.540230097997375,13.499067371526076,0.000713006120130807,6.319438449840753,-17.81921882748696
2022-05-03 00:00:00+00:00,1.0,16.205257786119308,11.874821786931001,0.000713006120130807,2.91703430626671,12.622606811367675,0.000713006120130807,3.581937968631501,-15.205257786119308
2022-05-04 00:00:00+00:00,5.0,15.163474300209458,11.37522492627162,0.000713006120130807,2.843505655419965,11.874821786931001,0.000713006120130807,3.2879395071583257,-10.163474300209458
2022-05-05 00:00:00+00:00,14.0,12.638380241186528,11.442965385801289,0.000713006120130807,1.3219839474251869,11.37522492627162,0.000713006120130807,1.262442308794777,1.3616197588134717
2022-05-06 00:00:00+00:00,1.0,-2.3093536342728296,11.606585506849159,0.000713006120130807,-13.608318836688383,11.442965385801289,0.000713006120130807,-13.75303202619425,3.3093536342728296
2022-05-07 00:00:00+00:00,1.0,-1.5895439855533606,11.734772088260879,0.000713006120130807,-13.083605531148054,11.606585506849159,0.000713006120130807,-13.196842498522651,2.5895439855533606
2022-05-08 00:00:00+00:00,32.0,17.643285914769855,12.442212488892649,0.000713006120130807,6.535598908988694,11.734772088260879,0.000713006120130807,5.907800820388843,14.356714085230145
2022-05-09 00:00:00+00:00,25.0,17.983155593010153,12.788338528664205,0.000713006120130807,5.847066431197234,12.442212488892649,0.000713006120130807,5.540230097997375,7.016844406989847
2022-05-10 00:00:00+00:00,19.0,15.706085841051046,12.951198622027222,0.000713006120130807,3.061072350120182,12.788338528664205,0.000713006120130807,2.91703430626671,3.2939141589489545
2022-05-11 00:00:00+00:00,11.0,15.795417283567318,12.715851152031988,0.000713006120130807,2.633809078139831,12.951198622027222,0.000713006120130807,2.843505655419965,-4.795417283567318
2022-05-12 00:00:00+00:00,16.0,14.038548105577306,12.813119106490287,0.000713006120130807,1.407755367186618,12.715851152031988,0.000713006120130807,1.3219839474251869,1.9614518944226944
2022-05-13 00:00:00+00:00,1.0,-0.7944867240779647,12.902167989431847,0.000713006120130807,-13.529848559387748,12.813119106490287,0.000713006120130807,-13.608318836688383,1.7944867240779647
2022-05-14 00:00:00+00:00,2.0,-0.1807245355960756,13.01022991676334,0.000713006120130807,-12.988245639805058,12.902167989431847,0.000713006120130807,-13.083605531148054,2.1807245355960756
2022-05-15 00:00:00+00:00,21.0,19.546541831872165,13.082491238054658,0.000713006120130807,6.599156506806236,13.01022991676334,0.000713006120130807,6.535598908988694,1.4534581681278347
2022-05-16 00:00:00+00:00,23.0,18.93027067537202,13.283541813404568,0.000713006120130807,6.02502973644608,13.082491238054658,0.000713006120130807,5.847066431197234,4.069729324627978
2022-05-17 00:00:00+00:00,24.0,16.345327169644882,13.661065763388333,0.000713006120130807,3.395799986487757,13.283541813404568,0.000713006120130807,3.061072350120182,7.654672830355118
2022-05-18 00:00:00+00:00,14.0,16.295587847648296,13.548775556599871,0.000713006120130807,2.5334263823216223,13.661065763388333,0.000713006120130807,2.633809078139831,-2.295587847648296
2022-05-19 00:00:00+00:00,18.0,14.957243929906621,13.699272075631487,0.000713006120130807,1.5408106355119395,13.548775556599871,0.000713006120130807,1.407755367186618,3.042756070093379
2022-05-20 00:00:00+00:00,1.0,0.17013652236387067,13.740836160199542,0.000713006120130807,-13.493559844437664,13.699272075631487,0.000713006120130807,-13.529848559387748,0.8298634776361293
2022-05-21 00:00:00+00:00,0.0,0.7533035265146157,13.70446684822031,0.000713006120130807,-13.021186500176995,13.740836160199542,0.000713006120130807,-12.988245639805058,-0.7533035265146157
2022-05-22 00:00:00+00:00,16.0,20.304336361146678,13.493293457247361,0.000713006120130807,6.410934179317056,13.70446684822031,0.000713006120130807,6.599156506806236,-4.304336361146678
2022-05-23 00:00:00+00:00,16.0,19.519036199813574,13.320777459159283,0.000713006120130807,5.8711474353261135,13.493293457247361,0.000713006120130807,6.02502973644608,-3.5190361998135735
2022-05-24 00:00:00+00:00,30.0,16.71729045176717,13.975348629156539,0.000713006120130807,3.9766334290361742,13.320777459159283,0.000713006120130807,3.395799986487757,13.28270954823283
2022-05-25 00:00:00+00:00,15.0,16.509488017598294,13.90175517995614,0.000713006120130807,2.467418681214897,13.975348629156539,0.000713006120130807,2.5334263823216223,-1.5094880175982937
2022-05-26 00:00:00+00:00,10.0,15.443278821588212,13.63451590700017,0.000713006120130807,1.302784021648761,13.90175517995614,0.000713006120130807,1.5408106355119395,-5.443278821588212
2022-05-27 00:00:00+00:00,0.0,0.14166906868263673,13.628255074176474,0.000713006120130807,-13.499754825406477,13.63451590700017,0.000713006120130807,-13.493559844437664,-0.14166906868263673
2022-05-28 00:00:00+00:00,0.0,0.6077815801196103,13.599049263915635,0.000713006120130807,-13.047763898878404,13.628255074176474,0.000713006120130807,-13.021186500176995,-0.6077815801196103
2022-05-29 00:00:00+00:00,19.0,20.01069644935282,13.550009460022775,0.000713006120130807,6.366737903254754,13.599049263915635,0.000713006120130807,6.410934179317056,-1.010696449352821
2022-05-30 00:00:00+00:00,19.0,19.42186990146902,13.52995538709417,0.000713006120130807,5.8526996821558726,13.550009460022775,0.000713006120130807,5.8711474353261135,-0.4218699014690195
2022-05-31 00:00:00+00:00,34.0,17.507301822250476,14.342542304084965,0.000713006120130807,4.697834974903654,13.52995538709417,0.000713006120130807,3.9766334290361742,16.492698177749524
2022-06-01 00:00:00+00:00,15.0,16.810673991419993,14.254122594691683,0.000713006120130807,2.3882405584116864,14.342542304084965,0.000713006120130807,2.467418681214897,-1.8106739914199927
2022-06-02 00:00:00+00:00,20.0,15.557619622460575,14.473517389068498,0.000713006120130807,1.4970428118772237,14.254122594691683,0.000713006120130807,1.302784021648761,4.4423803775394255
2022-06-03 00:00:00+00:00,3.0,0.9744755697821521,14.573939395074628,0.000713006120130807,-13.411181607457443,14.473517389068498,0.000713006120130807,-13.499754825406477,2.025524430217848
2022-06-04 00:00:00+00:00,0.0,1.5268885023163552,14.499489385023674,0.000713006120130807,-13.114532497707398,14.573939395074628,0.000713006120130807,-13.047763898878404,-1.5268885023163552
2022-06-05 00:00:00+00:00,19.0,20.86694029439856,14.408299895758285,0.000713006120130807,6.285099337396621,14.499489385023674,0.000713006120130807,6.366737903254754,-1.8669402943985602
2022-06-06 00:00:00+00:00,14.0,20.26171258403429,14.100772186529216,0.000713006120130807,5.578884158054674,14.408299895758285,0.000713006120130807,5.8526996821558726,-6.261712584034289
2022-06-07 00:00:00+00:00,18.0,18.799320167553002,14.062137647240158,0.000713006120130807,4.662881874187847,14.100772186529216,0.000713006120130807,4.697834974903654,-0.7993201675530024
2022-06-08 00:00:00+00:00,16.0,16.451091211771974,14.04064511838271,0.000713006120130807,2.3685150001221347,14.062137647240158,0.000713006120130807,2.3882405584116864,-0.4510912117719741
2022-06-09 00:00:00+00:00,26.0,15.538400936380064,14.55634355952406,0.000713006120130807,1.954513223062424,14.04064511838271,0.000713006120130807,1.4970428118772237,10.461599063619936
2022-06-10 00:00:00+00:00,3.0,1.145874958186747,14.648328214025595,0.000713006120130807,-13.33010343383323,14.55634355952406,0.000713006120130807,-13.411181607457443,1.854125041813253
2022-06-11 00:00:00+00:00,0.0,1.5345087224383285,14.573503089008886,0.000713006120130807,-13.18163431760626,14.648328214025595,0.000713006120130807,-13.114532497707398,-1.5345087224383285
2022-06-12 00:00:00+00:00,22.0,20.859315432525637,14.630367734532363,0.000713006120130807,6.334979803560705,14.573503089008886,0.000713006120130807,6.285099337396621,1.1406845674743629
2022-06-13 00:00:00+00:00,23.0,20.20996489870717,14.768423744492157,0.000713006120130807,5.70088830839992,14.630367734532363,0.000713006120130807,5.578884158054674,2.7900351012928297
2022-06-14 00:00:00+00:00,28.0,19.432018624800136,15.190906461813038,0.000713006120130807,5.037547156130277,14.768423744492157,0.000713006120130807,4.662881874187847,8.567981375199864
2022-06-15 00:00:00+00:00,38.0,17.560134468055303,16.19779768014822,0.000713006120130807,3.262320395703164,15.190906461813038,0.000713006120130807,2.3685150001221347,20.439865531944697
2022-06-16 00:00:00+00:00,29.0,18.153023909330773,16.732466792476185,0.000713006120130807,2.428835607445359,16.19779768014822,0.000713006120130807,1.954513223062424,10.846976090669227
2022-06-17 00:00:00+00:00,3.0,3.403076364763084,16.713337855142743,0.000713006120130807,-13.347729373157213,16.732466792476185,0.000713006120130807,-13.33010343383323,-0.40307636476308417
2022-06-18 00:00:00+00:00,1.0,3.5324165436566126,16.589389456494924,0.000713006120130807,-13.292373185581758,16.713337855142743,0.000713006120130807,-13.18163431760626,-2.5324165436566126
2022-06-19 00:00:00+00:00,22.0,22.925082266175757,16.544564118966075,0.000713006120130807,6.294527310388871,16.589389456494924,0.000713006120130807,6.334979803560705,-0.9250822661757567
2022-06-20 00:00:00+00:00,18.0,22.246165433486127,16.33625426542222,0.000713006120130807,5.515209710414619,16.544564118966075,0.000713006120130807,5.70088830839992,-4.2461654334861265
2022-06-21 00:00:00+00:00,16.0,21.374514427672626,16.07240000665951,0.000713006120130807,4.80252750854139,16.33625426542222,0.000713006120130807,5.037547156130277,-5.374514427672626
2022-06-22 00:00:00+00:00,28.0,19.335433408482803,16.499637253315658,0.000713006120130807,3.6412092077536014,16.07240000665951,0.000713006120130807,3.262320395703164,8.664566591517197
2022-06-23 00:00:00+00:00,21.0,18.92918586688115,16.602288702183113,0.000713006120130807,2.5193892777977585,16.499637253315658,0.000713006120130807,2.428835607445359,2.0708141331188514
2022-06-24 00:00:00+00:00,2.0,3.2552723351460298,16.541209341223023,0.000713006120130807,-13.402620594644148,16.602288702183113,0.000713006120130807,-13.347729373157213,-1.2552723351460298
2022-06-25 00:00:00+00:00,0.0,3.2495491617613954,16.38195918315423,0.000713006120130807,-13.434471213058938,16.541209341223023,0.000713006120130807,-13.292373185581758,-3.2495491617613954
2022-06-26 00:00:00+00:00,17.0,22.67719949966323,16.103204869196748,0.000713006120130807,6.046271687735264,16.38195918315423,0.000713006120130807,6.294527310388871,-5.677199499663232
2022-06-27 00:00:00+00:00,20.0,21.619127585731498,16.024214273695172,0.000713006120130807,5.444407631506657,16.103204869196748,0.000713006120130807,5.515209710414619,-1.6191275857314977
2022-06-28 00:00:00+00:00,23.0,20.82745478835669,16.131873563468258,0.000713006120130807,4.897529730022529,16.024214273695172,0.000713006120130807,4.80252750854139,2.1725452116433104
2022-06-29 00:00:00+00:00,25.0,19.773795777341988,16.389853077198552,0.000713006120130807,3.869743467204557,16.131873563468258,0.000713006120130807,3.6412092077536014,5.226204222658012
2022-06-30 00:00:00+00:00,22.0,18.909955361116438,16.542677435791006,0.000713006120130807,2.654512406005422,16.389853077198552,0.000713006120130807,2.5193892777977585,3.090044638883562
2022-07-01 00:00:00+00:00,2.0,3.140769847266988,16.487234604502223,0.000713006120130807,-13.452504789968714,16.542677435791006,0.000713006120130807,-13.402620594644148,-1.1407698472669878
2022-07-02 00:00:00+00:00,0.0,3.053476397563415,16.337636376043065,0.000713006120130807,-13.567995265609877,16.487234604502223,0.000713006120130807,-13.434471213058938,-3.053476397563415
2022-07-03 00:00:00+00:00,29.0,22.384621069898458,16.663999770352483,0.000713006120130807,6.335552523379551,16.337636376043065,0.000713006120130807,6.046271687735264,6.615378930101542
2022-07-04 00:00:00+00:00,23.0,22.10912040797927,16.7085674502618,0.000713006120130807,5.483364491810688,16.663999770352483,0.000713006120130807,5.444407631506657,0.8908795920207311
2022-07-05 00:00:00+00:00,14.0,21.60681018640446,16.334825611654413,0.000713006120130807,4.564895057003613,16.7085674502618,0.000713006120130807,4.897529730022529,-7.606810186404459
2022-07-06 00:00:00+00:00,29.0,20.2052820849791,16.768469721692107,0.000713006120130807,4.254323606089205,16.334825611654413,0.000713006120130807,3.869743467204557,8.7947179150209
2022-07-07 00:00:00+00:00,14.0,19.42369513381766,16.502194480516025,0.000713006120130807,2.41734215813777,16.768469721692107,0.000713006120130807,2.654512406005422,-5.4236951338176596
2022-07-08 00:00:00+00:00,3.0,3.0504026966674402,16.500426350195,0.000713006120130807,-13.454708826104019,16.502194480516025,0.000713006120130807,-13.452504789968714,-0.05040269666744024
2022-07-09 00:00:00+00:00,2.0,2.9331440907052517,16.45520415916535,0.000713006120130807,-13.60880029056581,16.500426350195,0.000713006120130807,-13.567995265609877,-0.9331440907052517
2022-07-10 00:00:00+00:00,3.0,22.791469688665032,15.481657057882774,0.000713006120130807,5.470100528768304,16.45520415916535,0.000713006120130807,6.335552523379551,-19.791469688665032
2022-07-11 00:00:00+00:00,4.0,20.965734555813594,14.647210339610165,0.000713006120130807,4.741477757659606,15.481657057882774,0.000713006120130807,5.483364491810688,-16.965734555813594
2022-07-12 00:00:00+00:00,1.0,19.21281840273391,13.751374342938659,0.000713006120130807,3.7684751719676943,14.647210339610165,0.000713006120130807,4.564895057003613,-18.21281840273391
2022-07-13 00:00:00+00:00,23.0,18.006410955147995,13.997903080568049,0.000713006120130807,4.472685944365233,13.751374342938659,0.000713006120130807,4.254323606089205,4.993589044852005
2022-07-14 00:00:00+00:00,18.0,16.41595824482595,14.076592543960079,0.000713006120130807,2.4866099850413996,13.997903080568049,0.000713006120130807,2.41734215813777,1.5840417551740487
2022-07-15 00:00:00+00:00,3.0,0.6225967239761907,14.194336230846938,0.000713006120130807,-13.350748461381407,14.076592543960079,0.000713006120130807,-13.454708826104019,2.3774032760238093
2022-07-16 00:00:00+00:00,2.0,0.586248946401259,14.264642919244674,0.000713006120130807,-13.546979026735084,14.194336230846938,0.000713006120130807,-13.60880029056581,1.413751053598741
2022-07-17 00:00:00+00:00,29.0,19.735456454133107,14.721414789714972,0.000713006120130807,5.875225454661268,14.264642919244674,0.000713006120130807,5.470100528768304,9.264543545866893
2022-07-18 00:00:00+00:00,18.0,19.46360555349471,14.650079962795214,0.000713006120130807,4.677476429535826,14.721414789714972,0.000713006120130807,4.741477757659606,-1.463605553494709
2022-07-19 00:00:00+00:00,17.0,18.41926814088304,14.58092770104381,0.000713006120130807,3.706412653987087,14.650079962795214,0.000713006120130807,3.7684751719676943,-1.419268140883041
2022-07-20 00:00:00+00:00,29.0,19.054326651529173,15.071229046842571,0.000713006120130807,4.9075956793464455,14.58092770104381,0.000713006120130807,4.472685944365233,9.945673348470827
2022-07-21 00:00:00+00:00,14.0,17.558552038004102,14.89676783168041,0.000713006120130807,2.330999714168873,15.071229046842571,0.000713006120130807,2.4866099850413996,-3.558552038004102
2022-07-22 00:00:00+00:00,13.0,1.5467323764191345,15.461282410932451,0.000713006120130807,-12.849913835880027,14.89676783168041,0.000713006120130807,-13.350748461381407,11.453267623580865
2022-07-23 00:00:00+00:00,20.0,1.9150163903174988,16.35225159060176,0.000713006120130807,-12.756149170048117,15.461282410932451,0.000713006120130807,-13.546979026735084,18.084983609682503
2022-07-24 00:00:00+00:00,15.0,22.22819005138316,15.997147806631718,0.000713006120130807,5.559147285843848,16.35225159060176,0.000713006120130807,5.875225454661268,-7.228190051383159
2022-07-25 00:00:00+00:00,16.0,20.675337242287675,15.767711428422711,0.000713006120130807,4.473030776662684,15.997147806631718,0.000713006120130807,4.677476429535826,-4.675337242287675
2022-07-26 00:00:00+00:00,18.0,19.47483708852993,15.695823714996703,0.000713006120130807,3.6419201872792764,15.767711428422711,0.000713006120130807,3.706412653987087,-1.474837088529931
2022-07-27 00:00:00+00:00,15.0,20.60413240046328,15.420666221337763,0.000713006120130807,4.66253517397002,15.695823714996703,0.000713006120130807,4.9075956793464455,-5.604132400463278
2022-07-28 00:00:00+00:00,12.0,17.752378941626766,15.138211104339678,0.000713006120130807,2.0794566045815213,15.420666221337763,0.000713006120130807,2.330999714168873,-5.752378941626766
2022-07-29 00:00:00+00:00,1.0,2.2890102745797822,15.075470950673777,0.000713006120130807,-12.90628036806578,15.138211104339678,0.000713006120130807,-12.849913835880027,-1.2890102745797822
2022-07-30 00:00:00+00:00,2.0,2.3200347867457918,15.060429839964165,0.000713006120130807,-12.770143822738957,15.075470950673777,0.000713006120130807,-12.756149170048117,-0.3200347867457918
2022-07-31 00:00:00+00:00,16.0,20.620290131928144,14.833703225329806,0.000713006120130807,5.357108762517308,15.060429839964165,0.000713006120130807,5.559147285843848,-4.620290131928144
2022-08-01 00:00:00+00:00,23.0,19.30744700811262,15.016186819034282,0.000713006120130807,4.63450071307003,14.833703225329806,0.000713006120130807,4.473030776662684,3.6925529918873785
2022-08-02 00:00:00+00:00,20.0,18.65882001243369,15.082921104993023,0.000713006120130807,3.7005680246370405,15.016186819034282,0.000713006120130807,3.6419201872792764,1.34117998756631
2022-08-03 00:00:00+00:00,27.0,19.746169285083173,15.44071309526982,0.000713006120130807,4.979734571465626,15.082921104993023,0.000713006120130807,4.66253517397002,7.253830714916827
2022-08-04 00:00:00+00:00,26.0,17.520882705971474,15.858821365890776,0.000713006120130807,2.4502359903520725,15.44071309526982,0.000713006120130807,2.0794566045815213,8.479117294028526
2022-08-05 00:00:00+00:00,3.0,2.953254003945128,15.861835502743162,0.000713006120130807,-12.904236234094823,15.858821365890776,0.000713006120130807,-12.90628036806578,0.04674599605487195
2022-08-06 00:00:00+00:00,4.0,3.092404686124336,15.907226035185712,0.000713006120130807,-12.730456008390163,15.861835502743162,0.000713006120130807,-12.770143822738957,0.9075953138756638
2022-08-07 00:00:00+00:00,13.0,21.26504780382315,15.501081617996196,0.000713006120130807,4.995690322153947,15.907226035185712,0.000713006120130807,5.357108762517308,-8.265047803823151
2022-08-08 00:00:00+00:00,26.0,20.136295337186358,15.790442896550708,0.000713006120130807,4.890911933463114,15.501081617996196,0.000713006120130807,4.63450071307003,5.863704662813642
2022-08-09 00:00:00+00:00,16.0,19.49172392730788,15.61927137959331,0.000713006120130807,3.5478800492083575,15.790442896550708,0.000713006120130807,3.7005680246370405,-3.4917239273078806
2022-08-10 00:00:00+00:00,17.0,20.599718957179064,15.442783670809009,0.000713006120130807,4.822324131486286,15.61927137959331,0.000713006120130807,4.979734571465626,-3.599718957179064
2022-08-11 00:00:00+00:00,21.0,17.893732667281213,15.59640661200735,0.000713006120130807,2.5860685132109933,15.442783670809009,0.000713006120130807,2.4502359903520725,3.1062673327187866
2022-08-12 00:00:00+00:00,2.0,2.6928833840326583,15.563011557899301,0.000713006120130807,-12.934535010091611,15.59640661200735,0.000713006120130807,-12.904236234094823,-0.6928833840326583
2022-08-13 00:00:00+00:00,0.0,2.833268555629269,15.424253338752672,0.000713006120130807,-12.854350694399411,15.563011557899301,0.000713006120130807,-12.730456008390163,-2.833268555629269
2022-08-14 00:00:00+00:00,20.0,20.42065666702675,15.404258988822745,0.000713006120130807,4.97729562194968,15.424253338752672,0.000713006120130807,4.995690322153947,-0.4206566670267513
2022-08-15 00:00:00+00:00,20.0,20.295883928405992,15.390406734636176,0.000713006120130807,4.87797336245042,15.404258988822745,0.000713006120130807,4.890911933463114,-0.295883928405992
2022-08-16 00:00:00+00:00,23.0,18.938999789964665,15.59102760828862,0.000713006120130807,3.725461643055562,15.390406734636176,0.000713006120130807,3.5478800492083575,4.061000210035335
2022-08-17 00:00:00+00:00,16.0,20.414064745895036,15.374452698904369,0.000713006120130807,4.6293035423753155,15.59102760828862,0.000713006120130807,4.822324131486286,-4.414064745895036
2022-08-18 00:00:00+00:00,21.0,17.961234218235493,15.524752790950167,0.000713006120130807,2.718949292069508,15.374452698904369,0.000713006120130807,2.5860685132109933,3.038765781764507
2022-08-19 00:00:00+00:00,0.0,2.590930786978687,15.397923954725941,0.000713006120130807,-13.04783262026225,15.524752790950167,0.000713006120130807,-12.934535010091611,-2.590930786978687
2022-08-20 00:00:00+00:00,3.0,2.5442862664466617,15.421070045300171,0.000713006120130807,-12.83442299999977,15.397923954725941,0.000713006120130807,-12.854350694399411,0.45571373355333833
2022-08-21 00:00:00+00:00,19.0,20.39907867336998,15.352911635602055,0.000713006120130807,4.916115959825873,15.421070045300171,0.000713006120130807,4.97729562194968,-1.3990786733699814
2022-08-22 00:00:00+00:00,22.0,20.231598004172607,15.440676464830235,0.000713006120130807,4.955302992772915,15.352911635602055,0.000713006120130807,4.87797336245042,1.7684019958273929
2022-08-23 00:00:00+00:00,18.0,19.16685111400593,15.383949750225357,0.000713006120130807,3.674436952119691,15.440676464830235,0.000713006120130807,3.725461643055562,-1.1668511140059294
2022-08-24 00:00:00+00:00,19.0,20.013966298720803,15.334748983865003,0.000713006120130807,4.584964280587239,15.383949750225357,0.000713006120130807,4.6293035423753155,-1.0139662987208027
2022-08-25 00:00:00+00:00,10.0,18.05441128205464,14.938973415656857,0.000713006120130807,2.3667416784294875,15.334748983865003,0.000713006120130807,2.718949292069508,-8.054411282054641
2022-08-26 00:00:00+00:00,2.0,1.8918538015147384,14.945010055069961,0.000713006120130807,-13.043103545329412,14.938973415656857,0.000713006120130807,-13.04783262026225,0.10814619848526164
2022-08-27 00:00:00+00:00,1.0,2.111300061190322,14.891017911244003,0.000713006120130807,-12.88301852472321,14.945010055069961,0.000713006120130807,-12.83442299999977,-1.111300061190322
2022-08-28 00:00:00+00:00,27.0,19.807846877190006,15.2457737441027,0.000713006120130807,5.230618286515147,14.891017911244003,0.000713006120130807,4.916115959825873,7.192153122809994
2022-08-29 00:00:00+00:00,31.0,20.201789742995746,15.778042296639434,0.000713006120130807,5.427492918643262,15.2457737441027,0.000713006120130807,4.955302992772915,10.798210257004254
2022-08-30 00:00:00+00:00,18.0,19.453192254879255,15.707220077504095,0.000713006120130807,3.6108909822992103,15.778042296639434,0.000713006120130807,3.674436952119691,-1.453192254879255
2022-08-31 00:00:00+00:00,24.0,20.292897364211466,15.890419895817091,0.000713006120130807,4.7470704516215845,15.707220077504095,0.000713006120130807,4.584964280587239,3.7071026357885337
2022-09-01 00:00:00+00:00,15.0,18.25787458036671,15.73075990849599,0.000713006120130807,2.2242795925851784,15.890419895817091,0.000713006120130807,2.3667416784294875,-3.2578745803667104
2022-09-02 00:00:00+00:00,2.0,2.6883693692867094,15.697587062468513,0.000713006120130807,-13.073204930069913,15.73075990849599,0.000713006120130807,-13.043103545329412,-0.6883693692867094
2022-09-03 00:00:00+00:00,1.0,2.8152815438654333,15.60894054048319,0.000713006120130807,-12.962398129049365,15.697587062468513,0.000713006120130807,-12.88301852472321,-1.8152815438654333
2022-09-04 00:00:00+00:00,17.0,20.840271833118468,15.420611312375897,0.000713006120130807,5.062688821442363,15.60894054048319,0.000713006120130807,5.230618286515147,-3.840271833118468
2022-09-05 00:00:00+00:00,23.0,20.84881723713929,15.527219008610317,0.000713006120130807,5.5215609915139385,15.420611312375897,0.000713006120130807,5.427492918643262,2.15118276286071
2022-09-06 00:00:00+00:00,37.0,19.138822997029656,16.407171025222873,0.000713006120130807,4.391934103729364,15.527219008610317,0.000713006120130807,3.6108909822992103,17.861177002970344
2022-09-07 00:00:00+00:00,34.0,21.154954482964587,17.040197630175275,0.000713006120130807,5.308765486829472,16.407171025222873,0.000713006120130807,4.7470704516215845,12.845045517035413
2022-09-08 00:00:00+00:00,20.0,19.265190228880584,17.07708257591348,0.000713006120130807,2.2564117481086945,17.040197630175275,0.000713006120130807,2.2242795925851784,0.7348097711194157
2022-09-09 00:00:00+00:00,1.0,4.004590651963696,16.929890810062084,0.000713006120130807,-13.204591280534908,17.07708257591348,0.000713006120130807,-13.073204930069913,-3.004590651963696
2022-09-10 00:00:00+00:00,2.0,3.9682056871328477,16.833716403862606,0.000713006120130807,-13.048464882278402,16.929890810062084,0.000713006120130807,-12.962398129049365,-1.9682056871328477
2022-09-11 00:00:00+00:00,18.0,21.897118231425097,16.642588839957572,0.000713006120130807,4.892273546595222,16.833716403862606,0.000713006120130807,5.062688821442363,-3.8971182314250967
2022-09-12 00:00:00+00:00,31.0,22.16486283759164,17.078222638528775,0.000713006120130807,5.9079086049127305,16.642588839957572,0.000713006120130807,5.5215609915139385,8.835137162408358
2022-09-13 00:00:00+00:00,40.0,21.47086974837827,17.991055497949265,0.000713006120130807,5.202185842834004,17.078222638528775,0.000713006120130807,4.391934103729364,18.52913025162173
2022-09-14 00:00:00+00:00,15.0,23.300533990898867,17.583164228354363,0.000713006120130807,4.945795287457359,17.991055497949265,0.000713006120130807,5.308765486829472,-8.300533990898867
2022-09-15 00:00:00+00:00,21.0,19.840288982583186,17.64096547492142,0.000713006120130807,2.3071242130738834,17.583164228354363,0.000713006120130807,2.2564117481086945,1.1597110174168144
2022-09-16 00:00:00+00:00,0.0,4.437087200506641,17.42325725611369,0.000713006120130807,-13.398618607880982,17.64096547492142,0.000713006120130807,-13.204591280534908,-4.437087200506641
2022-09-17 00:00:00+00:00,3.0,4.375505379955417,17.35625927157526,0.000713006120130807,-13.108613718792686,17.42325725611369,0.000713006120130807,-13.048464882278402,-1.3755053799554169
2022-09-18 00:00:00+00:00,21.0,22.24924582429061,17.295476573228186,0.000713006120130807,4.8376458556051345,17.35625927157526,0.000713006120130807,4.892273546595222,-1.249245824290611
2022-09-19 00:00:00+00:00,35.0,23.204098184261046,17.876857753601968,0.000713006120130807,6.423726122017914,17.295476573228186,0.000713006120130807,5.9079086049127305,11.795901815738954
2022-09-20 00:00:00+00:00,21.0,23.079756602556103,17.77519211261545,0.000713006120130807,5.111241131384964,17.876857753601968,0.000713006120130807,5.202185842834004,-2.0797566025561025
2022-09-21 00:00:00+00:00,18.0,22.721700406192937,17.543473449070568,0.000713006120130807,4.739322241302693,17.77519211261545,0.000713006120130807,4.945795287457359,-4.721700406192937
2022-09-22 00:00:00+00:00,16.0,19.85131066826458,17.354600820352594,0.000713006120130807,2.138712035901104,17.543473449070568,0.000713006120130807,2.3071242130738834,-3.8513106682645812
2022-09-23 00:00:00+00:00,2.0,3.956695218591742,17.258993031513704,0.000713006120130807,-13.484182025172139,17.354600820352594,0.000713006120130807,-13.398618607880982,-1.956695218591742
2022-09-24 00:00:00+00:00,1.0,4.1510923188411475,17.104589535965026,0.000713006120130807,-13.24640637267059,17.258993031513704,0.000713006120130807,-13.108613718792686,-3.1510923188411475
2022-09-25 00:00:00+00:00,23.0,21.94294839769029,17.157337243084967,0.000713006120130807,4.883869174641916,17.104589535965026,0.000713006120130807,4.8376458556051345,1.0570516023097092
2022-09-26 00:00:00+00:00,20.0,23.58177637122301,16.981732780769757,0.000713006120130807,6.267100285054339,17.157337243084967,0.000713006120130807,6.423726122017914,-3.581776371223011
2022-09-27 00:00:00+00:00,16.0,22.09368691827485,16.682476347284446,0.000713006120130807,4.844773123656471,16.981732780769757,0.000713006120130807,5.111241131384964,-6.093686918274852
2022-09-28 00:00:00+00:00,27.0,21.422511594707267,16.957748268849343,0.000713006120130807,4.983217643777338,16.682476347284446,0.000713006120130807,4.739322241302693,5.577488405292733
2022-09-29 00:00:00+00:00,25.0,19.097173310870577,17.249035378590712,0.000713006120130807,2.3968340052300094,16.957748268849343,0.000713006120130807,2.138712035901104,5.902826689129423
2022-09-30 00:00:00+00:00,7.0,3.7655663595387026,17.40896746826114,0.000713006120130807,-13.342744977312165,17.249035378590712,0.000713006120130807,-13.484182025172139,3.2344336404612974
2022-10-01 00:00:00+00:00,6.0,4.1632741017106785,17.500095627934094,0.000713006120130807,-13.16608903812019,17.40896746826114,0.000713006120130807,-13.24640637267059,1.8367258982893215
2022-10-02 00:00:00+00:00,24.0,22.38467780869614,17.580324910326066,0.000713006120130807,4.954504849222687,17.500095627934094,0.000713006120130807,4.883869174641916,1.6153221913038607
2022-10-03 00:00:00+00:00,19.0,23.848138201500536,17.34238218651815,0.000713006120130807,6.0550982992168425,17.580324910326066,0.000713006120130807,6.267100285054339,-4.848138201500536
2022-10-04 00:00:00+00:00,25.0,22.18786831629475,17.481525928672315,0.000713006120130807,4.967743525201034,17.34238218651815,0.000713006120130807,4.844773123656471,2.8121316837052497
2022-10-05 00:00:00+00:00,25.0,22.465456578569782,17.607005037806697,0.000713006120130807,5.094049517004109,17.481525928672315,0.000713006120130807,4.983217643777338,2.534543421430218
2022-10-06 00:00:00+00:00,12.0,20.004552049156835,17.21368385334883,0.000713006120130807,2.0468066628502837,17.607005037806697,0.000713006120130807,2.3968340052300094,-8.004552049156835
2022-10-07 00:00:00+00:00,5.0,3.871651882156794,17.269941221548706,0.000713006120130807,-13.293403966029787,17.21368385334883,0.000713006120130807,-13.342744977312165,1.1283481178432062
2022-10-08 00:00:00+00:00,2.0,4.104565189548646,17.167054346514988,0.000713006120130807,-13.25811859275844,17.269941221548706,0.000713006120130807,-13.16608903812019,-2.104565189548646
2022-10-09 00:00:00+00:00,17.0,22.122272201857804,16.915617030095603,0.000713006120130807,4.730515384883994,17.167054346514988,0.000713006120130807,4.954504849222687,-5.122272201857804
2022-10-10 00:00:00+00:00,26.0,22.971428335432577,17.065415303839295,0.000713006120130807,6.1875333042546,16.915617030095603,0.000713006120130807,6.0550982992168425,3.0285716645674228
2022-10-11 00:00:00+00:00,22.0,22.033871835160458,17.06446092606725,0.000713006120130807,4.966262359438112,17.065415303839295,0.000713006120130807,4.967743525201034,-0.033871835160457664
2022-10-12 00:00:00+00:00,19.0,22.15922344919149,16.909657165351152,0.000713006120130807,4.9559013007000265,17.06446092606725,0.000713006120130807,5.094049517004109,-3.15922344919149
2022-10-13 00:00:00+00:00,22.0,18.957176834321565,17.060156987247733,0.000713006120130807,2.1798648651673114,16.909657165351152,0.000713006120130807,2.0468066628502837,3.042823165678435
2022-10-14 00:00:00+00:00,7.0,3.7674660273380756,17.21999556336998,0.000713006120130807,-13.15204998786155,17.060156987247733,0.000713006120130807,-13.293403966029787,3.2325339726619244
2022-10-15 00:00:00+00:00,1.0,3.962589976731671,17.074871333836313,0.000713006120130807,-13.387668315184872,17.21999556336998,0.000713006120130807,-13.25811859275844,-2.962589976731671
2022-10-16 00:00:00+00:00,20.0,21.806099724840436,16.986676798496255,0.000713006120130807,4.651537288061544,17.074871333836313,0.000713006120130807,4.730515384883994,-1.8060997248404362
2022-10-17 00:00:00+00:00,18.0,23.174923108870985,16.732647674640212,0.000713006120130807,5.96124149283358,16.986676798496255,0.000713006120130807,6.1875333042546,-5.174923108870985
2022-10-18 00:00:00+00:00,20.0,21.699623040198453,16.6496945886643,0.000713006120130807,4.8919403321523145,16.732647674640212,0.000713006120130807,4.966262359438112,-1.6996230401984533
2022-10-19 00:00:00+00:00,16.0,21.606308895484457,16.37442995428734,0.000713006120130807,4.710745620382732,16.6496945886643,0.000713006120130807,4.9559013007000265,-5.606308895484457
2022-10-20 00:00:00+00:00,19.0,18.55500782557478,16.397048262563843,0.000713006120130807,2.1993237214827306,16.37442995428734,0.000713006120130807,2.1798648651673114,0.4449921744252201
2022-10-21 00:00:00+00:00,1.0,3.2457112808224213,16.287213292810176,0.000713006120130807,-13.250251654432166,16.397048262563843,0.000713006120130807,-13.15204998786155,-2.2457112808224213
2022-10-22 00:00:00+00:00,4.0,2.9002579837454334,16.342062489507654,0.000713006120130807,-13.339578206845397,16.287213292810176,0.000713006120130807,-13.387668315184872,1.0997420162545666
2022-10-23 00:00:00+00:00,17.0,20.994312783689328,16.1461504009353,0.000713006120130807,4.4768718377375105,16.342062489507654,0.000713006120130807,4.651537288061544,-3.9943127836893275
2022-10-24 00:00:00+00:00,32.0,22.10810489988901,16.633804444494903,0.000713006120130807,6.393799583745813,16.1461504009353,0.000713006120130807,5.96124149283358,9.89189510011099
2022-10-25 00:00:00+00:00,25.0,21.526457782767345,16.805506956036506,0.000713006120130807,5.043833248017582,16.633804444494903,0.000713006120130807,4.8919403321523145,3.473542217232655
2022-10-26 00:00:00+00:00,24.0,21.516965582539367,16.928450469354658,0.000713006120130807,4.819325080275517,16.805506956036506,0.000713006120130807,4.710745620382732,2.483034417460633
2022-10-27 00:00:00+00:00,24.0,19.12848719695752,17.168969849703984,0.000713006120130807,2.4123478444250486,16.928450469354658,0.000713006120130807,2.1993237214827306,4.8715128030424815
2022-10-28 00:00:00+00:00,8.0,3.919431201391948,17.370554011859227,0.000713006120130807,-13.07181435485525,17.168969849703984,0.000713006120130807,-13.250251654432166,4.080568798608052
2022-10-29 00:00:00+00:00,2.0,4.031688811133959,17.27125456865237,0.000713006120130807,-13.42842098414719,17.370554011859227,0.000713006120130807,-13.339578206845397,-2.031688811133959
2022-10-30 00:00:00+00:00,26.0,21.74883941251001,17.48123632720508,0.000713006120130807,4.662768866494453,17.27125456865237,0.000713006120130807,4.4768718377375105,4.251160587489991
2022-10-31 00:00:00+00:00,37.0,23.875748917071025,18.128007178991798,0.000713006120130807,6.967703869590986,17.48123632720508,0.000713006120130807,6.393799583745813,13.124251082928975
2022-11-01 00:00:00+00:00,22.0,23.172553433129508,18.070999760521605,0.000713006120130807,4.992559203014679,18.128007178991798,0.000713006120130807,5.043833248017582,-1.172553433129508
2022-11-02 00:00:00+00:00,25.0,22.89103784691725,18.175529093882325,0.000713006120130807,4.911546907691923,18.070999760521605,0.000713006120130807,4.819325080275517,2.10896215308275
2022-11-03 00:00:00+00:00,18.0,20.588589944427504,18.04881548859098,0.000713006120130807,2.29915259587216,18.175529093882325,0.000713006120130807,2.4123478444250486,-2.588589944427504
2022-11-04 00:00:00+00:00,0.0,4.977714139855857,17.804494225462605,0.000713006120130807,-13.289482506776789,18.04881548859098,0.000713006120130807,-13.07181435485525,-4.977714139855857
2022-11-05 00:00:00+00:00,6.0,4.376786247435545,17.88511197993079,0.000713006120130807,-13.357440223145803,17.804494225462605,0.000713006120130807,-13.42842098414719,1.623213752564455
2022-11-06 00:00:00+00:00,23.0,22.548593852545373,17.90804602413549,0.000713006120130807,4.682508196460339,17.88511197993079,0.000713006120130807,4.662768866494453,0.4514061474546267
2022-11-07 00:00:00+00:00,26.0,24.876462899846608,17.96406656390954,0.000713006120130807,7.016834502113157,17.90804602413549,0.000713006120130807,6.967703869590986,1.123537100153392
2022-11-08 00:00:00+00:00,18.0,22.95733877304435,17.720748303962356,0.000713006120130807,4.775782036054104,17.96406656390954,0.000713006120130807,4.992559203014679,-4.957338773044349
2022-11-09 00:00:00+00:00,20.0,22.63300821777441,17.591848153030774,0.000713006120130807,4.7964093130742915,17.720748303962356,0.000713006120130807,4.911546907691923,-2.6330082177744103
2022-11-10 00:00:00+00:00,22.0,19.891713755023062,17.69634421396079,0.000713006120130807,2.3913448668166337,17.591848153030774,0.000713006120130807,2.29915259587216,2.108286244976938
2022-11-11 00:00:00+00:00,4.0,4.407574713304129,17.67699383973551,0.000713006120130807,-13.307305152296854,17.69634421396079,0.000713006120130807,-13.289482506776789,-0.407574713304129
2022-11-12 00:00:00+00:00,6.0,4.320266622709836,17.760393844158948,0.000713006120130807,-13.283987941700357,17.67699383973551,0.000713006120130807,-13.357440223145803,1.6797333772901641
2022-11-13 00:00:00+00:00,42.0,22.443615046739417,18.72379461448713,0.000713006120130807,5.537680279758332,17.760393844158948,0.000713006120130807,4.682508196460339,19.556384953260583
2022-11-14 00:00:00+00:00,22.0,25.741342122720415,18.54033532639914,0.000713006120130807,6.85323108844217,18.72379461448713,0.000713006120130807,7.016834502113157,-3.7413421227204147
2022-11-15 00:00:00+00:00,40.0,23.316830368573374,19.36229844141038,0.000713006120130807,5.5053126197391125,18.54033532639914,0.000713006120130807,4.775782036054104,16.683169631426626
2022-11-16 00:00:00+00:00,21.0,24.159420760604803,19.207484967790602,0.000713006120130807,4.65825246863097,19.36229844141038,0.000713006120130807,4.7964093130742915,-3.159420760604803
2022-11-17 00:00:00+00:00,25.0,21.599542840727366,19.375589774991003,0.000713006120130807,2.5400418800944333,19.207484967790602,0.000713006120130807,2.3913448668166337,3.4004571592726336
2022-11-18 00:00:00+00:00,4.0,6.068997628814278,19.274453758083855,0.000713006120130807,-13.397779389575392,19.375589774991003,0.000713006120130807,-13.307305152296854,-2.0689976288142784
2022-11-19 00:00:00+00:00,1.0,5.9911788225036275,19.029469678935804,0.000713006120130807,-13.502244884481675,19.274453758083855,0.000713006120130807,-13.283987941700357,-4.9911788225036275
2022-11-20 00:00:00+00:00,27.0,24.567862964814267,19.1499077042886,0.000713006120130807,5.644034071638422,19.029469678935804,0.000713006120130807,5.537680279758332,2.4321370351857325
2022-11-21 00:00:00+00:00,18.0,26.003851798850903,18.756620990537005,0.000713006120130807,6.5032343669831505,19.1499077042886,0.000713006120130807,6.85323108844217,-8.003851798850903
2022-11-22 00:00:00+00:00,23.0,24.262646616396246,18.695178621262937,0.000713006120130807,5.450098931729115,18.756620990537005,0.000713006120130807,5.5053126197391125,-1.2626466163962462
2022-11-23 00:00:00+00:00,14.0,23.354144096014036,18.235422062716907,0.000713006120130807,4.249209441856013,18.695178621262937,0.000713006120130807,4.65825246863097,-9.354144096014036
2022-11-24 00:00:00+00:00,26.0,20.77617694893147,18.493284360266443,0.000713006120130807,2.768472014397836,18.235422062716907,0.000713006120130807,2.5400418800944333,5.223823051068528
2022-11-25 00:00:00+00:00,1.0,5.096217976811181,18.29235585977736,0.000713006120130807,-13.576901004804606,18.493284360266443,0.000713006120130807,-13.397779389575392,-4.096217976811181
2022-11-26 00:00:00+00:00,2.0,4.790823981415814,18.155687028436805,0.000713006120130807,-13.624283531399772,18.29235585977736,0.000713006120130807,-13.502244884481675,-2.790823981415814
2022-11-27 00:00:00+00:00,22.0,23.800434106195357,18.067771390334624,0.000713006120130807,5.565303724024808,18.155687028436805,0.000713006120130807,5.644034071638422,-1.8004341061953575
2022-11-28 00:00:00+00:00,21.0,24.571718763437904,17.892662026473193,0.000713006120130807,6.347048334483597,18.067771390334624,0.000713006120130807,6.5032343669831505,-3.5717187634379037
2022-11-29 00:00:00+00:00,34.0,23.34347396432244,18.417955994158046,0.000713006120130807,5.916093214027708,17.892662026473193,0.000713006120130807,5.450098931729115,10.656526035677562
2022-11-30 00:00:00+00:00,19.0,22.66787844213419,18.238113048588527,0.000713006120130807,4.08881848738563,18.417955994158046,0.000713006120130807,4.249209441856013,-3.667878442134189
2022-12-01 00:00:00+00:00,24.0,21.007298069106493,18.386145589360822,0.000713006120130807,2.8993384884956175,18.238113048588527,0.000713006120130807,2.768472014397836,2.9927019308935066
2022-12-02 00:00:00+00:00,3.0,4.809957590676346,18.297761145699514,0.000713006120130807,-13.656047800452114,18.386145589360822,0.000713006120130807,-13.576901004804606,-1.8099575906763459
2022-12-03 00:00:00+00:00,0.0,4.674190620419871,18.068381211401018,0.000713006120130807,-13.8286790441773,18.297761145699514,0.000713006120130807,-13.624283531399772,-4.674190620419871
2022-12-04 00:00:00+00:00,43.0,23.634397941545956,19.02239045262556,0.000713006120130807,6.412133150640635,18.068381211401018,0.000713006120130807,5.565303724024808,19.365602058454044
2022-12-05 00:00:00+00:00,32.0,25.37015179322929,19.34946611536494,0.000713006120130807,6.636961890413487,19.02239045262556,0.000713006120130807,6.347048334483597,6.62984820677071
2022-12-06 00:00:00+00:00,20.0,25.266272335512777,19.090940210382524,0.000713006120130807,5.685806834661659,19.34946611536494,0.000713006120130807,5.916093214027708,-5.266272335512777
2022-12-07 00:00:00+00:00,32.0,23.180471703888283,19.525805642784167,0.000713006120130807,4.4744835479127785,19.090940210382524,0.000713006120130807,4.08881848738563,8.819528296111717
2022-12-08 00:00:00+00:00,29.0,22.425857137399916,19.85013913955769,0.000713006120130807,3.186816131278007,19.525805642784167,0.000713006120130807,2.8993384884956175,6.574142862600084
2022-12-09 00:00:00+00:00,4.0,6.194804345225705,19.74281012804372,0.000713006120130807,-13.752023381257258,19.85013913955769,0.000713006120130807,-13.656047800452114,-2.1948043452257053
2022-12-10 00:00:00+00:00,7.0,5.914844089986548,19.796941305227914,0.000713006120130807,-13.781226764909572,19.74281012804372,0.000713006120130807,-13.8286790441773,1.0851559100134516
2022-12-11 00:00:00+00:00,28.0,26.20978746198868,19.88577978595873,0.000713006120130807,6.49041652404202,19.796941305227914,0.000713006120130807,6.412133150640635,1.7902125380113212
2022-12-12 00:00:00+00:00,41.0,26.523454682492346,20.59911903043915,0.000713006120130807,7.2700000233669275,19.88577978595873,0.000713006120130807,6.636961890413487,14.476545317507654
2022-12-13 00:00:00+00:00,17.0,26.28563887122094,20.1427347281588,0.000713006120130807,5.2797594410746935,20.59911903043915,0.000713006120130807,5.685806834661659,-9.28563887122094
2022-12-14 00:00:00+00:00,31.0,24.61793128219171,20.457613132416313,0.000713006120130807,4.753562069541547,20.1427347281588,0.000713006120130807,4.4744835479127785,6.382068717808291
2022-12-15 00:00:00+00:00,20.0,23.64514226981445,20.278889403662657,0.000713006120130807,3.0274193963372245,20.457613132416313,0.000713006120130807,3.186816131278007,-3.6451422698144498
2022-12-16 00:00:00+00:00,4.0,6.527579028525528,20.1551791378107,0.000713006120130807,-13.862550711778235,20.278889403662657,0.000713006120130807,-13.752023381257258,-2.527579028525528
2022-12-17 00:00:00+00:00,5.0,6.3746653790212555,20.08822250337983,0.000713006120130807,-13.841338869412773,20.1551791378107,0.000713006120130807,-13.781226764909572,-1.3746653790212555
2022-12-18 00:00:00+00:00,24.0,26.57935203354198,19.96196364592647,0.000713006120130807,6.377625235807779,20.08822250337983,0.000713006120130807,6.49041652404202,-2.57935203354198
2022-12-19 00:00:00+00:00,19.0,27.23267667541353,19.55741273844276,0.000713006120130807,6.9099971250573216,19.96196364592647,0.000713006120130807,7.2700000233669275,-8.23267667541353
2022-12-20 00:00:00+00:00,22.0,24.83788518563758,19.418427259849587,0.000713006120130807,5.155662876593968,19.55741273844276,0.000713006120130807,5.2797594410746935,-2.8378851856375817
2022-12-21 00:00:00+00:00,21.0,24.172702335511264,19.26295998392011,0.000713006120130807,4.614824441271901,19.418427259849587,0.000713006120130807,4.753562069541547,-3.1727023355112642
2022-12-22 00:00:00+00:00,15.0,22.291092386377464,18.90475975301553,0.000713006120130807,2.708590600500038,19.26295998392011,0.000713006120130807,3.0274193963372245,-7.291092386377464
2022-12-23 00:00:00+00:00,4.0,5.042922047357424,18.854133603334965,0.000713006120130807,-13.908156166062737,18.90475975301553,0.000713006120130807,-13.862550711778235,-1.0429220473574237
2022-12-24 00:00:00+00:00,3.0,5.013507740042321,18.755729146329386,0.000713006120130807,-13.929386615092966,18.854133603334965,0.000713006120130807,-13.841338869412773,-2.0135077400423214
2022-12-25 00:00:00+00:00,1.0,25.134067388257293,17.568412185214996,0.000713006120130807,5.3222778013920395,18.755729146329386,0.000713006120130807,6.377625235807779,-24.134067388257293
2022-12-26 00:00:00+00:00,32.0,24.47912231639245,17.93934990001306,0.000713006120130807,7.238874095534818,17.568412185214996,0.000713006120130807,6.9099971250573216,7.5208776836075515
2022-12-27 00:00:00+00:00,26.0,23.095725782727158,18.083029474829587,0.000713006120130807,5.2826625362340165,17.93934990001306,0.000713006120130807,5.155662876593968,2.9042742172728424
2022-12-28 00:00:00+00:00,23.0,22.698566922221616,18.098580905147152,0.000713006120130807,4.62800566846265,18.083029474829587,0.000713006120130807,4.614824441271901,0.301433077778384
2022-12-29 00:00:00+00:00,28.0,20.80788451176732,18.453334885396217,0.000713006120130807,3.0230912814843447,18.098580905147152,0.000713006120130807,2.708590600500038,7.19211548823268
2022-12-30 00:00:00+00:00,3.0,4.545891725453609,18.377949417670518,0.000713006120130807,-13.975755748018647,18.453334885396217,0.000713006120130807,-13.908156166062737,-1.5458917254536093
2022-12-31 00:00:00+00:00,4.0,4.449275808697681,18.35654625432366,0.000713006120130807,-13.949032788463844,18.377949417670518,0.000713006120130807,-13.929386615092966,-0.44927580869768136
2023-01-01 00:00:00+00:00,14.0,23.67953706183583,17.880771815811336,0.000713006120130807,4.899005816599669,18.35654625432366,0.000713006120130807,5.3222778013920395,-9.67953706183583
2023-01-02 00:00:00+00:00,25.0,25.120358917466284,17.875560002112515,0.000713006120130807,7.233610976280461,17.880771815811336,0.000713006120130807,7.238874095534818,-0.1203589174662838
2023-01-03 00:00:00+00:00,31.0,23.15893554446666,18.26225931540288,0.000713006120130807,5.625540805491767,17.875560002112515,0.000713006120130807,5.2826625362340165,7.841064455533338
2023-01-04 00:00:00+00:00,25.0,22.890977989985657,18.3667915952967,0.000713006120130807,4.7202301133350435,18.26225931540288,0.000713006120130807,4.62800566846265,2.1090220100143426
2023-01-05 00:00:00+00:00,26.0,21.390595882901174,18.594408344333864,0.000713006120130807,3.224653775319614,18.3667915952967,0.000713006120130807,3.0230912814843447,4.609404117098826
2023-01-06 00:00:00+00:00,6.0,4.619365602435346,18.663084823486297,0.000713006120130807,-13.915382627073235,18.594408344333864,0.000713006120130807,-13.975755748018647,1.3806343975646538
2023-01-07 00:00:00+00:00,2.0,4.7147650411425825,18.530160089602134,0.000713006120130807,-14.067745489274706,18.663084823486297,0.000713006120130807,-13.949032788463844,-2.7147650411425825
2023-01-08 00:00:00+00:00,33.0,23.429878912321932,19.001974400749553,0.000713006120130807,5.317493201028006,18.530160089602134,0.000713006120130807,4.899005816599669,9.570121087678068
2023-01-09 00:00:00+00:00,26.0,26.236298383150142,18.991055320330965,0.000713006120130807,7.223277993928077,19.001974400749553,0.000713006120130807,7.233610976280461,-0.2362983831501424
2023-01-10 00:00:00+00:00,21.0,24.61730913194286,18.81370171296388,0.000713006120130807,5.467361172922166,18.991055320330965,0.000713006120130807,5.625540805491767,-3.6173091319428607
2023-01-11 00:00:00+00:00,19.0,23.534644832419055,18.5911910964343,0.000713006120130807,4.521936733570614,18.81370171296388,0.000713006120130807,4.7202301133350435,-4.534644832419055
2023-01-12 00:00:00+00:00,37.0,21.816557877874043,19.339328229481055,0.000713006120130807,3.8886034706362875,18.5911910964343,0.000713006120130807,3.224653775319614,15.183442122125957
2023-01-13 00:00:00+00:00,0.0,5.424658608527949,19.073005560044745,0.000713006120130807,-14.152595006279434,19.339328229481055,0.000713006120130807,-13.915382627073235,-5.424658608527949
2023-01-14 00:00:00+00:00,2.0,5.005973076890168,18.92574574257927,0.000713006120130807,-14.199192291157855,19.073005560044745,0.000713006120130807,-14.067745489274706,-3.005973076890168
2023-01-15 00:00:00+00:00,27.0,24.243951949727403,19.06212869700058,0.000713006120130807,5.438011147389458,18.92574574257927,0.000713006120130807,5.317493201028006,2.7560480502725966
2023-01-16 00:00:00+00:00,31.0,26.28611969704879,19.294888418320795,0.000713006120130807,7.429409078416678,19.06212869700058,0.000713006120130807,7.223277993928077,4.71388030295121
2023-01-17 00:00:00+00:00,13.0,24.762962597363092,18.716554724839607,0.000713006120130807,4.952984039613273,19.294888418320795,0.000713006120130807,5.467361172922166,-11.762962597363092
2023-01-18 00:00:00+00:00,25.0,23.239204464530353,18.803945116443817,0.000713006120130807,4.598933744517585,18.716554724839607,0.000713006120130807,4.521936733570614,1.7607955354696472
2023-01-19 00:00:00+00:00,17.0,22.693261593200234,18.524400125633093,0.000713006120130807,3.639645476147345,18.803945116443817,0.000713006120130807,3.8886034706362875,-5.6932615932002335
2023-01-20 00:00:00+00:00,3.0,4.372518125473789,18.457549192471742,0.000713006120130807,-14.212613214528602,18.524400125633093,0.000713006120130807,-14.152595006279434,-1.372518125473789
2023-01-21 00:00:00+00:00,5.0,4.259069907434016,18.494735418767867,0.000713006120130807,-14.166792502937682,18.457549192471742,0.000713006120130807,-14.199192291157855,0.7409300925659839
2023-01-22 00:00:00+00:00,23.0,23.933459572277457,18.449497697759128,0.000713006120130807,5.397192326886241,18.494735418767867,0.000713006120130807,5.438011147389458,-0.9334595722774566
2023-01-23 00:00:00+00:00,35.0,25.879619782295936,18.899172946210502,0.000713006120130807,7.828229953025377,18.449497697759128,0.000713006120130807,7.429409078416678,9.120380217704064
2023-01-24 00:00:00+00:00,20.0,23.852869991943905,18.710223557813777,0.000713006120130807,4.7845036754988595,18.899172946210502,0.000713006120130807,4.952984039613273,-3.852869991943905
2023-01-25 00:00:00+00:00,30.0,23.30987030845149,19.040266652823618,0.000713006120130807,4.89148332152422,18.710223557813777,0.000713006120130807,4.598933744517585,6.69012969154851
2023-01-26 00:00:00+00:00,25.0,22.68062513509109,19.155153817838446,0.000713006120130807,3.7410683434059715,19.040266652823618,0.000713006120130807,3.639645476147345,2.3193748649089088
2023-01-27 00:00:00+00:00,3.0,4.9432536094299735,19.060207709197726,0.000713006120130807,-14.29758884992974,19.155153817838446,0.000713006120130807,-14.212613214528602,-1.9432536094299735
2023-01-28 00:00:00+00:00,6.0,4.894128212380174,19.11535865163732,0.000713006120130807,-14.11843434867044,19.060207709197726,0.000713006120130807,-14.166792502937682,1.1058717876198259
2023-01-29 00:00:00+00:00,27.0,24.51326398464369,19.238484380789874,0.000713006120130807,5.505933652235835,19.11535865163732,0.000713006120130807,5.397192326886241,2.4867360153563105
2023-01-30 00:00:00+00:00,30.0,27.06742733993538,19.38355698221571,0.000713006120130807,7.9564670621395575,19.238484380789874,0.000713006120130807,7.828229953025377,2.9325726600646185
2023-01-31 00:00:00+00:00,29.0,24.1687736638347,19.62209321031995,0.000713006120130807,4.995766130224356,19.38355698221571,0.000713006120130807,4.7845036754988595,4.831226336165301
2023-02-01 00:00:00+00:00,20.0,24.5142895379643,19.40058460888443,0.000713006120130807,4.694080048985978,19.62209321031995,0.000713006120130807,4.89148332152422,-4.514289537964299
2023-02-02 00:00:00+00:00,21.0,23.14236595841053,19.29583694323179,0.000713006120130807,3.647385816486027,19.40058460888443,0.000713006120130807,3.7410683434059715,-2.1423659584105295
2023-02-03 00:00:00+00:00,2.0,4.99896109942218,19.148922299218743,0.000713006120130807,-14.428729028303806,19.29583694323179,0.000713006120130807,-14.29758884992974,-2.9989610994221803
2023-02-04 00:00:00+00:00,4.0,5.031200956668432,19.098873135040172,0.000713006120130807,-14.163527256818886,19.148922299218743,0.000713006120130807,-14.11843434867044,-1.0312009566684317
2023-02-05 00:00:00+00:00,20.0,24.605519793396137,18.872873608986446,0.000713006120130807,5.304541014189402,19.098873135040172,0.000713006120130807,5.505933652235835,-4.605519793396137
2023-02-06 00:00:00+00:00,23.0,26.830053677246134,18.68504738251542,0.000713006120130807,7.7889844220636055,18.872873608986446,0.000713006120130807,7.9564670621395575,-3.830053677246134
2023-02-07 00:00:00+00:00,32.0,23.681526518859908,19.0952477584292,0.000713006120130807,5.359520797241157,18.68504738251542,0.000713006120130807,4.995766130224356,8.318473481140092
2023-02-08 00:00:00+00:00,30.0,23.790040813535306,19.40165385349848,0.000713006120130807,4.965632472778859,19.0952477584292,0.000713006120130807,4.694080048985978,6.209959186464694
2023-02-09 00:00:00+00:00,23.0,23.04975267610464,19.399917721261136,0.000713006120130807,3.6452102047982975,19.40165385349848,0.000713006120130807,3.647385816486027,-0.04975267610463874
2023-02-10 00:00:00+00:00,3.0,4.97190169907746,19.303561374202758,0.000713006120130807,-14.51495740272419,19.399917721261136,0.000713006120130807,-14.428729028303806,-1.9719016990774598
2023-02-11 00:00:00+00:00,2.0,5.140747123504001,19.149667133968556,0.000713006120130807,-14.300867530450148,19.303561374202758,0.000713006120130807,-14.163527256818886,-3.140747123504001
2023-02-12 00:00:00+00:00,33.0,24.45492115427809,19.571022445332222,0.000713006120130807,5.678204802047253,19.149667133968556,0.000713006120130807,5.304541014189402,8.54507884572191
2023-02-13 00:00:00+00:00,22.0,27.360719873515958,19.307847240931096,0.000713006120130807,7.554567990132649,19.571022445332222,0.000713006120130807,7.7889844220636055,-5.360719873515958
2023-02-14 00:00:00+00:00,24.0,24.668081044292382,19.275673113341355,0.000713006120130807,5.330306591250384,19.307847240931096,0.000713006120130807,5.359520797241157,-0.6680810442923821
2023-02-15 00:00:00+00:00,16.0,24.242018592240342,18.87066233819576,0.000713006120130807,4.60522106612306,19.275673113341355,0.000713006120130807,4.965632472778859,-8.242018592240342
2023-02-16 00:00:00+00:00,64.0,22.516585549114186,20.913448846391276,0.000713006120130807,5.459219186676276,18.87066233819576,0.000713006120130807,3.6452102047982975,41.48341445088582
2023-02-17 00:00:00+00:00,4.0,6.399204449787215,20.796057981414382,0.000713006120130807,-14.619871100858377,20.913448846391276,0.000713006120130807,-14.51495740272419,-2.3992044497872147
2023-02-18 00:00:00+00:00,2.0,6.4959034570843635,20.57545445804606,0.000713006120130807,-14.497466806588884,20.796057981414382,0.000713006120130807,-14.300867530450148,-4.4959034570843635
2023-02-19 00:00:00+00:00,31.0,26.254372266213444,20.809776986770775,0.000713006120130807,5.885724155207783,20.57545445804606,0.000713006120130807,5.678204802047253,4.745627733786556
2023-02-20 00:00:00+00:00,27.0,28.365057983023554,20.743293288549484,0.000713006120130807,7.494876002991121,20.809776986770775,0.000713006120130807,7.554567990132649,-1.3650579830235543
2023-02-21 00:00:00+00:00,26.0,26.074312885919998,20.740348148945383,0.000713006120130807,5.327056997543778,20.743293288549484,0.000713006120130807,5.330306591250384,-0.07431288591999774
2023-02-22 00:00:00+00:00,25.0,25.346282221188574,20.724014975104456,0.000713006120130807,4.590078651550499,20.740348148945383,0.000713006120130807,4.60522106612306,-0.34628222118857366
2023-02-23 00:00:00+00:00,23.0,26.18394716790086,20.567994158089654,0.000713006120130807,5.31998983834876,20.724014975104456,0.000713006120130807,5.459219186676276,-3.183947167900861
2023-02-24 00:00:00+00:00,3.0,5.948836063351406,20.42354698232399,0.000713006120130807,-14.748819384788534,20.567994158089654,0.000713006120130807,-14.619871100858377,-2.948836063351406
2023-02-25 00:00:00+00:00,6.0,5.926793181855237,20.427863686584296,0.000713006120130807,-14.494265579606795,20.42354698232399,0.000713006120130807,-14.497466806588884,0.07320681814476337
2023-02-26 00:00:00+00:00,23.0,26.314300847912207,20.265426044933122,0.000713006120130807,5.7407946312922284,20.427863686584296,0.000713006120130807,5.885724155207783,-3.3143008479122074
2023-02-27 00:00:00+00:00,20.0,27.76101505404437,19.8840932768358,0.000713006120130807,7.1554981768675034,20.265426044933122,0.000713006120130807,7.494876002991121,-7.761015054044371
2023-02-28 00:00:00+00:00,21.0,25.211863280499706,19.677471990122925,0.000713006120130807,5.142878382489941,19.8840932768358,0.000713006120130807,5.327056997543778,-4.211863280499706
2023-03-01 00:00:00+00:00,28.0,24.268263647793553,19.861884434258084,0.000713006120130807,4.753262018939837,19.677471990122925,0.000713006120130807,4.590078651550499,3.731736352206447
2023-03-02 00:00:00+00:00,24.0,25.182587278726974,19.80438308705783,0.000713006120130807,5.268277027967512,19.861884434258084,0.000713006120130807,5.31998983834876,-1.1825872787269738
2023-03-03 00:00:00+00:00,8.0,5.056276708389424,19.95000459241341,0.000713006120130807,-14.620094674881466,19.80438308705783,0.000713006120130807,-14.748819384788534,2.943723291610576
2023-03-04 00:00:00+00:00,2.0,5.456452018926745,19.78056937972185,0.000713006120130807,-14.645411166120336,19.95000459241341,0.000713006120130807,-14.494265579606795,-3.456452018926745
2023-03-05 00:00:00+00:00,88.0,25.522077017134208,22.85683710275349,0.000713006120130807,8.472862735140875,19.78056937972185,0.000713006120130807,5.7407946312922284,62.47792298286579
2023-03-06 00:00:00+00:00,27.0,30.013048285741124,22.709228999190852,0.000713006120130807,7.023741986459466,22.85683710275349,0.000713006120130807,7.1554981768675034,-3.0130482857411245
2023-03-07 00:00:00+00:00,16.0,27.85282038780092,22.12647194241527,0.000713006120130807,4.624571899557743,22.709228999190852,0.000713006120130807,5.142878382489941,-11.852820387800922
2023-03-08 00:00:00+00:00,15.0,26.880446967475237,21.542354932341425,0.000713006120130807,4.233747466124021,22.12647194241527,0.000713006120130807,4.753262018939837,-11.880446967475237
2023-03-09 00:00:00+00:00,18.0,26.81134496642907,21.10931834692556,0.000713006120130807,4.882969812466925,21.542354932341425,0.000713006120130807,5.268277027967512,-8.811344966429068
2023-03-10 00:00:00+00:00,4.0,6.489936678164222,20.98746107334162,0.000713006120130807,-14.728975960529853,21.10931834692556,0.000713006120130807,-14.620094674881466,-2.489936678164222
2023-03-11 00:00:00+00:00,0.0,6.342762913341414,20.675943559222972,0.000713006120130807,-14.922770902463789,20.98746107334162,0.000713006120130807,-14.645411166120336,-6.342762913341414
2023-03-12 00:00:00+00:00,27.0,29.149519300483977,20.570843761266552,0.000713006120130807,8.37886740304461,20.675943559222972,0.000713006120130807,8.472862735140875,-2.149519300483977
2023-03-13 00:00:00+00:00,25.0,27.595298753846148,20.443799906353142,0.000713006120130807,6.910253371492453,20.570843761266552,0.000713006120130807,7.023741986459466,-2.595298753846148
2023-03-14 00:00:00+00:00,18.0,25.069084812031015,20.09652827886354,0.000713006120130807,4.315451169925816,20.443799906353142,0.000713006120130807,4.624571899557743,-7.069084812031015
